# model_80BA7474
o model_80BA7474
v 0.224380 0.032577 1.674070
v 0.139752 0.031437 1.676141
v 0.139752 0.032133 1.673988
v 0.224380 0.032040 1.675725
v 0.139752 0.033267 1.677467
v 0.224380 0.033448 1.676744
v 0.139752 0.035098 1.676141
v 0.224380 0.034856 1.675725
v 0.139752 0.034396 1.673988
v 0.232490 0.032632 1.675500
v 0.232490 0.033421 1.676075
v 0.232490 0.034215 1.675500
v 0.224380 0.034319 1.674070
v 0.139752 0.032133 1.673988
v 0.224380 0.032577 1.674070
v 0.232490 0.032933 1.674574
v 0.239597 0.033432 1.675226
v 0.232490 0.033914 1.674574
v 0.232490 0.032933 1.674574
v 0.207870 -0.032440 1.677237
v 0.207870 -0.034522 1.675725
v 0.207870 -0.030358 1.675725
v 0.207870 -0.031152 1.673275
v 0.207870 -0.033728 1.673275
v 0.141494 -0.033870 1.673620
v 0.141494 -0.031366 1.673620
v 0.207870 -0.033728 1.673275
v 0.207870 -0.031152 1.673275
v 0.141494 -0.030593 1.675999
v 0.207870 -0.030358 1.675725
v 0.207870 -0.032440 1.677237
v 0.141494 -0.032621 1.677467
v 0.141494 -0.034643 1.675999
v 0.207870 -0.034522 1.675725
v 0.141494 -0.033870 1.673620
v 0.207870 -0.033728 1.673275
v 0.144278 0.016160 1.612522
v 0.159155 0.000000 1.625015
v 0.144223 0.000000 1.612259
v 0.158772 0.016488 1.625076
v 0.156092 0.014773 1.629476
v 0.156262 0.000000 1.629553
v 0.124321 0.051049 1.653872
v 0.123674 0.049909 1.655609
v 0.100911 0.056584 1.644978
v 0.105679 0.057789 1.650534
v 0.105547 0.056984 1.651959
v 0.123674 0.049909 1.655609
v 0.077672 0.077806 1.661845
v 0.082472 0.079812 1.668382
v 0.082571 0.079368 1.669456
v 0.078127 0.077286 1.663817
v 0.082571 0.079368 1.669456
v 0.156262 0.000000 1.629553
v 0.156092 0.014773 1.629476
v 0.143598 0.000000 1.615130
v 0.142568 0.015502 1.616171
v 0.121871 0.000000 1.635887
v 0.120869 0.013666 1.635454
v 0.118951 0.025431 1.634243
v 0.114578 0.022544 1.638150
v 0.123674 0.049909 1.655609
v 0.100506 0.055773 1.646890
v 0.099004 0.048726 1.650715
v 0.096089 0.044758 1.651729
v 0.098221 0.045493 1.654332
v 0.105832 0.047065 1.665658
v 0.105114 0.046172 1.665604
v 0.090708 0.058545 1.674388
v 0.105547 0.056984 1.651959
v 0.078127 0.077286 1.663817
v 0.084374 0.062261 1.659735
v 0.091399 0.059427 1.674344
v 0.082571 0.079368 1.669456
v 0.072718 0.067099 1.668415
v 0.082204 0.058036 1.661302
v 0.084691 0.057608 1.664552
v 0.105114 0.046172 1.665604
v 0.090708 0.058545 1.674388
v 0.098221 0.045493 1.654332
v 0.091229 0.038862 1.653022
v 0.076943 0.051542 1.663247
v 0.084691 0.057608 1.664552
v 0.082204 0.058036 1.661302
v 0.076943 0.051542 1.663247
v 0.084374 0.062261 1.659735
v 0.091399 0.059427 1.674344
v 0.090708 0.058545 1.674388
v 0.078127 0.077286 1.663817
v 0.072198 0.066929 1.667017
v 0.072718 0.067099 1.668415
v 0.077672 0.077806 1.661845
v 0.081475 0.058052 1.659987
v 0.082204 0.058036 1.661302
v 0.072718 0.067099 1.668415
v 0.100911 0.056584 1.644978
v 0.095196 0.044654 1.649948
v 0.091229 0.038862 1.653022
v 0.076943 0.051542 1.663247
v 0.118052 0.025464 1.633010
v 0.118951 0.025431 1.634243
v 0.096089 0.044758 1.651729
v 0.098221 0.045493 1.654332
v 0.144278 0.016160 1.612522
v 0.118781 0.014077 1.633010
v 0.113049 0.022379 1.636605
v 0.114578 0.022544 1.638150
v 0.144223 0.000000 1.612259
v 0.119159 0.000000 1.632731
v 0.120869 0.013666 1.635454
v 0.114578 0.022544 1.638150
v 0.121871 0.000000 1.635887
v 0.159155 0.000000 1.625015
v 0.144278 -0.016160 1.612522
v 0.144223 0.000000 1.612259
v 0.158772 -0.016488 1.625076
v 0.124321 -0.051049 1.653872
v 0.100911 -0.056584 1.644978
v 0.105679 -0.057789 1.650534
v 0.077672 -0.077806 1.661845
v 0.082472 -0.079812 1.668382
v 0.078127 -0.077286 1.663817
v 0.156092 -0.014773 1.629476
v 0.123674 -0.049909 1.655609
v 0.156262 0.000000 1.629553
v 0.082571 -0.079368 1.669456
v 0.105547 -0.056984 1.651959
v 0.123674 -0.049909 1.655609
v 0.082571 -0.079368 1.669456
v 0.156262 0.000000 1.629553
v 0.143598 0.000000 1.615130
v 0.156092 -0.014773 1.629476
v 0.142568 -0.015502 1.616171
v 0.123674 -0.049909 1.655609
v 0.100506 -0.055773 1.646890
v 0.105547 -0.056984 1.651959
v 0.078127 -0.077286 1.663817
v 0.082571 -0.079368 1.669456
v 0.121871 0.000000 1.635887
v 0.120869 -0.013666 1.635454
v 0.118951 -0.025431 1.634243
v 0.099004 -0.048726 1.650715
v 0.084374 -0.062261 1.659735
v 0.072718 -0.067099 1.668415
v 0.082204 -0.058036 1.661302
v 0.114578 -0.022544 1.638150
v 0.096089 -0.044758 1.651729
v 0.098221 -0.045493 1.654332
v 0.105832 -0.047065 1.665658
v 0.091399 -0.059427 1.674344
v 0.090708 -0.058545 1.674388
v 0.105114 -0.046172 1.665604
v 0.090708 -0.058545 1.674388
v 0.105114 -0.046172 1.665604
v 0.084691 -0.057608 1.664552
v 0.098221 -0.045493 1.654332
v 0.091229 -0.038862 1.653022
v 0.076943 -0.051542 1.663247
v 0.084691 -0.057608 1.664552
v 0.076943 -0.051542 1.663247
v 0.082204 -0.058036 1.661302
v 0.084374 -0.062261 1.659735
v 0.091399 -0.059427 1.674344
v 0.090708 -0.058545 1.674388
v 0.072198 -0.066929 1.667017
v 0.078127 -0.077286 1.663817
v 0.072718 -0.067099 1.668415
v 0.077672 -0.077806 1.661845
v 0.081475 -0.058052 1.659987
v 0.100911 -0.056584 1.644978
v 0.095196 -0.044654 1.649948
v 0.118052 -0.025464 1.633010
v 0.144278 -0.016160 1.612522
v 0.118781 -0.014077 1.633010
v 0.144223 0.000000 1.612259
v 0.082204 -0.058036 1.661302
v 0.076943 -0.051542 1.663247
v 0.091229 -0.038862 1.653022
v 0.096089 -0.044758 1.651729
v 0.118951 -0.025431 1.634243
v 0.072718 -0.067099 1.668415
v 0.098221 -0.045493 1.654332
v 0.114578 -0.022544 1.638150
v 0.113049 -0.022379 1.636605
v 0.114578 -0.022544 1.638150
v 0.120869 -0.013666 1.635454
v 0.119159 0.000000 1.632731
v 0.121871 0.000000 1.635887
v 0.140316 0.015371 1.633657
v 0.149599 0.021283 1.633547
v 0.145741 0.022850 1.629492
v 0.146782 0.013650 1.639126
v 0.148842 0.013124 1.637372
v 0.150596 0.020385 1.632769
v 0.145741 0.022850 1.629492
v 0.148294 0.017941 1.622067
v 0.140332 0.000000 1.634145
v 0.145851 0.000000 1.639148
v 0.147911 0.000000 1.637367
v 0.145434 0.000000 1.621793
v 0.146064 0.013946 1.621908
v 0.148294 0.017941 1.622067
v 0.146782 -0.013650 1.639126
v 0.148842 -0.013124 1.637372
v 0.146064 -0.013946 1.621908
v 0.150596 -0.020385 1.632769
v 0.148294 -0.017941 1.622067
v 0.140316 -0.015371 1.633657
v 0.149599 -0.021283 1.633547
v 0.145741 -0.022850 1.629492
v 0.148294 -0.017941 1.622067
v 0.145741 -0.022850 1.629492
v 0.146064 0.013946 1.621908
v 0.145741 0.022850 1.629492
v 0.148294 0.017941 1.622067
v 0.140316 0.015371 1.633657
v 0.140332 0.000000 1.634145
v 0.145434 0.000000 1.621793
v 0.146064 -0.013946 1.621908
v 0.140316 -0.015371 1.633657
v 0.145741 -0.022850 1.629492
v 0.148294 -0.017941 1.622067
v 0.177764 -0.015261 1.701983
v 0.172981 -0.015217 1.701107
v 0.174433 -0.021015 1.705830
v 0.171019 -0.020428 1.704932
v 0.169424 -0.026199 1.714094
v 0.166465 -0.025563 1.712504
v 0.166372 -0.028111 1.712422
v 0.169117 -0.028456 1.713858
v 0.165435 -0.032445 1.720368
v 0.166169 -0.015310 1.707260
v 0.163418 -0.020817 1.712236
v 0.134551 -0.046731 1.710910
v 0.135483 -0.051038 1.711091
v 0.161479 -0.033108 1.716801
v 0.162635 -0.030319 1.720877
v 0.165008 -0.030791 1.722105
v 0.160651 -0.034150 1.730763
v 0.144935 -0.023727 1.697561
v 0.156465 -0.015053 1.686213
v 0.158816 -0.033782 1.730544
v 0.160257 -0.028045 1.720828
v 0.154613 -0.032281 1.730905
v 0.158668 -0.028966 1.717502
v 0.140612 -0.043114 1.732484
v 0.149916 -0.040298 1.741733
v 0.141034 -0.043865 1.754786
v 0.135850 -0.047931 1.724774
v 0.116698 -0.062907 1.732040
v 0.120671 -0.055668 1.750758
v 0.128831 -0.051635 1.764677
v 0.138365 -0.050950 1.724757
v 0.118649 -0.066310 1.731694
v 0.110386 -0.065532 1.737245
v 0.130781 -0.061033 1.711721
v 0.117340 -0.070442 1.732149
v 0.111334 -0.072803 1.738363
v 0.130622 -0.056244 1.708669
v 0.135329 -0.048813 1.701797
v 0.156465 -0.015053 1.686213
v 0.166169 -0.015310 1.707260
v 0.172981 -0.015217 1.701107
v 0.158898 -0.014943 1.682081
v 0.184784 -0.015924 1.685769
v 0.163128 -0.020220 1.674092
v 0.177764 -0.015261 1.701983
v 0.128831 -0.051635 1.764677
v 0.130924 -0.061099 1.764485
v 0.141034 -0.043865 1.754786
v 0.148722 -0.052403 1.750994
v 0.149916 -0.040298 1.741733
v 0.153599 -0.050693 1.740078
v 0.158591 -0.045186 1.731196
v 0.154613 -0.032281 1.730905
v 0.158816 -0.033782 1.730544
v 0.160651 -0.034150 1.730763
v 0.148064 -0.057016 1.749268
v 0.155166 -0.055718 1.733596
v 0.162958 -0.051537 1.717535
v 0.165435 -0.032445 1.720368
v 0.165008 -0.030791 1.722105
v 0.131839 -0.076749 1.741766
v 0.145620 -0.070195 1.718806
v 0.159544 -0.055931 1.711743
v 0.171096 -0.041673 1.703288
v 0.171331 -0.038961 1.704723
v 0.169117 -0.028456 1.713858
v 0.169424 -0.026199 1.714094
v 0.116019 -0.082716 1.745449
v 0.126074 -0.080946 1.738824
v 0.140020 -0.073768 1.720735
v 0.137204 -0.062030 1.700800
v 0.120671 -0.055668 1.750758
v 0.111334 -0.072803 1.738363
v 0.110386 -0.065532 1.737245
v 0.128831 -0.051635 1.764677
v 0.111334 -0.072803 1.738363
v 0.117340 -0.070442 1.732149
v 0.130781 -0.061033 1.711721
v 0.130622 -0.056244 1.708669
v 0.135329 -0.048813 1.701797
v 0.140957 -0.055773 1.695906
v 0.149401 -0.050589 1.696811
v 0.169353 -0.040829 1.701129
v 0.144168 -0.044364 1.702953
v 0.157643 -0.033607 1.684684
v 0.174718 -0.030149 1.693320
v 0.176427 -0.028368 1.697994
v 0.174433 -0.021015 1.705830
v 0.177764 -0.015261 1.701983
v 0.134551 -0.046731 1.710910
v 0.144935 -0.023727 1.697561
v 0.152010 -0.032484 1.679418
v 0.163128 -0.020220 1.674092
v 0.178126 -0.028659 1.694367
v 0.184784 -0.015924 1.685769
v 0.158898 -0.014943 1.682081
v 0.156465 -0.015053 1.686213
v 0.177764 0.015261 1.701983
v 0.174433 0.021015 1.705830
v 0.172981 0.015217 1.701107
v 0.171019 0.020428 1.704932
v 0.166169 0.015310 1.707260
v 0.163418 0.020817 1.712236
v 0.144935 0.023727 1.697561
v 0.156465 0.015053 1.686213
v 0.169424 0.026199 1.714094
v 0.166465 0.025563 1.712504
v 0.134551 0.046731 1.710910
v 0.166372 0.028111 1.712422
v 0.135483 0.051038 1.711091
v 0.135329 0.048813 1.701797
v 0.130622 0.056244 1.708669
v 0.130781 0.061033 1.711721
v 0.169117 0.028456 1.713858
v 0.165435 0.032445 1.720368
v 0.161479 0.033108 1.716801
v 0.138365 0.050950 1.724757
v 0.118649 0.066310 1.731694
v 0.117340 0.070442 1.732149
v 0.110386 0.065532 1.737245
v 0.111334 0.072803 1.738363
v 0.162635 0.030319 1.720877
v 0.158668 0.028966 1.717502
v 0.135850 0.047931 1.724774
v 0.116698 0.062907 1.732040
v 0.120671 0.055668 1.750758
v 0.165008 0.030791 1.722105
v 0.160651 0.034150 1.730763
v 0.158816 0.033782 1.730544
v 0.160257 0.028045 1.720828
v 0.154613 0.032281 1.730905
v 0.140612 0.043114 1.732484
v 0.141034 0.043865 1.754786
v 0.128831 0.051635 1.764677
v 0.149916 0.040298 1.741733
v 0.156465 0.015053 1.686213
v 0.172981 0.015217 1.701107
v 0.166169 0.015310 1.707260
v 0.158898 0.014943 1.682081
v 0.184784 0.015924 1.685769
v 0.177764 0.015261 1.701983
v 0.163128 0.020220 1.674092
v 0.141034 0.043865 1.754786
v 0.130924 0.061099 1.764485
v 0.128831 0.051635 1.764677
v 0.148722 0.052403 1.750994
v 0.148064 0.057016 1.749268
v 0.131839 0.076749 1.741766
v 0.116019 0.082716 1.745449
v 0.120671 0.055668 1.750758
v 0.128831 0.051635 1.764677
v 0.149916 0.040298 1.741733
v 0.153599 0.050693 1.740078
v 0.155166 0.055718 1.733596
v 0.145620 0.070195 1.718806
v 0.140020 0.073768 1.720735
v 0.126074 0.080946 1.738824
v 0.111334 0.072803 1.738363
v 0.117340 0.070442 1.732149
v 0.158591 0.045186 1.731196
v 0.162958 0.051537 1.717535
v 0.159544 0.055931 1.711743
v 0.137204 0.062030 1.700800
v 0.130781 0.061033 1.711721
v 0.154613 0.032281 1.730905
v 0.158816 0.033782 1.730544
v 0.160651 0.034150 1.730763
v 0.165435 0.032445 1.720368
v 0.171331 0.038961 1.704723
v 0.171096 0.041673 1.703288
v 0.169353 0.040829 1.701129
v 0.149401 0.050589 1.696811
v 0.140957 0.055773 1.695906
v 0.165008 0.030791 1.722105
v 0.176427 0.028368 1.697994
v 0.174718 0.030149 1.693320
v 0.157643 0.033607 1.684684
v 0.144168 0.044364 1.702953
v 0.135329 0.048813 1.701797
v 0.169424 0.026199 1.714094
v 0.174433 0.021015 1.705830
v 0.177764 0.015261 1.701983
v 0.178126 0.028659 1.694367
v 0.163128 0.020220 1.674092
v 0.169117 0.028456 1.713858
v 0.184784 0.015924 1.685769
v 0.130622 0.056244 1.708669
v 0.134551 0.046731 1.710910
v 0.144935 0.023727 1.697561
v 0.152010 0.032484 1.679418
v 0.158898 0.014943 1.682081
v 0.156465 0.015053 1.686213
v 0.111334 0.072803 1.738363
v 0.110386 0.065532 1.737245
v 0.117351 -0.047208 1.766014
v 0.095837 -0.046583 1.785648
v 0.119762 -0.053153 1.770392
v 0.098122 -0.053203 1.789116
v 0.097887 -0.058627 1.789440
v 0.121214 -0.059652 1.769614
v 0.087886 -0.075275 1.779439
v 0.111734 -0.075330 1.757767
v 0.117351 -0.047208 1.766014
v 0.119762 -0.053153 1.770392
v 0.082286 -0.049937 1.802920
v 0.081738 -0.055044 1.803303
v 0.069156 -0.071461 1.795139
v 0.074384 -0.089193 1.763603
v 0.101098 -0.086925 1.743196
v 0.097941 -0.076365 1.739656
v 0.080105 -0.043882 1.799780
v 0.066767 -0.042912 1.816115
v 0.064981 -0.048227 1.817786
v 0.047106 -0.063943 1.812531
v 0.048695 -0.086585 1.781960
v 0.070170 -0.079407 1.759345
v 0.097941 -0.076365 1.739656
v 0.064975 -0.038046 1.811616
v 0.054449 -0.029136 1.820121
v 0.054767 -0.032369 1.826521
v 0.051347 -0.036583 1.829737
v 0.026042 -0.045586 1.831157
v 0.006397 -0.063450 1.816931
v 0.021949 -0.076546 1.803194
v 0.043325 -0.075900 1.777357
v 0.048361 -0.016297 1.825315
v 0.048361 -0.017853 1.832461
v 0.044284 -0.019206 1.836647
v 0.023056 -0.019004 1.840034
v 0.005504 -0.017601 1.838423
v -0.003126 -0.044561 1.829031
v 0.045791 0.000000 1.828022
v 0.045281 0.000000 1.834768
v 0.041467 0.000000 1.839064
v 0.024141 0.000000 1.841711
v 0.005131 0.000000 1.839574
v 0.002205 -0.015097 1.827096
v -0.001872 -0.039098 1.819956
v 0.006129 -0.056189 1.808043
v 0.019034 -0.066726 1.796410
v 0.001959 0.000000 1.828998
v 0.117351 -0.047208 1.766014
v 0.097941 -0.076365 1.739656
v 0.095837 -0.046583 1.785648
v 0.070170 -0.079407 1.759345
v 0.080105 -0.043882 1.799780
v 0.043325 -0.075900 1.777357
v 0.064975 -0.038046 1.811616
v 0.019034 -0.066726 1.796410
v 0.054449 -0.029136 1.820121
v 0.006129 -0.056189 1.808043
v -0.001872 -0.039098 1.819956
v 0.048361 -0.016297 1.825315
v 0.002205 -0.015097 1.827096
v 0.045791 0.000000 1.828022
v 0.001959 0.000000 1.828998
v 0.119762 0.053153 1.770392
v 0.095837 0.046583 1.785648
v 0.117351 0.047208 1.766014
v 0.098122 0.053203 1.789116
v 0.082286 0.049937 1.802920
v 0.080105 0.043882 1.799780
v 0.066767 0.042912 1.816115
v 0.064975 0.038046 1.811616
v 0.054449 0.029136 1.820121
v 0.097887 0.058627 1.789440
v 0.081738 0.055044 1.803303
v 0.064981 0.048227 1.817786
v 0.054767 0.032369 1.826521
v 0.048361 0.016297 1.825315
v 0.048361 0.017853 1.832461
v 0.045791 0.000000 1.828022
v 0.121214 0.059652 1.769614
v 0.087886 0.075275 1.779439
v 0.069156 0.071461 1.795139
v 0.047106 0.063943 1.812531
v 0.051347 0.036583 1.829737
v 0.044284 0.019206 1.836647
v 0.045281 0.000000 1.834768
v 0.111734 0.075330 1.757767
v 0.074384 0.089193 1.763603
v 0.048695 0.086585 1.781960
v 0.021949 0.076546 1.803194
v 0.006397 0.063450 1.816931
v 0.026042 0.045586 1.831157
v 0.117351 0.047208 1.766014
v 0.097941 0.076365 1.739656
v 0.101098 0.086925 1.743196
v 0.070170 0.079407 1.759345
v 0.043325 0.075900 1.777357
v 0.019034 0.066726 1.796410
v 0.119762 0.053153 1.770392
v 0.097941 0.076365 1.739656
v 0.006129 0.056189 1.808043
v -0.003126 0.044561 1.829031
v 0.005504 0.017601 1.838423
v 0.023056 0.019004 1.840034
v 0.041467 0.000000 1.839064
v -0.001872 0.039098 1.819956
v 0.002205 0.015097 1.827096
v 0.005131 0.000000 1.839574
v 0.024141 0.000000 1.841711
v 0.001959 0.000000 1.828998
v 0.095837 0.046583 1.785648
v 0.097941 0.076365 1.739656
v 0.117351 0.047208 1.766014
v 0.070170 0.079407 1.759345
v 0.080105 0.043882 1.799780
v 0.043325 0.075900 1.777357
v 0.064975 0.038046 1.811616
v 0.019034 0.066726 1.796410
v 0.054449 0.029136 1.820121
v 0.006129 0.056189 1.808043
v -0.001872 0.039098 1.819956
v 0.048361 0.016297 1.825315
v 0.002205 0.015097 1.827096
v 0.045791 0.000000 1.828022
v 0.001959 0.000000 1.828998
v -0.082697 0.003633 1.772442
v -0.082560 -0.004822 1.772551
v -0.085563 0.002745 1.781680
v -0.085355 -0.003989 1.781889
v -0.084955 0.003167 1.782387
v -0.081470 0.004104 1.773861
v -0.079777 -0.012877 1.775724
v -0.083267 -0.009874 1.784272
v -0.083366 -0.003710 1.784398
v -0.083591 0.002269 1.784168
v -0.083130 0.009683 1.784744
v -0.078922 0.012735 1.776864
v -0.083262 0.010888 1.784601
v -0.079568 0.014225 1.776124
v -0.076977 -0.017113 1.778941
v -0.081152 -0.013234 1.786711
v -0.080325 -0.011518 1.787894
v -0.081815 -0.008176 1.786174
v -0.076582 -0.003386 1.782491
v -0.076303 0.003858 1.782853
v -0.081777 0.009025 1.786311
v -0.078730 -0.015546 1.789505
v -0.075853 -0.014592 1.793040
v -0.076478 0.001080 1.794076
v -0.075508 -0.006000 1.783730
v -0.072949 0.002543 1.786749
v -0.073689 0.010072 1.785922
v -0.073864 -0.020248 1.782524
v -0.070258 -0.021738 1.786683
v -0.075996 -0.016790 1.792667
v -0.072609 -0.016751 1.796591
v -0.073004 -0.013935 1.796355
v -0.068302 -0.011036 1.792043
v -0.073585 -0.000871 1.797407
v -0.065836 -0.021787 1.791807
v -0.068943 -0.015058 1.800848
v -0.069869 -0.012686 1.799988
v -0.065606 -0.010039 1.795182
v -0.065858 -0.002247 1.794919
v -0.063173 0.006504 1.798076
v -0.068121 0.011880 1.802142
v -0.061244 -0.019552 1.797128
v -0.065677 -0.011113 1.804657
v -0.065929 -0.009891 1.804366
v -0.067245 -0.009261 1.803051
v -0.062916 -0.003863 1.798333
v -0.062187 0.002477 1.799210
v -0.066149 0.007595 1.804416
v -0.056789 -0.014401 1.802306
v -0.057370 -0.012675 1.801648
v -0.054855 -0.004170 1.804608
v -0.064132 -0.003474 1.806690
v -0.065244 -0.002499 1.805402
v -0.065146 0.003085 1.805550
v -0.063305 0.003573 1.807682
v -0.064516 0.008915 1.806323
v -0.067217 0.013595 1.803210
v -0.063370 -0.002975 1.807572
v -0.053660 -0.003808 1.805988
v -0.053649 0.004504 1.806054
v -0.055447 0.012127 1.804021
v -0.058493 0.017754 1.800536
v -0.061874 0.020752 1.796629
v -0.069617 0.015968 1.800437
v -0.072587 0.014954 1.796991
v -0.070489 0.011392 1.789642
v -0.065497 0.022176 1.792448
v -0.072374 0.017157 1.797254
v -0.076390 0.016949 1.792590
v -0.075979 0.014181 1.793056
v -0.069393 0.022631 1.787938
v -0.075174 0.019584 1.781237
v -0.079985 0.015256 1.788415
v -0.079086 0.012669 1.789445
v 0.149401 0.050589 1.696811
v 0.149401 -0.050589 1.696811
v 0.149599 -0.021283 1.633547
v 0.149599 0.021283 1.633547
v 0.091229 -0.038862 1.653022
v 0.095196 -0.044654 1.649948
v 0.077672 -0.077806 1.661845
v 0.082571 -0.079368 1.669456
v 0.077672 -0.077806 1.661845
v 0.091229 0.038862 1.653022
v 0.095196 0.044654 1.649948
v 0.077672 0.077806 1.661845
v 0.077672 0.077806 1.661845
v 0.082571 0.079368 1.669456
v 0.141494 -0.034643 1.675999
v 0.141494 -0.030593 1.675999
v 0.239597 0.033432 1.675226
v 0.239597 0.033432 1.675226
v -0.079086 0.012669 1.789445
v -0.070489 0.011392 1.789642
v -0.069869 -0.012686 1.799988
v -0.068302 -0.011036 1.792043
v -0.083591 0.002269 1.784168
v -0.080325 -0.011518 1.787894
v -0.063370 -0.002975 1.807572
v -0.066149 0.007595 1.804416
v 0.163128 0.020220 1.674092
v 0.169117 0.028456 1.713858
v 0.163128 0.020220 1.674092
v 0.158668 0.028966 1.717502
v 0.169117 0.028456 1.713858
v 0.163128 -0.020220 1.674092
v 0.169117 -0.028456 1.713858
v 0.163128 -0.020220 1.674092
v 0.169117 -0.028456 1.713858
v 0.148294 0.017941 1.622067
v 0.148842 0.013124 1.637372
v 0.146782 -0.013650 1.639126
v 0.148294 0.017941 1.622067
v 0.119159 0.000000 1.632731
v 0.118781 -0.014077 1.633010
v 0.118951 -0.025431 1.634243
v 0.114578 -0.022544 1.638150
v 0.082204 -0.058036 1.661302
v 0.084374 -0.062261 1.659735
v 0.091399 -0.059427 1.674344
v 0.076943 -0.051542 1.663247
v 0.091399 -0.059427 1.674344
v 0.105114 -0.046172 1.665604
v 0.095196 -0.044654 1.649948
v 0.105114 -0.046172 1.665604
v 0.124321 -0.051049 1.653872
v 0.072198 -0.066929 1.667017
v 0.105547 -0.056984 1.651959
v 0.082571 -0.079368 1.669456
v 0.119159 0.000000 1.632731
v 0.118781 0.014077 1.633010
v 0.118951 0.025431 1.634243
v 0.082204 0.058036 1.661302
v 0.114578 0.022544 1.638150
v 0.084374 0.062261 1.659735
v 0.091399 0.059427 1.674344
v 0.076943 0.051542 1.663247
v 0.091399 0.059427 1.674344
v 0.072198 0.066929 1.667017
v 0.124321 0.051049 1.653872
v 0.105114 0.046172 1.665604
v 0.095196 0.044654 1.649948
v 0.105114 0.046172 1.665604
v 0.082571 0.079368 1.669456
v 0.105547 0.056984 1.651959
v 0.207870 -0.032440 1.677237
v 0.141494 -0.034643 1.675999
v 0.207870 -0.031152 1.673275
v 0.207870 -0.032440 1.677237
v 0.224380 0.033448 1.676744
v 0.239597 0.033432 1.675226
v 0.224380 0.033448 1.676744
v 0.224380 0.034319 1.674070
v 0.224380 0.033448 1.676744
v 0.084374 -0.062261 1.659735
v 0.091399 -0.059427 1.674344
v 0.082204 -0.058036 1.661302
v 0.149599 -0.021283 1.633547
v 0.149599 0.021283 1.633547
v 0.116019 0.082716 1.745449
v 0.166465 0.025563 1.712504
v 0.149401 -0.050589 1.696811
v 0.166465 -0.025563 1.712504
v -0.075853 -0.014592 1.793040
v -0.065677 -0.011113 1.804657
v -0.068302 -0.011036 1.792043
v -0.063370 -0.002975 1.807572
v -0.066149 0.007595 1.804416
v -0.083591 0.002269 1.784168
v 0.141494 -0.034643 1.675999
v 0.141494 -0.030593 1.675999
v 0.224380 0.033448 1.676744
v 0.224380 0.033448 1.676744
v 0.239597 0.033432 1.675226
v 0.239597 0.033432 1.675226
v 0.239597 0.033432 1.675226
v 0.224380 0.033448 1.676744
v 0.082204 -0.058036 1.661302
v 0.099004 -0.048726 1.650715
v 0.159155 0.000000 1.625015
v 0.119159 0.000000 1.632731
v 0.077672 -0.077806 1.661845
v 0.105114 -0.046172 1.665604
v 0.091399 -0.059427 1.674344
v 0.082204 -0.058036 1.661302
v 0.105547 -0.056984 1.651959
v 0.099004 -0.048726 1.650715
v 0.118951 -0.025431 1.634243
v 0.105547 -0.056984 1.651959
v 0.119159 0.000000 1.632731
v 0.159155 0.000000 1.625015
v 0.077672 0.077806 1.661845
v 0.105547 0.056984 1.651959
v 0.118951 0.025431 1.634243
v 0.105547 0.056984 1.651959
v 0.084374 0.062261 1.659735
v 0.105547 0.056984 1.651959
v 0.084374 0.062261 1.659735
v 0.105547 0.056984 1.651959
v 0.105114 0.046172 1.665604
v 0.105547 0.056984 1.651959
v 0.091399 0.059427 1.674344
v 0.105547 0.056984 1.651959
v 0.149599 -0.021283 1.633547
v 0.146782 -0.013650 1.639126
v 0.149599 0.021283 1.633547
v 0.148842 0.013124 1.637372
v 0.111334 0.072803 1.738363
v 0.166465 0.025563 1.712504
v 0.140020 0.073768 1.720735
v 0.166465 0.025563 1.712504
v 0.137204 0.062030 1.700800
v 0.134551 0.046731 1.710910
v 0.140020 -0.073768 1.720735
v 0.166465 -0.025563 1.712504
v 0.111334 -0.072803 1.738363
v 0.166465 -0.025563 1.712504
v 0.097941 0.076365 1.739656
v 0.045791 0.000000 1.828022
v 0.001959 0.000000 1.828998
v 0.097941 -0.076365 1.739656
v 0.045791 0.000000 1.828022
v 0.001959 0.000000 1.828998
v 0.134551 -0.046731 1.710910
v 0.130924 -0.061099 1.764485
v 0.224380 0.033448 1.676744
v 0.130924 -0.061099 1.764485
v 0.134551 -0.046731 1.710910
v 0.148294 -0.017941 1.622067
v 0.140316 -0.015371 1.633657
v 0.149599 0.021283 1.633547
v 0.148294 -0.017941 1.622067
v -0.083262 0.010888 1.784601
v 0.168334 0.003934 1.677116
v 0.168334 -0.005014 1.677823
v 0.168334 0.000000 1.675873
v 0.076510 -0.050375 1.673281
v 0.084522 -0.055488 1.674327
v 0.085639 -0.027530 1.691665
v 0.140228 -0.038046 1.674086
v 0.159627 -0.030686 1.676316
v 0.162964 -0.015371 1.685473
v 0.163166 -0.029974 1.675966
v 0.170685 -0.015398 1.679939
v 0.170356 -0.026686 1.672897
v 0.162964 -0.015371 1.685473
v 0.080899 -0.023985 1.685522
v 0.085639 -0.027530 1.691665
v 0.170602 -0.011584 1.675018
v 0.080899 0.000000 1.673867
v 0.170542 -0.007222 1.671253
v 0.170465 0.000000 1.669593
v 0.170685 -0.015398 1.679939
v 0.170356 -0.026686 1.672897
v 0.170383 -0.020916 1.668190
v 0.170685 -0.015398 1.679939
v 0.170602 -0.011584 1.675018
v 0.170542 -0.007222 1.671253
v 0.170460 -0.003595 1.654063
v 0.170465 0.000000 1.669593
v 0.170465 0.000000 1.653921
v 0.082571 -0.009239 1.627662
v 0.080899 0.000000 1.673867
v 0.083135 0.000000 1.626835
v 0.076554 -0.027694 1.647647
v 0.076362 -0.029870 1.659954
v 0.080899 -0.023985 1.685522
v 0.076170 -0.047038 1.666831
v 0.076510 -0.050375 1.673281
v 0.085639 -0.027530 1.691665
v 0.076510 0.050375 1.673281
v 0.085639 0.027530 1.691665
v 0.084522 0.055488 1.674327
v 0.140228 0.038046 1.674086
v 0.159627 0.030686 1.676316
v 0.162964 0.015371 1.685473
v 0.163166 0.029974 1.675966
v 0.170685 0.015398 1.679939
v 0.170356 0.026686 1.672897
v 0.080899 0.023985 1.685522
v 0.162964 0.015371 1.685473
v 0.085639 0.027530 1.691665
v 0.170602 0.011584 1.675018
v 0.170685 0.015398 1.679939
v 0.080899 0.000000 1.673867
v 0.170542 0.007222 1.671253
v 0.170465 0.000000 1.669593
v 0.170356 0.026686 1.672897
v 0.170685 0.015398 1.679939
v 0.170383 0.020916 1.668190
v 0.170602 0.011584 1.675018
v 0.170542 0.007222 1.671253
v 0.170460 0.003595 1.654063
v 0.170465 0.000000 1.669593
v 0.170465 0.000000 1.653921
v 0.082571 0.009239 1.627662
v 0.083135 0.000000 1.626835
v 0.080899 0.000000 1.673867
v 0.076554 0.027694 1.647647
v 0.076362 0.029870 1.659954
v 0.080899 0.023985 1.685522
v 0.076170 0.047038 1.666831
v 0.076510 0.050375 1.673281
v 0.085639 0.027530 1.691665
v 0.149697 -0.001562 1.721875
v 0.149697 0.004614 1.722691
v 0.172246 -0.001627 1.721393
v 0.172246 0.004800 1.722242
v 0.172904 0.004296 1.723453
v 0.172904 -0.001458 1.722691
v 0.172356 0.003797 1.724664
v 0.172356 -0.001288 1.723995
v 0.149697 0.009557 1.726489
v 0.172246 0.009940 1.726193
v 0.172904 0.008899 1.726993
v 0.172356 0.007858 1.727787
v 0.172904 0.011118 1.732357
v 0.172356 0.009820 1.732527
v 0.172904 0.010357 1.738111
v 0.172356 0.009146 1.737607
v 0.149697 0.011935 1.732248
v 0.172246 0.012423 1.732182
v 0.172246 0.011568 1.738610
v 0.172246 0.007617 1.743755
v 0.172904 0.006822 1.742714
v 0.172356 0.006022 1.741668
v 0.172356 0.001288 1.743629
v 0.149697 0.011118 1.738424
v 0.149697 0.007321 1.743366
v 0.149697 0.001562 1.745750
v 0.172246 0.001627 1.746232
v 0.172904 0.001458 1.744928
v 0.172356 -0.003797 1.742955
v 0.172904 -0.004296 1.744166
v 0.172904 -0.008899 1.740632
v 0.172356 -0.007858 1.739832
v 0.172356 -0.009820 1.735097
v 0.149697 -0.004614 1.744933
v 0.172246 -0.004800 1.745383
v 0.149697 -0.009557 1.741136
v 0.172246 -0.009940 1.741432
v 0.172904 -0.011118 1.735267
v 0.172356 -0.009146 1.730018
v 0.172904 -0.010357 1.729514
v 0.172356 -0.006022 1.725952
v 0.172904 -0.006822 1.724911
v 0.172356 -0.001288 1.723995
v 0.149697 -0.011935 1.735377
v 0.172246 -0.012423 1.735437
v 0.172246 -0.011568 1.729009
v 0.172246 -0.007617 1.723869
v 0.172904 -0.001458 1.722691
v 0.149697 -0.011118 1.729196
v 0.149697 -0.007321 1.724253
v 0.149697 -0.001562 1.721875
v 0.172246 -0.001627 1.721393
v 0.148968 -0.007184 1.716154
v 0.172778 -0.005200 1.717436
v 0.148968 0.000000 1.718625
v 0.172778 0.000000 1.718625
v 0.172778 0.005200 1.717436
v 0.148968 0.007184 1.716154
v 0.172778 0.009173 1.714866
v 0.148968 0.012609 1.708680
v 0.172778 0.012099 1.710318
v 0.172778 0.013118 1.707036
v 0.172778 0.013327 1.684328
v 0.148968 0.013003 1.682273
v 0.172778 0.012570 1.680213
v 0.148968 0.009442 1.675193
v 0.172778 0.010883 1.676514
v 0.172778 0.008187 1.673955
v 0.148968 0.004170 1.671807
v 0.172778 0.004313 1.671872
v 0.172778 0.000000 1.671160
v 0.148968 0.000000 1.671001
v 0.148968 -0.004170 1.671807
v 0.172778 -0.004313 1.671872
v 0.172778 -0.008187 1.673955
v 0.148968 -0.009442 1.675193
v 0.172778 -0.010883 1.676514
v 0.172778 -0.012570 1.680213
v 0.148968 -0.013003 1.682273
v 0.172778 -0.013327 1.684328
v 0.148968 -0.012609 1.708680
v 0.172778 -0.013118 1.707036
v 0.172778 -0.012099 1.710318
v 0.172778 -0.009173 1.714866
v 0.148968 -0.007184 1.716154
v 0.172778 -0.005200 1.717436
v 0.168334 -0.003688 1.713639
v 0.168334 0.003688 1.713639
v 0.168334 0.000000 1.714866
v 0.168334 0.007726 1.706926
v 0.168334 -0.007726 1.706926
v 0.168334 0.008017 1.683418
v 0.168334 -0.008017 1.683418
v 0.168334 0.003934 1.677116
v 0.168334 -0.005014 1.677823
v 0.148968 0.007184 1.716154
v 0.148968 -0.007184 1.716154
v 0.148968 0.000000 1.718625
v 0.148968 -0.012609 1.708680
v 0.148968 0.012609 1.708680
v 0.148968 -0.013003 1.682273
v 0.148968 0.013003 1.682273
v 0.148968 0.009442 1.675193
v 0.148968 -0.009442 1.675193
v 0.148968 -0.004170 1.671807
v 0.148968 0.004170 1.671807
v 0.148968 0.000000 1.671001
v 0.169189 0.004329 1.749295
v 0.169145 0.000000 1.755750
v 0.169150 0.000000 1.749597
v 0.169090 0.013464 1.755707
v 0.160372 0.009096 1.772990
v 0.160213 0.000000 1.775390
v 0.139582 0.009469 1.783516
v 0.139072 0.000000 1.785900
v 0.169211 0.008888 1.747109
v 0.169293 0.012472 1.743454
v 0.169041 0.026686 1.746292
v 0.162481 0.027738 1.747909
v 0.130694 0.018132 1.760677
v 0.169375 0.015031 1.739021
v 0.129992 0.040566 1.748632
v 0.132540 0.041301 1.744095
v 0.161851 0.029974 1.743076
v 0.133149 0.020045 1.731130
v 0.161643 0.015064 1.733716
v 0.165391 0.029262 1.745679
v 0.169375 0.015031 1.739021
v 0.139582 0.009469 1.783516
v 0.130694 0.000000 1.760677
v 0.139072 0.000000 1.785900
v 0.130694 0.018132 1.760677
v 0.133149 0.010527 1.741355
v 0.133149 0.000000 1.745388
v 0.133149 0.020045 1.731130
v 0.129992 0.040566 1.748632
v 0.132540 0.041301 1.744095
v 0.169150 0.000000 1.749597
v 0.133149 0.000000 1.745388
v 0.169189 0.004329 1.749295
v 0.133149 0.010527 1.741355
v 0.169211 0.008888 1.747109
v 0.169293 0.012472 1.743454
v 0.133149 0.020045 1.731130
v 0.161643 0.015064 1.733716
v 0.169375 0.015031 1.739021
v 0.169189 -0.004329 1.749295
v 0.169150 0.000000 1.749597
v 0.169145 0.000000 1.755750
v 0.169090 -0.013464 1.755707
v 0.169211 -0.008888 1.747109
v 0.169293 -0.012472 1.743454
v 0.169041 -0.026686 1.746292
v 0.169375 -0.015031 1.739021
v 0.160372 -0.009096 1.772990
v 0.130694 -0.018132 1.760677
v 0.162481 -0.027738 1.747909
v 0.165391 -0.029262 1.745679
v 0.169375 -0.015031 1.739021
v 0.161643 -0.015064 1.733716
v 0.160213 0.000000 1.775390
v 0.139582 -0.009469 1.783516
v 0.139072 0.000000 1.785900
v 0.129992 -0.040566 1.748632
v 0.132540 -0.041301 1.744095
v 0.161851 -0.029974 1.743076
v 0.133149 -0.020045 1.731130
v 0.139072 0.000000 1.785900
v 0.130694 0.000000 1.760677
v 0.139582 -0.009469 1.783516
v 0.130694 -0.018132 1.760677
v 0.133149 -0.010527 1.741355
v 0.133149 -0.020045 1.731130
v 0.129992 -0.040566 1.748632
v 0.132540 -0.041301 1.744095
v 0.133149 0.000000 1.745388
v 0.169150 0.000000 1.749597
v 0.169189 -0.004329 1.749295
v 0.133149 0.000000 1.745388
v 0.133149 -0.010527 1.741355
v 0.169211 -0.008888 1.747109
v 0.169293 -0.012472 1.743454
v 0.133149 -0.020045 1.731130
v 0.161643 -0.015064 1.733716
v 0.169375 -0.015031 1.739021
v 0.097525 0.029443 1.624977
v 0.110271 0.025793 1.616768
v 0.123795 0.000000 1.609848
v 0.060263 0.000000 1.672612
v 0.075935 0.038117 1.637745
v 0.060027 0.049537 1.647942
v 0.046849 0.060671 1.655154
v -0.015472 0.000000 1.708702
v 0.019921 0.075269 1.665817
v -0.038427 0.079796 1.691019
v -0.080029 0.058107 1.706751
v -0.100446 0.000000 1.718379
v 0.046849 0.060671 1.655154
v 0.019921 0.075269 1.665817
v 0.033905 0.079878 1.656568
v -0.001181 0.102569 1.669291
v -0.038427 0.079796 1.691019
v -0.046460 0.098443 1.688564
v -0.072061 0.085407 1.698794
v -0.080029 0.058107 1.706751
v -0.093191 0.064683 1.708559
v -0.111164 0.039832 1.716077
v -0.100446 0.000000 1.718379
v -0.114704 0.020061 1.718954
v -0.117061 0.020796 1.718406
v -0.114682 0.000000 1.718960
v -0.006929 0.000000 1.823430
v 0.033215 0.000000 1.826022
v -0.009198 0.019448 1.820411
v 0.041550 0.030999 1.816038
v -0.012316 0.035087 1.815677
v 0.003718 0.059838 1.800881
v 0.011082 0.066151 1.794256
v 0.002134 0.059756 1.795539
v 0.008030 0.064820 1.790179
v 0.108325 0.000000 1.772085
v 0.110013 0.032352 1.771883
v 0.063732 0.058929 1.783598
v 0.022897 0.073165 1.784574
v 0.036273 0.075434 1.774053
v 0.021899 0.072601 1.779483
v 0.032629 0.074995 1.771324
v 0.049939 0.076091 1.758457
v 0.143549 0.022248 1.741350
v 0.143176 0.029886 1.741931
v 0.108813 0.057444 1.747909
v 0.072384 0.075006 1.747432
v 0.062630 0.075894 1.754611
v 0.054383 0.076645 1.760682
v 0.146168 0.000000 1.731930
v 0.155906 0.019628 1.730807
v 0.156481 0.026637 1.729015
v 0.127324 0.051148 1.729727
v 0.100714 0.065324 1.722658
v 0.091081 0.069740 1.732938
v 0.159698 0.010927 1.721962
v 0.162460 0.012083 1.719266
v 0.163331 0.020878 1.719606
v 0.154985 0.028582 1.716017
v 0.130463 0.046380 1.716055
v 0.110610 0.059460 1.715820
v 0.085557 0.060480 1.687566
v 0.159774 0.000000 1.722193
v 0.069315 0.074387 1.745246
v 0.061315 0.075341 1.751131
v 0.135932 0.015146 1.620171
v 0.140360 0.000000 1.641597
v 0.138431 0.000000 1.612346
v 0.132661 0.017842 1.645318
v 0.138831 0.000000 1.670848
v 0.125499 0.022960 1.670031
v 0.138173 0.009485 1.684147
v 0.138513 0.000000 1.684191
v 0.167342 0.000000 1.711715
v 0.125521 0.030648 1.625635
v 0.119499 0.033607 1.643581
v 0.109575 0.038857 1.659806
v 0.107931 0.042523 1.681478
v 0.117772 0.035295 1.690898
v 0.121701 0.031201 1.690060
v 0.128770 0.021804 1.686284
v 0.140026 0.024094 1.700970
v 0.167917 0.011990 1.712357
v 0.100089 0.045158 1.672508
v 0.113301 0.043509 1.698033
v 0.114781 0.040298 1.694438
v 0.113208 0.045531 1.701123
v 0.116282 0.046868 1.706285
v 0.121959 0.043525 1.707480
v 0.126540 0.037503 1.705578
v 0.128124 0.032856 1.702088
v 0.127685 0.030544 1.698164
v 0.125274 0.029015 1.692739
v 0.165638 0.010105 1.715250
v 0.166049 0.008154 1.714061
v 0.165660 0.000000 1.713381
v 0.164251 0.008828 1.716565
v 0.170065 0.000000 1.719962
v 0.169063 0.005211 1.722083
v 0.169008 0.000000 1.721288
v 0.169934 0.008263 1.721716
v 0.169090 0.009217 1.722806
v 0.168054 0.007420 1.724193
v 0.163583 0.007365 1.721102
v 0.164783 0.009535 1.718828
v 0.163577 0.011201 1.720264
v 0.161583 0.010132 1.722801
v 0.169649 0.008368 1.717672
v 0.164251 0.008828 1.716565
v 0.169276 0.000000 1.717058
v 0.166049 0.008154 1.714061
v 0.165660 0.000000 1.713381
v 0.162460 0.012083 1.719266
v 0.159698 0.010927 1.721962
v 0.168054 0.007420 1.724193
v 0.163583 0.007365 1.721102
v 0.169063 0.005211 1.722083
v 0.164651 0.004630 1.719666
v 0.169008 0.000000 1.721288
v 0.164558 0.000000 1.719497
v 0.161462 0.000000 1.722779
v 0.161583 0.010132 1.722801
v 0.159774 0.000000 1.722193
v 0.159698 0.010927 1.721962
v 0.126540 0.037503 1.705578
v 0.111811 0.041246 1.716324
v 0.121959 0.043525 1.707480
v 0.116282 0.046868 1.706285
v 0.107087 0.045230 1.711902
v 0.113208 0.045531 1.701123
v 0.113301 0.043509 1.698033
v 0.103827 0.038353 1.709260
v 0.114781 0.040298 1.694438
v 0.117772 0.035295 1.690898
v 0.121701 0.031201 1.690060
v 0.109076 0.034161 1.714220
v 0.125274 0.029015 1.692739
v 0.127685 0.030544 1.698164
v 0.128124 0.032856 1.702088
v 0.126540 0.037503 1.705578
v 0.111811 0.041246 1.716324
v 0.107887 0.039651 1.712877
v 0.107087 0.045230 1.711902
v 0.123795 0.000000 1.609848
v 0.110271 -0.025793 1.616768
v 0.097525 -0.029443 1.624977
v 0.060263 0.000000 1.672612
v 0.075935 -0.038117 1.637745
v 0.060027 -0.049537 1.647942
v 0.046849 -0.060671 1.655154
v -0.015472 0.000000 1.708702
v 0.019921 -0.075269 1.665817
v -0.038427 -0.079796 1.691019
v -0.080029 -0.058107 1.706751
v -0.100446 0.000000 1.718379
v 0.046849 -0.060671 1.655154
v 0.033905 -0.079878 1.656568
v 0.019921 -0.075269 1.665817
v -0.001181 -0.102569 1.669291
v -0.038427 -0.079796 1.691019
v -0.046460 -0.098443 1.688564
v -0.072061 -0.085407 1.698794
v -0.080029 -0.058107 1.706751
v -0.093191 -0.064683 1.708559
v -0.111164 -0.039832 1.716077
v -0.100446 0.000000 1.718379
v -0.114704 -0.020061 1.718954
v -0.114682 0.000000 1.718960
v -0.117061 -0.020796 1.718406
v -0.006929 0.000000 1.823430
v -0.009198 -0.019448 1.820411
v 0.033215 0.000000 1.826022
v 0.041550 -0.030999 1.816038
v 0.108325 0.000000 1.772085
v 0.110013 -0.032352 1.771883
v 0.143549 -0.022248 1.741350
v 0.146168 0.000000 1.731930
v -0.012316 -0.035087 1.815677
v 0.003718 -0.059838 1.800881
v 0.011082 -0.066151 1.794256
v 0.063732 -0.058929 1.783598
v 0.108813 -0.057444 1.747909
v 0.143176 -0.029886 1.741931
v 0.156481 -0.026637 1.729015
v 0.155906 -0.019628 1.730807
v 0.002134 -0.059756 1.795539
v 0.008030 -0.064820 1.790179
v 0.022897 -0.073165 1.784574
v 0.036273 -0.075434 1.774053
v 0.054383 -0.076645 1.760682
v 0.062630 -0.075894 1.754611
v 0.072384 -0.075006 1.747432
v 0.021899 -0.072601 1.779483
v 0.032629 -0.074995 1.771324
v 0.049939 -0.076091 1.758457
v 0.091081 -0.069740 1.732938
v 0.100714 -0.065324 1.722658
v 0.127324 -0.051148 1.729727
v 0.130463 -0.046380 1.716055
v 0.154985 -0.028582 1.716017
v 0.163331 -0.020878 1.719606
v 0.110610 -0.059460 1.715820
v 0.121959 -0.043525 1.707480
v 0.126540 -0.037503 1.705578
v 0.140026 -0.024094 1.700970
v 0.167917 -0.011990 1.712357
v 0.162460 -0.012083 1.719266
v 0.085557 -0.060480 1.687566
v 0.113208 -0.045531 1.701123
v 0.116282 -0.046868 1.706285
v 0.113301 -0.043509 1.698033
v 0.107931 -0.042523 1.681478
v 0.114781 -0.040298 1.694438
v 0.117772 -0.035295 1.690898
v 0.125499 -0.022960 1.670031
v 0.121701 -0.031201 1.690060
v 0.128770 -0.021804 1.686284
v 0.125274 -0.029015 1.692739
v 0.100089 -0.045158 1.672508
v 0.109575 -0.038857 1.659806
v 0.119499 -0.033607 1.643581
v 0.132661 -0.017842 1.645318
v 0.138831 0.000000 1.670848
v 0.138173 -0.009485 1.684147
v 0.127685 -0.030544 1.698164
v 0.125521 -0.030643 1.625635
v 0.135932 -0.015146 1.620171
v 0.140360 0.000000 1.641597
v 0.138431 0.000000 1.612346
v 0.128124 -0.032856 1.702088
v 0.167342 0.000000 1.711715
v 0.166049 -0.008154 1.714061
v 0.165638 -0.010105 1.715250
v 0.164251 -0.008822 1.716565
v 0.138513 0.000000 1.684191
v 0.165660 0.000000 1.713381
v 0.159698 -0.010927 1.721962
v 0.159774 0.000000 1.722193
v 0.069315 -0.074387 1.745246
v 0.061315 -0.075341 1.751131
v 0.169063 -0.005211 1.722083
v 0.170065 0.000000 1.719962
v 0.169008 0.000000 1.721288
v 0.169934 -0.008263 1.721716
v 0.169649 -0.008368 1.717672
v 0.169276 0.000000 1.717058
v 0.166049 -0.008154 1.714061
v 0.165660 0.000000 1.713381
v 0.169090 -0.009217 1.722806
v 0.164783 -0.009535 1.718828
v 0.164251 -0.008822 1.716565
v 0.168054 -0.007420 1.724193
v 0.163583 -0.007365 1.721102
v 0.163577 -0.011201 1.720264
v 0.162460 -0.012083 1.719266
v 0.161583 -0.010132 1.722801
v 0.159698 -0.010927 1.721962
v 0.168054 -0.007420 1.724193
v 0.169063 -0.005211 1.722083
v 0.163583 -0.007365 1.721102
v 0.164651 -0.004630 1.719666
v 0.161462 0.000000 1.722779
v 0.161583 -0.010132 1.722801
v 0.159774 0.000000 1.722193
v 0.159698 -0.010927 1.721962
v 0.169008 0.000000 1.721288
v 0.164558 0.000000 1.719497
v 0.126540 -0.037503 1.705578
v 0.121959 -0.043525 1.707480
v 0.111811 -0.041246 1.716324
v 0.116282 -0.046868 1.706285
v 0.107087 -0.045230 1.711902
v 0.113208 -0.045531 1.701123
v 0.113301 -0.043509 1.698033
v 0.103827 -0.038353 1.709260
v 0.114781 -0.040298 1.694438
v 0.117772 -0.035295 1.690898
v 0.121701 -0.031201 1.690060
v 0.109076 -0.034161 1.714220
v 0.107887 -0.039651 1.712877
v 0.107087 -0.045230 1.711902
v 0.111811 -0.041246 1.716324
v 0.126540 -0.037503 1.705578
v 0.128124 -0.032856 1.702088
v 0.127685 -0.030544 1.698164
v 0.125274 -0.029015 1.692739
v 0.114353 -0.041355 1.697101
v 0.102440 -0.043980 1.700833
v 0.102440 -0.039843 1.696696
v 0.114353 -0.043575 1.699320
v 0.114353 -0.044386 1.702351
v 0.102440 -0.042468 1.706488
v 0.114353 -0.043575 1.705381
v 0.114353 -0.041355 1.707595
v 0.102440 -0.036813 1.708006
v 0.114353 -0.038331 1.708411
v 0.114353 -0.035300 1.707595
v 0.114353 -0.033081 1.705381
v 0.102440 -0.032676 1.703863
v 0.114353 -0.032270 1.702351
v 0.102440 -0.034188 1.698213
v 0.114353 -0.033081 1.699320
v 0.114353 -0.035300 1.697101
v 0.102440 -0.039843 1.696696
v 0.114353 -0.038331 1.696290
v 0.114353 -0.041355 1.697101
v 0.102440 0.039843 1.696696
v 0.102440 0.043980 1.700833
v 0.114353 0.041355 1.697101
v 0.114353 0.043575 1.699320
v 0.114353 0.044386 1.702351
v 0.102440 0.042468 1.706488
v 0.114353 0.043575 1.705381
v 0.114353 0.041355 1.707595
v 0.102440 0.036813 1.708006
v 0.114353 0.038331 1.708411
v 0.114353 0.035300 1.707595
v 0.114353 0.033081 1.705381
v 0.102440 0.032676 1.703863
v 0.114353 0.032270 1.702351
v 0.102440 0.034188 1.698213
v 0.114353 0.033081 1.699320
v 0.114353 0.035300 1.697101
v 0.102440 0.039843 1.696696
v 0.114353 0.038331 1.696290
v 0.114353 0.041355 1.697101
v 0.099657 -0.054551 1.699419
v 0.103005 -0.049898 1.695698
v 0.095563 -0.055679 1.695030
v 0.099552 -0.051285 1.689999
v 0.103750 -0.050161 1.690679
v 0.103909 -0.050265 1.689166
v 0.100511 -0.051328 1.686662
v 0.103081 -0.050950 1.684591
v 0.105032 -0.050085 1.688049
v 0.106287 -0.050233 1.684240
v 0.104731 -0.049800 1.691714
v 0.105449 -0.049153 1.695748
v 0.106254 -0.049389 1.691769
v 0.108528 -0.048561 1.694531
v 0.107372 -0.049191 1.690772
v 0.110473 -0.048402 1.691840
v 0.110682 -0.048720 1.688536
v 0.107498 -0.049312 1.689249
v 0.109104 -0.049411 1.685709
v 0.106528 -0.049685 1.688109
v 0.097136 -0.056940 1.694893
v 0.099657 -0.054551 1.699419
v 0.095563 -0.055679 1.695030
v 0.100687 -0.056107 1.698493
v 0.103881 -0.051712 1.695112
v 0.099657 -0.054551 1.699419
v 0.103005 -0.049898 1.695698
v 0.105936 -0.050868 1.695928
v 0.105449 -0.049153 1.695748
v 0.108528 -0.048561 1.694531
v 0.100758 -0.052808 1.690295
v 0.104254 -0.051876 1.690794
v 0.105218 -0.051509 1.691901
v 0.106676 -0.051120 1.691961
v 0.108934 -0.050298 1.694701
v 0.110473 -0.048402 1.691840
v 0.095563 -0.055679 1.695030
v 0.099552 -0.051285 1.689999
v 0.100944 -0.053055 1.686805
v 0.104347 -0.051997 1.689287
v 0.103909 -0.050265 1.689166
v 0.103750 -0.050161 1.690679
v 0.104731 -0.049800 1.691714
v 0.100511 -0.051328 1.686662
v 0.103081 -0.050950 1.684591
v 0.103503 -0.052682 1.684772
v 0.105449 -0.051811 1.688268
v 0.105032 -0.050085 1.688049
v 0.106906 -0.051416 1.688328
v 0.106528 -0.049685 1.688109
v 0.107871 -0.051054 1.689435
v 0.107498 -0.049312 1.689249
v 0.106287 -0.050233 1.684240
v 0.106698 -0.051964 1.684443
v 0.109515 -0.051137 1.685928
v 0.111060 -0.050457 1.688755
v 0.107777 -0.050928 1.690936
v 0.107372 -0.049191 1.690772
v 0.109104 -0.049411 1.685709
v 0.110682 -0.048720 1.688536
v 0.110846 -0.050145 1.692021
v 0.106254 -0.049389 1.691769
v 0.095563 0.055679 1.695030
v 0.103005 0.049898 1.695698
v 0.099657 0.054551 1.699419
v 0.099552 0.051285 1.689999
v 0.103750 0.050161 1.690679
v 0.104731 0.049800 1.691714
v 0.105449 0.049153 1.695748
v 0.106254 0.049389 1.691769
v 0.108528 0.048561 1.694531
v 0.107372 0.049191 1.690772
v 0.110473 0.048402 1.691840
v 0.103909 0.050265 1.689166
v 0.100511 0.051328 1.686662
v 0.103081 0.050950 1.684591
v 0.105032 0.050085 1.688049
v 0.106287 0.050233 1.684240
v 0.106528 0.049685 1.688109
v 0.109104 0.049411 1.685709
v 0.107498 0.049312 1.689249
v 0.110682 0.048720 1.688536
v 0.095563 0.055679 1.695030
v 0.099657 0.054551 1.699419
v 0.097136 0.056940 1.694893
v 0.100687 0.056107 1.698493
v 0.103881 0.051712 1.695112
v 0.100758 0.052808 1.690295
v 0.095563 0.055679 1.695030
v 0.099552 0.051285 1.689999
v 0.100944 0.053055 1.686805
v 0.100511 0.051328 1.686662
v 0.103081 0.050950 1.684591
v 0.099657 0.054551 1.699419
v 0.103005 0.049898 1.695698
v 0.105936 0.050868 1.695928
v 0.105218 0.051509 1.691901
v 0.104254 0.051876 1.690794
v 0.104347 0.051997 1.689287
v 0.103503 0.052682 1.684772
v 0.106287 0.050233 1.684240
v 0.105449 0.049153 1.695748
v 0.108528 0.048561 1.694531
v 0.108934 0.050298 1.694701
v 0.106676 0.051120 1.691961
v 0.106254 0.049389 1.691769
v 0.104731 0.049800 1.691714
v 0.103750 0.050161 1.690679
v 0.103909 0.050265 1.689166
v 0.110473 0.048402 1.691840
v 0.110846 0.050145 1.692021
v 0.107777 0.050928 1.690936
v 0.107372 0.049191 1.690772
v 0.107871 0.051054 1.689435
v 0.107498 0.049312 1.689249
v 0.106528 0.049685 1.688109
v 0.111060 0.050457 1.688755
v 0.109515 0.051137 1.685928
v 0.106906 0.051416 1.688328
v 0.105032 0.050085 1.688049
v 0.105449 0.051811 1.688268
v 0.110682 0.048720 1.688536
v 0.109104 0.049411 1.685709
v 0.106698 0.051964 1.684443
v 0.100221 -0.055038 1.696049
v 0.100594 -0.054660 1.695786
v 0.099185 -0.055340 1.695002
v 0.099355 -0.055022 1.694531
v 0.097985 -0.056030 1.693939
v 0.097569 -0.056753 1.694597
v 0.096851 -0.057411 1.694164
v 0.096604 -0.058490 1.695517
v 0.096259 -0.058797 1.695150
v 0.100961 -0.056205 1.698602
v 0.100884 -0.057444 1.699830
v 0.101476 -0.056057 1.698844
v 0.099991 -0.057937 1.699518
v 0.099750 -0.058825 1.700055
v 0.098380 -0.059356 1.699118
v 0.098385 -0.059833 1.699463
v 0.097141 -0.060195 1.698208
v 0.097344 -0.059658 1.698071
v 0.100309 -0.060332 1.698597
v 0.102079 -0.056304 1.695687
v 0.102237 -0.058008 1.698208
v 0.098226 -0.060956 1.696465
v 0.099996 -0.056929 1.693556
v 0.098067 -0.059258 1.693945
v 0.039719 -0.088059 1.732741
v 0.039900 -0.090766 1.732977
v 0.023291 -0.090355 1.744912
v 0.023467 -0.093056 1.745147
v 0.020825 -0.093281 1.747876
v 0.021001 -0.095983 1.748112
v 0.016984 -0.093895 1.752720
v 0.017258 -0.096607 1.752879
v 0.017686 -0.094673 1.760896
v 0.025845 -0.093056 1.748364
v 0.023390 -0.095983 1.751334
v 0.021242 -0.096684 1.754852
v 0.017921 -0.097369 1.760973
v 0.016529 -0.094931 1.762337
v 0.016644 -0.097539 1.762545
v 0.013011 -0.095440 1.762299
v 0.042278 -0.090766 1.736193
v 0.026026 -0.090355 1.748605
v 0.023560 -0.093281 1.751569
v 0.021543 -0.093988 1.755033
v 0.021960 -0.094454 1.760036
v 0.021697 -0.097177 1.760200
v 0.020798 -0.097457 1.763438
v 0.042454 -0.088059 1.736434
v 0.021012 -0.094750 1.763504
v 0.018562 -0.094958 1.766239
v 0.018436 -0.097659 1.766052
v 0.014694 -0.097857 1.766797
v 0.012918 -0.097868 1.762589
v 0.002167 -0.097840 1.747295
v 0.002463 -0.095402 1.747312
v 0.014666 -0.095166 1.767039
v 0.010754 -0.095479 1.765932
v 0.010907 -0.098158 1.765630
v 0.009603 -0.098323 1.761800
v 0.001718 -0.098323 1.750830
v -0.001614 -0.098142 1.748123
v -0.001384 -0.097829 1.744062
v 0.003181 -0.097539 1.743887
v 0.003340 -0.094931 1.744062
v 0.008436 -0.098323 1.763466
v -0.000233 -0.098323 1.751410
v -0.001921 -0.095462 1.748172
v -0.001603 -0.095139 1.743991
v 0.000638 -0.097610 1.740846
v 0.004129 -0.097375 1.739563
v 0.005071 -0.097369 1.743147
v 0.005066 -0.094673 1.743394
v 0.012644 -0.096657 1.746380
v 0.012704 -0.093950 1.746687
v 0.000507 -0.094909 1.740659
v 0.004134 -0.094668 1.739333
v 0.007104 -0.097177 1.739909
v 0.012677 -0.096690 1.742276
v 0.018305 -0.095922 1.744342
v 0.018469 -0.093215 1.744583
v 0.021894 -0.093056 1.742939
v 0.022064 -0.090355 1.743180
v 0.007345 -0.094454 1.739711
v 0.012600 -0.093988 1.741936
v 0.015998 -0.095983 1.741059
v 0.019592 -0.093056 1.739662
v 0.036333 -0.090766 1.727919
v 0.038629 -0.090766 1.731190
v 0.038799 -0.088059 1.731437
v 0.015833 -0.093281 1.740818
v 0.019423 -0.090355 1.739421
v 0.036163 -0.088059 1.727672
v 0.009603 -0.098323 1.761800
v 0.001882 -0.099955 1.751871
v 0.001718 -0.098323 1.750830
v 0.008666 -0.099955 1.761312
v 0.000803 -0.099955 1.752254
v 0.001718 -0.098323 1.750830
v -0.000233 -0.098323 1.751410
v 0.007959 -0.099955 1.762216
v 0.008436 -0.098323 1.763466
v -0.000233 -0.098323 1.751410
v 0.009603 -0.098323 1.761800
v 0.023291 -0.090355 1.744912
v 0.020825 -0.093281 1.747876
v 0.026026 -0.090355 1.748605
v 0.023560 -0.093281 1.751569
v 0.016984 -0.093895 1.752720
v 0.021543 -0.093988 1.755033
v 0.017686 -0.094673 1.760896
v 0.021960 -0.094454 1.760036
v 0.021012 -0.094750 1.763504
v 0.016529 -0.094931 1.762337
v 0.018562 -0.094958 1.766239
v 0.014666 -0.095166 1.767039
v 0.013011 -0.095440 1.762299
v 0.010754 -0.095479 1.765932
v 0.002463 -0.095402 1.747312
v -0.001921 -0.095462 1.748172
v -0.001603 -0.095139 1.743991
v 0.003340 -0.094931 1.744062
v 0.000507 -0.094909 1.740659
v 0.005066 -0.094673 1.743394
v 0.004134 -0.094668 1.739333
v 0.007345 -0.094454 1.739711
v 0.012600 -0.093988 1.741936
v 0.012704 -0.093950 1.746687
v 0.018469 -0.093215 1.744583
v 0.015833 -0.093281 1.740818
v 0.019423 -0.090355 1.739421
v 0.022064 -0.090355 1.743180
v 0.060400 -0.083774 1.728434
v 0.060833 -0.086267 1.727990
v 0.061046 -0.083549 1.722028
v 0.061419 -0.086064 1.722143
v 0.056416 -0.085144 1.714565
v 0.056668 -0.087703 1.714494
v 0.064992 -0.082190 1.706214
v 0.065721 -0.084541 1.705386
v 0.065534 -0.082004 1.704225
v 0.058800 -0.086969 1.722571
v 0.054383 -0.088486 1.715562
v 0.053983 -0.088695 1.713880
v 0.054761 -0.088360 1.712269
v 0.062921 -0.085549 1.704203
v 0.065891 -0.084525 1.704219
v 0.058252 -0.087155 1.728007
v 0.057539 -0.084760 1.722730
v 0.053189 -0.086256 1.715776
v 0.052734 -0.086481 1.713809
v 0.053594 -0.086119 1.712006
v 0.061551 -0.083379 1.704126
v 0.056964 -0.084957 1.728461
v 0.057342 -0.084826 1.687561
v 0.058559 -0.087051 1.687912
v 0.056772 -0.085023 1.696164
v 0.058022 -0.087237 1.696049
v 0.060608 -0.086344 1.695380
v 0.065754 -0.084618 1.703348
v 0.064964 -0.082201 1.702603
v 0.061189 -0.086147 1.687128
v 0.060214 -0.083840 1.695243
v 0.060783 -0.083642 1.686536
v 0.055243 -0.086240 1.693989
v 0.059572 -0.084103 1.690038
v 0.054734 -0.086601 1.700197
v 0.058334 -0.084968 1.705019
v 0.065178 -0.081434 1.690651
v 0.063940 -0.082300 1.705638
v 0.068778 -0.079801 1.695479
v 0.068269 -0.080163 1.701688
v 0.021225 -0.091002 1.740550
v 0.025653 -0.087489 1.746386
v 0.021406 -0.088245 1.740561
v 0.026004 -0.090152 1.747098
v 0.038563 -0.087670 1.739991
v 0.039561 -0.090152 1.740583
v 0.050175 -0.084125 1.731059
v 0.052273 -0.086273 1.730807
v 0.051490 -0.089188 1.730757
v 0.044317 -0.087692 1.719902
v 0.026968 -0.092552 1.746084
v 0.039878 -0.092733 1.739689
v 0.032804 -0.093994 1.729996
v 0.044416 -0.090448 1.721064
v 0.022721 -0.093309 1.740265
v 0.031604 -0.091577 1.729678
v 0.044317 -0.087692 1.719902
v 0.043100 -0.085385 1.721365
v 0.031489 -0.088930 1.730297
v 0.021225 -0.091002 1.740550
v 0.021406 -0.088245 1.740561
v 0.043479 -0.094635 1.731399
v 0.044147 -0.088530 1.732878
v 0.041889 -0.089078 1.731859
v 0.045670 -0.094109 1.732396
v 0.046586 -0.087862 1.732610
v 0.048038 -0.093451 1.732127
v 0.048536 -0.087237 1.731108
v 0.049939 -0.092848 1.730675
v 0.050153 -0.089281 1.728642
v 0.049490 -0.086837 1.728796
v 0.045248 -0.094087 1.730259
v 0.047944 -0.093341 1.729957
v 0.050865 -0.092459 1.728418
v 0.049846 -0.089204 1.726116
v 0.050920 -0.088821 1.725371
v 0.052060 -0.088481 1.724916
v 0.054065 -0.088004 1.725069
v 0.045566 -0.094985 1.730029
v 0.048087 -0.094289 1.729749
v 0.049073 -0.093873 1.727349
v 0.049002 -0.092892 1.727387
v 0.050569 -0.092382 1.725968
v 0.048366 -0.089473 1.724072
v 0.049791 -0.089095 1.724845
v 0.045895 -0.094848 1.729240
v 0.047583 -0.094383 1.729048
v 0.048240 -0.094103 1.727442
v 0.047539 -0.094152 1.725234
v 0.047364 -0.093193 1.725119
v 0.049134 -0.092646 1.723984
v 0.046569 -0.097128 1.728949
v 0.048120 -0.096722 1.728779
v 0.048723 -0.096470 1.727311
v 0.047780 -0.096618 1.726023
v 0.047216 -0.094289 1.726023
v 0.045528 -0.094755 1.726215
v 0.045024 -0.094848 1.725513
v 0.044662 -0.093939 1.725426
v 0.044569 -0.093829 1.723256
v 0.046936 -0.093172 1.722987
v 0.046229 -0.097024 1.726193
v 0.045627 -0.097276 1.727656
v 0.044865 -0.095035 1.727820
v 0.044037 -0.095265 1.727913
v 0.043605 -0.094388 1.727990
v 0.041741 -0.094826 1.726965
v 0.042668 -0.094432 1.724702
v 0.045895 -0.094848 1.729240
v 0.045566 -0.094985 1.730029
v 0.045248 -0.094087 1.730259
v 0.042037 -0.094898 1.729409
v 0.040410 -0.089347 1.729809
v 0.040103 -0.089270 1.727289
v 0.046569 -0.097128 1.728949
v 0.041056 -0.088865 1.724976
v 0.043013 -0.088245 1.723475
v 0.046109 -0.090021 1.723047
v 0.049336 -0.089144 1.723661
v 0.045446 -0.087571 1.723201
v 0.049714 -0.086229 1.720127
v 0.050372 -0.088673 1.719973
v 0.049819 -0.088936 1.722505
v 0.050372 -0.088673 1.719973
v 0.050958 -0.088596 1.722050
v 0.052032 -0.088284 1.720867
v 0.052087 -0.088322 1.722576
v 0.053523 -0.087949 1.722461
v 0.052542 -0.088273 1.723760
v 0.041889 -0.089078 1.731859
v 0.043479 -0.094635 1.731399
v 0.054065 -0.088004 1.725069
v 0.053408 -0.085555 1.725228
v 0.048120 -0.096722 1.728779
v 0.047780 -0.096618 1.726023
v 0.048723 -0.096470 1.727311
v 0.046229 -0.097024 1.726193
v 0.046569 -0.097128 1.728949
v 0.045627 -0.097276 1.727656
v 0.050372 -0.088673 1.719973
v 0.049714 -0.086229 1.720127
v 0.052032 -0.088284 1.720867
v 0.051375 -0.085840 1.721020
v 0.053523 -0.087949 1.722461
v 0.052865 -0.085505 1.722615
v 0.053408 -0.085555 1.725228
v 0.054065 -0.088004 1.725069
v 0.100221 0.055038 1.696049
v 0.099185 0.055340 1.695002
v 0.100594 0.054660 1.695786
v 0.099355 0.055022 1.694531
v 0.097985 0.056030 1.693939
v 0.097569 0.056753 1.694597
v 0.096851 0.057411 1.694164
v 0.096604 0.058490 1.695517
v 0.096259 0.058797 1.695150
v 0.100884 0.057444 1.699830
v 0.100961 0.056205 1.698602
v 0.101476 0.056057 1.698844
v 0.099991 0.057937 1.699518
v 0.099750 0.058825 1.700055
v 0.098380 0.059356 1.699118
v 0.098385 0.059833 1.699463
v 0.097141 0.060195 1.698208
v 0.097344 0.059658 1.698071
v 0.102079 0.056304 1.695687
v 0.100309 0.060332 1.698597
v 0.102237 0.058008 1.698208
v 0.098226 0.060956 1.696465
v 0.099996 0.056929 1.693556
v 0.098067 0.059258 1.693945
v 0.023291 0.090355 1.744912
v 0.039900 0.090766 1.732977
v 0.039719 0.088059 1.732741
v 0.023467 0.093056 1.745147
v 0.025845 0.093056 1.748364
v 0.042278 0.090766 1.736193
v 0.026026 0.090355 1.748605
v 0.042454 0.088059 1.736434
v 0.020825 0.093281 1.747876
v 0.021001 0.095983 1.748112
v 0.023390 0.095983 1.751334
v 0.023560 0.093281 1.751569
v 0.016984 0.093895 1.752720
v 0.017258 0.096607 1.752879
v 0.021242 0.096684 1.754852
v 0.021543 0.093988 1.755033
v 0.017686 0.094673 1.760896
v 0.017921 0.097369 1.760973
v 0.021697 0.097177 1.760200
v 0.021960 0.094454 1.760036
v 0.016529 0.094931 1.762337
v 0.016644 0.097539 1.762545
v 0.020798 0.097457 1.763438
v 0.021012 0.094750 1.763504
v 0.013011 0.095440 1.762299
v 0.012918 0.097868 1.762589
v 0.014694 0.097857 1.766797
v 0.018436 0.097659 1.766052
v 0.018562 0.094958 1.766239
v 0.002167 0.097840 1.747295
v 0.001718 0.098323 1.750830
v 0.009603 0.098323 1.761800
v 0.010907 0.098158 1.765630
v 0.010754 0.095479 1.765932
v 0.014666 0.095166 1.767039
v 0.002463 0.095402 1.747312
v 0.003181 0.097539 1.743887
v -0.001384 0.097829 1.744062
v -0.001614 0.098142 1.748123
v -0.000233 0.098323 1.751410
v -0.001921 0.095462 1.748172
v 0.008436 0.098323 1.763466
v 0.003340 0.094931 1.744062
v 0.005071 0.097369 1.743147
v 0.004129 0.097375 1.739563
v 0.000638 0.097610 1.740846
v -0.001603 0.095139 1.743991
v 0.005066 0.094673 1.743394
v 0.012644 0.096657 1.746380
v 0.012677 0.096690 1.742276
v 0.007104 0.097177 1.739909
v 0.004134 0.094668 1.739333
v 0.000507 0.094909 1.740659
v 0.012704 0.093950 1.746687
v 0.018305 0.095922 1.744342
v 0.015998 0.095983 1.741059
v 0.012600 0.093988 1.741936
v 0.007345 0.094454 1.739711
v 0.018469 0.093215 1.744583
v 0.021894 0.093056 1.742939
v 0.019592 0.093056 1.739662
v 0.015833 0.093281 1.740818
v 0.022064 0.090355 1.743180
v 0.038629 0.090766 1.731190
v 0.036333 0.090766 1.727919
v 0.019423 0.090355 1.739421
v 0.038799 0.088059 1.731437
v 0.036163 0.088059 1.727672
v 0.001882 0.099955 1.751871
v 0.009603 0.098323 1.761800
v 0.001718 0.098323 1.750830
v 0.008666 0.099955 1.761312
v 0.000803 0.099955 1.752254
v 0.007959 0.099955 1.762216
v 0.009603 0.098323 1.761800
v 0.008436 0.098323 1.763466
v -0.000233 0.098323 1.751410
v 0.001718 0.098323 1.750830
v -0.000233 0.098323 1.751410
v 0.026026 0.090355 1.748605
v 0.020825 0.093281 1.747876
v 0.023291 0.090355 1.744912
v 0.023560 0.093281 1.751569
v 0.016984 0.093895 1.752720
v 0.021543 0.093988 1.755033
v 0.017686 0.094673 1.760896
v 0.021960 0.094454 1.760036
v 0.021012 0.094750 1.763504
v 0.016529 0.094931 1.762337
v 0.018562 0.094958 1.766239
v 0.014666 0.095166 1.767039
v 0.013011 0.095440 1.762299
v 0.010754 0.095479 1.765932
v 0.002463 0.095402 1.747312
v -0.001921 0.095462 1.748172
v -0.001603 0.095139 1.743991
v 0.003340 0.094931 1.744062
v 0.000507 0.094909 1.740659
v 0.005066 0.094673 1.743394
v 0.004134 0.094668 1.739333
v 0.007345 0.094454 1.739711
v 0.012600 0.093988 1.741936
v 0.012704 0.093950 1.746687
v 0.018469 0.093215 1.744583
v 0.015833 0.093281 1.740818
v 0.019423 0.090355 1.739421
v 0.022064 0.090355 1.743180
v 0.060400 0.083774 1.728434
v 0.061046 0.083549 1.722028
v 0.060833 0.086267 1.727990
v 0.061419 0.086064 1.722143
v 0.058800 0.086969 1.722571
v 0.058252 0.087155 1.728007
v 0.057539 0.084760 1.722730
v 0.056964 0.084957 1.728461
v 0.056416 0.085144 1.714565
v 0.056668 0.087703 1.714494
v 0.054383 0.088486 1.715562
v 0.053189 0.086256 1.715776
v 0.052734 0.086481 1.713809
v 0.053983 0.088695 1.713880
v 0.054761 0.088360 1.712269
v 0.053594 0.086119 1.712006
v 0.064992 0.082190 1.706214
v 0.065721 0.084541 1.705386
v 0.062921 0.085549 1.704203
v 0.065534 0.082004 1.704225
v 0.065891 0.084525 1.704219
v 0.065754 0.084618 1.703348
v 0.060608 0.086344 1.695380
v 0.058022 0.087237 1.696049
v 0.061551 0.083379 1.704126
v 0.064964 0.082201 1.702603
v 0.060214 0.083840 1.695243
v 0.061189 0.086147 1.687128
v 0.058559 0.087051 1.687912
v 0.056772 0.085023 1.696164
v 0.060783 0.083642 1.686536
v 0.057342 0.084826 1.687561
v 0.055243 0.086240 1.693989
v 0.054734 0.086601 1.700197
v 0.059572 0.084103 1.690038
v 0.058334 0.084968 1.705019
v 0.065178 0.081434 1.690651
v 0.063940 0.082300 1.705638
v 0.068778 0.079801 1.695479
v 0.068269 0.080163 1.701688
v 0.025653 0.087489 1.746386
v 0.021225 0.091002 1.740550
v 0.021406 0.088245 1.740561
v 0.026004 0.090152 1.747098
v 0.026968 0.092552 1.746084
v 0.022721 0.093309 1.740265
v 0.032804 0.093994 1.729996
v 0.031604 0.091577 1.729678
v 0.021225 0.091002 1.740550
v 0.038563 0.087670 1.739991
v 0.039561 0.090152 1.740583
v 0.039878 0.092733 1.739689
v 0.051490 0.089188 1.730757
v 0.044416 0.090448 1.721064
v 0.050175 0.084125 1.731059
v 0.052273 0.086273 1.730807
v 0.044317 0.087692 1.719902
v 0.044317 0.087692 1.719902
v 0.043100 0.085385 1.721365
v 0.031489 0.088930 1.730297
v 0.021406 0.088245 1.740561
v 0.044147 0.088530 1.732878
v 0.043479 0.094635 1.731399
v 0.041889 0.089078 1.731859
v 0.045670 0.094109 1.732396
v 0.045248 0.094087 1.730259
v 0.047944 0.093341 1.729957
v 0.045566 0.094985 1.730029
v 0.048087 0.094289 1.729749
v 0.045895 0.094848 1.729240
v 0.046586 0.087862 1.732610
v 0.048038 0.093451 1.732127
v 0.049939 0.092848 1.730675
v 0.050865 0.092459 1.728418
v 0.049002 0.092892 1.727387
v 0.049073 0.093873 1.727349
v 0.047583 0.094383 1.729048
v 0.046569 0.097128 1.728949
v 0.048536 0.087237 1.731108
v 0.050153 0.089281 1.728642
v 0.049846 0.089204 1.726116
v 0.050569 0.092382 1.725968
v 0.049134 0.092646 1.723984
v 0.047364 0.093193 1.725119
v 0.047539 0.094152 1.725234
v 0.049490 0.086837 1.728796
v 0.054065 0.088004 1.725069
v 0.053408 0.085555 1.725228
v 0.048120 0.096722 1.728779
v 0.048240 0.094103 1.727442
v 0.048723 0.096470 1.727311
v 0.047780 0.096618 1.726023
v 0.047216 0.094289 1.726023
v 0.046229 0.097024 1.726193
v 0.045528 0.094755 1.726215
v 0.045627 0.097276 1.727656
v 0.045024 0.094848 1.725513
v 0.044037 0.095265 1.727913
v 0.044865 0.095035 1.727820
v 0.045895 0.094848 1.729240
v 0.046569 0.097128 1.728949
v 0.044662 0.093939 1.725426
v 0.043605 0.094388 1.727990
v 0.045248 0.094087 1.730259
v 0.045566 0.094985 1.730029
v 0.044569 0.093829 1.723256
v 0.042668 0.094432 1.724702
v 0.041741 0.094826 1.726965
v 0.042037 0.094898 1.729409
v 0.043479 0.094635 1.731399
v 0.041889 0.089078 1.731859
v 0.040410 0.089347 1.729809
v 0.046936 0.093172 1.722987
v 0.046109 0.090021 1.723047
v 0.043013 0.088245 1.723475
v 0.041056 0.088865 1.724976
v 0.040103 0.089270 1.727289
v 0.048366 0.089473 1.724072
v 0.049336 0.089144 1.723661
v 0.049819 0.088936 1.722505
v 0.050372 0.088673 1.719973
v 0.050958 0.088596 1.722050
v 0.052032 0.088284 1.720867
v 0.049791 0.089095 1.724845
v 0.050920 0.088821 1.725371
v 0.052060 0.088481 1.724916
v 0.054065 0.088004 1.725069
v 0.052542 0.088273 1.723760
v 0.053523 0.087949 1.722461
v 0.052087 0.088322 1.722576
v 0.045446 0.087571 1.723201
v 0.049714 0.086229 1.720127
v 0.050372 0.088673 1.719973
v 0.048723 0.096470 1.727311
v 0.047780 0.096618 1.726023
v 0.048120 0.096722 1.728779
v 0.046229 0.097024 1.726193
v 0.046569 0.097128 1.728949
v 0.045627 0.097276 1.727656
v 0.050372 0.088673 1.719973
v 0.052032 0.088284 1.720867
v 0.049714 0.086229 1.720127
v 0.051375 0.085840 1.721020
v 0.053523 0.087949 1.722461
v 0.052865 0.085505 1.722615
v 0.053408 0.085555 1.725228
v 0.054065 0.088004 1.725069
v 0.112309 -0.064272 1.765433
v 0.113904 -0.067444 1.765658
v 0.123696 -0.059307 1.754868
v 0.125521 -0.062945 1.755126
v 0.118244 -0.065340 1.751262
v 0.123696 -0.059307 1.754868
v 0.120556 -0.064332 1.749120
v 0.112309 -0.064272 1.765433
v 0.106046 -0.074288 1.753969
v 0.115120 -0.070332 1.745553
v 0.123345 -0.066425 1.751147
v 0.118244 -0.065340 1.751262
v 0.120556 -0.064332 1.749120
v 0.120156 -0.067811 1.754106
v 0.118260 -0.070853 1.750627
v 0.115849 -0.071214 1.746638
v 0.115120 -0.070332 1.745553
v 0.115120 -0.070332 1.745553
v 0.115849 -0.071214 1.746638
v 0.106046 -0.074288 1.753969
v 0.114961 -0.073647 1.750468
v 0.108895 -0.076294 1.756096
v 0.114961 -0.073647 1.750468
v 0.115849 -0.071214 1.746638
v 0.118260 -0.070853 1.750627
v 0.108895 -0.076294 1.756096
v 0.120156 -0.067811 1.754106
v 0.113904 -0.067444 1.765658
v 0.125521 -0.062945 1.755126
v 0.123345 -0.066425 1.751147
v 0.112309 0.064272 1.765433
v 0.123696 0.059307 1.754868
v 0.113904 0.067444 1.765658
v 0.125521 0.062945 1.755126
v 0.118244 0.065340 1.751262
v 0.120556 0.064332 1.749120
v 0.123696 0.059307 1.754868
v 0.112309 0.064272 1.765433
v 0.106046 0.074288 1.753969
v 0.115120 0.070332 1.745553
v 0.120556 0.064332 1.749120
v 0.118244 0.065340 1.751262
v 0.123345 0.066425 1.751147
v 0.120156 0.067811 1.754106
v 0.118260 0.070853 1.750627
v 0.115849 0.071214 1.746638
v 0.115120 0.070332 1.745553
v 0.115120 0.070332 1.745553
v 0.106046 0.074288 1.753969
v 0.115849 0.071214 1.746638
v 0.114961 0.073647 1.750468
v 0.108895 0.076294 1.756096
v 0.114961 0.073647 1.750468
v 0.118260 0.070853 1.750627
v 0.115849 0.071214 1.746638
v 0.108895 0.076294 1.756096
v 0.120156 0.067811 1.754106
v 0.113904 0.067444 1.765658
v 0.125521 0.062945 1.755126
v 0.123345 0.066425 1.751147
v 0.063200 0.082316 1.709650
v 0.062855 0.082497 1.713803
v 0.066104 0.080952 1.706992
v 0.065271 0.081390 1.717014
v 0.069869 0.079209 1.707381
v 0.069041 0.079648 1.717403
v 0.072291 0.078102 1.710592
v 0.071946 0.078283 1.714740
v 0.063195 -0.082316 1.709650
v 0.066104 -0.080952 1.706992
v 0.062855 -0.082497 1.713803
v 0.065271 -0.081390 1.717014
v 0.069869 -0.079209 1.707381
v 0.069041 -0.079648 1.717403
v 0.072291 -0.078102 1.710592
v 0.071946 -0.078283 1.714740
v 0.122896 -0.009020 1.634101
v 0.119192 -0.010028 1.624391
v 0.128721 -0.005589 1.619059
v 0.122896 0.000000 1.634101
v 0.137045 -0.006921 1.681939
v 0.105334 -0.017601 1.643098
v 0.134184 -0.018472 1.690471
v 0.099777 -0.031059 1.688153
v 0.097410 -0.023042 1.637838
v 0.082664 -0.034572 1.646173
v 0.128688 0.000000 1.619234
v 0.065923 -0.045991 1.657433
v 0.087015 -0.041629 1.703310
v 0.069403 -0.051400 1.709260
v 0.102369 -0.032095 1.703857
v 0.145472 -0.031854 1.699983
v 0.149401 -0.032434 1.705452
v 0.134749 0.000000 1.690947
v 0.137045 0.000000 1.681939
v 0.149736 -0.036457 1.705869
v 0.132212 -0.043153 1.705134
v 0.149401 -0.032434 1.705452
v 0.102369 -0.032095 1.703857
v 0.129559 -0.044895 1.705743
v 0.087015 -0.041629 1.703310
v 0.113378 -0.062332 1.716170
v 0.090856 -0.073121 1.722258
v 0.069403 -0.051400 1.709260
v 0.130579 -0.042671 1.707923
v 0.134321 -0.049306 1.711962
v 0.136130 -0.054342 1.737947
v 0.122792 -0.063187 1.746183
v 0.101843 -0.074973 1.756402
v 0.065304 -0.077231 1.724165
v 0.072050 -0.059734 1.708811
v 0.065923 -0.045991 1.657433
v 0.134475 -0.046309 1.713080
v 0.135817 -0.051186 1.736999
v 0.139121 -0.049438 1.743114
v 0.124639 -0.056326 1.762096
v 0.079710 -0.076727 1.771532
v 0.024743 -0.082272 1.754331
v 0.021340 -0.086974 1.702279
v 0.066318 -0.076387 1.700860
v 0.138700 -0.046408 1.741925
v 0.134195 -0.044106 1.760430
v 0.134814 -0.047060 1.761515
v 0.127433 -0.037383 1.777675
v 0.106638 -0.038111 1.793385
v 0.073573 -0.046726 1.808712
v 0.040772 -0.072392 1.799731
v 0.127428 -0.035251 1.775236
v 0.124929 -0.023946 1.786777
v 0.124951 -0.025897 1.789259
v 0.119038 -0.013595 1.803720
v 0.104599 -0.015113 1.813276
v 0.076675 -0.028966 1.819682
v 0.018502 -0.055537 1.818647
v 0.126469 -0.012329 1.794481
v 0.126348 -0.014335 1.797730
v 0.118457 -0.011612 1.801013
v 0.118485 0.000000 1.805008
v 0.102972 0.000000 1.815030
v 0.074768 0.000000 1.822110
v 0.118090 0.000000 1.802164
v 0.046207 0.000000 1.829272
v 0.011784 -0.025777 1.832954
v -0.003291 -0.057099 1.808624
v -0.008206 -0.077560 1.778595
v -0.025029 -0.086832 1.705282
v 0.011077 0.000000 1.834949
v -0.020382 0.000000 1.828516
v -0.020338 -0.024527 1.823162
v -0.051918 -0.043273 1.786755
v -0.079031 -0.057378 1.715025
v -0.077267 -0.075664 1.673385
v -0.044575 -0.070864 1.659170
v 0.019855 -0.071581 1.654381
v -0.064927 0.000000 1.790755
v -0.099597 0.000000 1.721376
v -0.100704 -0.042342 1.682629
v -0.084056 -0.038561 1.669801
v -0.046033 -0.062332 1.656233
v 0.011126 -0.072091 1.638632
v 0.057446 -0.059230 1.628698
v 0.071288 -0.059088 1.653554
v -0.105449 0.000000 1.685950
v -0.096040 0.000000 1.674678
v 0.071168 -0.053131 1.654124
v 0.155182 0.000000 1.705901
v 0.134184 -0.018472 1.690471
v 0.134749 0.000000 1.690947
v 0.154021 -0.031470 1.705797
v 0.145472 -0.031854 1.699983
v 0.149401 -0.032434 1.705452
v 0.154278 -0.032314 1.709113
v 0.153380 -0.037136 1.708411
v 0.149736 -0.036457 1.705869
v 0.157566 0.000000 1.716888
v 0.154437 -0.032676 1.717568
v 0.152092 -0.043756 1.728100
v 0.137078 -0.047613 1.711529
v 0.132212 -0.043153 1.705134
v 0.134475 -0.046309 1.713080
v 0.130579 -0.042671 1.707923
v 0.145100 0.000000 1.761597
v 0.144787 -0.036555 1.762436
v 0.141883 -0.047115 1.742215
v 0.138754 -0.052605 1.736330
v 0.135817 -0.051186 1.736999
v 0.138700 -0.046408 1.741925
v 0.138935 -0.014455 1.787544
v 0.127773 -0.024878 1.787840
v 0.130381 -0.036128 1.776157
v 0.137034 -0.044720 1.761718
v 0.138656 0.000000 1.788974
v 0.129269 -0.010691 1.796136
v 0.126469 -0.012329 1.794481
v 0.124929 -0.023946 1.786777
v 0.127428 -0.035251 1.775236
v 0.134195 -0.044106 1.760430
v 0.120556 0.000000 1.803605
v 0.120863 -0.009874 1.802788
v 0.118457 -0.011612 1.801013
v 0.118090 0.000000 1.802164
v 0.118457 -0.011612 1.801013
v 0.128721 -0.005589 1.619059
v 0.119192 -0.010028 1.624391
v 0.128688 -0.013776 1.618056
v 0.130644 -0.018412 1.617366
v 0.121044 -0.013661 1.597896
v 0.131647 -0.029503 1.608861
v 0.126650 -0.029147 1.595924
v 0.127680 -0.032747 1.619278
v 0.106687 -0.036610 1.603529
v 0.119208 -0.036320 1.624281
v 0.096829 -0.044616 1.637816
v 0.083026 -0.044528 1.612357
v 0.082905 -0.044336 1.610023
v 0.105262 -0.036851 1.601677
v 0.119614 -0.030999 1.634375
v 0.105361 -0.036122 1.643137
v 0.097410 -0.023042 1.637838
v 0.082664 -0.034572 1.646173
v 0.082664 -0.049591 1.645871
v 0.069173 -0.049712 1.617525
v 0.065830 -0.055263 1.620500
v 0.122896 -0.009020 1.634101
v 0.105334 -0.017601 1.643098
v 0.065923 -0.045991 1.657433
v 0.071168 -0.053131 1.654124
v 0.080587 -0.054967 1.648430
v 0.057446 -0.059230 1.628698
v 0.071288 -0.059088 1.653554
v -0.053315 -0.047180 1.661105
v -0.053304 0.000000 1.662119
v 0.006403 -0.048934 1.640342
v 0.057255 -0.037848 1.628205
v 0.102314 0.000000 1.604680
v 0.068482 -0.034358 1.617979
v 0.084757 -0.028763 1.611579
v 0.121044 -0.013661 1.597896
v 0.122973 0.000000 1.596926
v 0.123811 -0.011316 1.596926
v 0.102314 0.000000 1.604680
v 0.105931 -0.033224 1.603760
v 0.084757 -0.028763 1.611579
v 0.081979 -0.041164 1.612719
v 0.068482 -0.034358 1.617979
v 0.069173 -0.049712 1.617525
v 0.057255 -0.037848 1.628205
v 0.126650 -0.029147 1.595924
v 0.106687 -0.036610 1.603529
v 0.104495 -0.033470 1.601913
v 0.081858 -0.040966 1.610385
v 0.083026 -0.044528 1.612357
v 0.105262 -0.036851 1.601677
v 0.082905 -0.044336 1.610023
v 0.065830 -0.055263 1.620500
v 0.057446 -0.059230 1.628698
v 0.006403 -0.048934 1.640342
v 0.011126 -0.072091 1.638632
v -0.046033 -0.062332 1.656233
v -0.053315 -0.047180 1.661105
v 0.128721 -0.005589 1.619059
v 0.131417 0.000000 1.617240
v 0.128688 0.000000 1.619234
v 0.131291 -0.010970 1.616604
v 0.122973 0.000000 1.596926
v 0.123811 -0.011316 1.596926
v 0.121044 -0.013661 1.597896
v 0.128688 -0.013776 1.618056
v -0.096040 0.000000 1.674678
v -0.053304 0.000000 1.662119
v -0.084056 -0.038561 1.669801
v -0.053315 -0.047180 1.661105
v -0.046033 -0.062332 1.656233
v 0.122896 0.009020 1.634101
v 0.128721 0.005589 1.619059
v 0.119192 0.010028 1.624391
v 0.122896 0.000000 1.634101
v 0.128688 0.000000 1.619234
v 0.137045 0.006921 1.681939
v 0.137045 0.000000 1.681939
v 0.134749 0.000000 1.690947
v 0.134184 0.018472 1.690471
v 0.105334 0.017601 1.643098
v 0.099777 0.031059 1.688153
v 0.145472 0.031854 1.699983
v 0.097410 0.023042 1.637838
v 0.082664 0.034572 1.646173
v 0.065923 0.045991 1.657433
v 0.087015 0.041629 1.703310
v 0.102369 0.032095 1.703857
v 0.149401 0.032434 1.705452
v 0.069403 0.051400 1.709260
v 0.149401 0.032434 1.705452
v 0.132212 0.043153 1.705134
v 0.149736 0.036457 1.705869
v 0.102369 0.032095 1.703857
v 0.129559 0.044895 1.705743
v 0.130579 0.042671 1.707923
v 0.134321 0.049306 1.711962
v 0.134475 0.046309 1.713080
v 0.135817 0.051186 1.736999
v 0.087015 0.041629 1.703310
v 0.113378 0.062332 1.716170
v 0.136130 0.054342 1.737947
v 0.139121 0.049438 1.743114
v 0.138700 0.046408 1.741925
v 0.134195 0.044106 1.760430
v 0.134814 0.047060 1.761515
v 0.127428 0.035251 1.775236
v 0.090856 0.073121 1.722258
v 0.122792 0.063187 1.746183
v 0.124639 0.056326 1.762096
v 0.127433 0.037383 1.777675
v 0.124929 0.023946 1.786777
v 0.124951 0.025897 1.789259
v 0.126469 0.012329 1.794481
v 0.069403 0.051400 1.709260
v 0.065304 0.077231 1.724165
v 0.101843 0.074973 1.756402
v 0.079710 0.076727 1.771532
v 0.106638 0.038111 1.793385
v 0.119038 0.013595 1.803720
v 0.126348 0.014335 1.797730
v 0.118457 0.011612 1.801013
v 0.072050 0.059734 1.708811
v 0.066318 0.076387 1.700860
v 0.021340 0.086974 1.702279
v 0.024743 0.082272 1.754331
v 0.065923 0.045991 1.657433
v 0.071168 0.053131 1.654124
v 0.071288 0.059088 1.653554
v 0.019855 0.071581 1.654381
v -0.025029 0.086832 1.705282
v -0.008206 0.077560 1.778595
v 0.040772 0.072392 1.799731
v 0.073573 0.046726 1.808712
v 0.057446 0.059230 1.628698
v 0.011126 0.072091 1.638632
v -0.044575 0.070864 1.659170
v -0.077267 0.075664 1.673385
v -0.079031 0.057378 1.715025
v -0.051918 0.043273 1.786755
v -0.003291 0.057099 1.808624
v 0.018502 0.055537 1.818647
v -0.046033 0.062332 1.656233
v -0.084056 0.038561 1.669801
v -0.100704 0.042342 1.682629
v -0.099597 0.000000 1.721376
v -0.064927 0.000000 1.790755
v -0.020338 0.024527 1.823162
v 0.011784 0.025777 1.832954
v 0.076675 0.028966 1.819682
v -0.096040 0.000000 1.674678
v -0.105449 0.000000 1.685950
v 0.104599 0.015113 1.813276
v 0.118485 0.000000 1.805008
v 0.074768 0.000000 1.822110
v 0.102972 0.000000 1.815030
v 0.046207 0.000000 1.829272
v 0.011077 0.000000 1.834949
v -0.020382 0.000000 1.828516
v 0.118090 0.000000 1.802164
v 0.134184 0.018472 1.690471
v 0.155182 0.000000 1.705901
v 0.134749 0.000000 1.690947
v 0.154021 0.031470 1.705797
v 0.154278 0.032314 1.709113
v 0.157566 0.000000 1.716888
v 0.154437 0.032676 1.717568
v 0.145100 0.000000 1.761597
v 0.145472 0.031854 1.699983
v 0.149401 0.032434 1.705452
v 0.153380 0.037136 1.708411
v 0.152092 0.043756 1.728100
v 0.144787 0.036555 1.762436
v 0.138935 0.014455 1.787544
v 0.138656 0.000000 1.788974
v 0.129269 0.010691 1.796136
v 0.120556 0.000000 1.803605
v 0.149736 0.036457 1.705869
v 0.137078 0.047613 1.711529
v 0.138754 0.052605 1.736330
v 0.141883 0.047115 1.742215
v 0.137034 0.044720 1.761718
v 0.130381 0.036128 1.776157
v 0.127773 0.024878 1.787840
v 0.132212 0.043153 1.705134
v 0.134475 0.046309 1.713080
v 0.135817 0.051186 1.736999
v 0.138700 0.046408 1.741925
v 0.134195 0.044106 1.760430
v 0.127428 0.035251 1.775236
v 0.130579 0.042671 1.707923
v 0.124929 0.023946 1.786777
v 0.126469 0.012329 1.794481
v 0.120863 0.009874 1.802788
v 0.118090 0.000000 1.802164
v 0.118457 0.011612 1.801013
v 0.118457 0.011612 1.801013
v 0.128721 0.005589 1.619059
v 0.128688 0.013776 1.618056
v 0.119192 0.010028 1.624391
v 0.130644 0.018412 1.617366
v 0.127680 0.032747 1.619278
v 0.119208 0.036320 1.624281
v 0.119614 0.030999 1.634375
v 0.122896 0.009020 1.634101
v 0.105334 0.017601 1.643098
v 0.121044 0.013661 1.597896
v 0.131647 0.029503 1.608861
v 0.126650 0.029147 1.595924
v 0.106687 0.036610 1.603529
v 0.096829 0.044616 1.637816
v 0.105361 0.036122 1.643137
v 0.097410 0.023042 1.637838
v 0.082664 0.034572 1.646173
v 0.082664 0.049591 1.645871
v 0.065923 0.045991 1.657433
v 0.071168 0.053131 1.654124
v 0.080587 0.054967 1.648430
v 0.071288 0.059088 1.653554
v 0.057446 0.059230 1.628698
v 0.065830 0.055263 1.620500
v 0.083026 0.044528 1.612357
v 0.069173 0.049712 1.617525
v 0.082905 0.044336 1.610023
v 0.105262 0.036851 1.601677
v -0.053315 0.047180 1.661105
v 0.006403 0.048934 1.640342
v -0.053304 0.000000 1.662119
v 0.057255 0.037848 1.628205
v 0.102314 0.000000 1.604680
v 0.068482 0.034358 1.617979
v 0.084757 0.028763 1.611579
v 0.121044 0.013661 1.597896
v 0.123811 0.011316 1.596926
v 0.122973 0.000000 1.596926
v 0.102314 0.000000 1.604680
v 0.105931 0.033224 1.603760
v 0.126650 0.029147 1.595924
v 0.106687 0.036610 1.603529
v 0.104495 0.033470 1.601913
v 0.105262 0.036851 1.601677
v 0.081858 0.040966 1.610385
v 0.082905 0.044336 1.610023
v 0.084757 0.028763 1.611579
v 0.081979 0.041164 1.612719
v 0.083026 0.044528 1.612357
v 0.068482 0.034358 1.617979
v 0.069173 0.049712 1.617525
v 0.057255 0.037848 1.628205
v 0.065830 0.055263 1.620500
v 0.057446 0.059230 1.628698
v 0.006403 0.048934 1.640342
v 0.011126 0.072091 1.638632
v -0.046033 0.062332 1.656233
v -0.053315 0.047180 1.661105
v 0.131417 0.000000 1.617240
v 0.128721 0.005589 1.619059
v 0.128688 0.000000 1.619234
v 0.131291 0.010970 1.616604
v 0.128688 0.013776 1.618056
v 0.121044 0.013661 1.597896
v 0.123811 0.011316 1.596926
v 0.122973 0.000000 1.596926
v -0.096040 0.000000 1.674678
v -0.084056 0.038561 1.669801
v -0.053304 0.000000 1.662119
v -0.053315 0.047180 1.661105
v -0.046033 0.062332 1.656233
v 0.083864 -0.027470 1.606604
v 0.102840 0.000000 1.605382
v 0.085519 -0.029952 1.614264
v 0.100100 0.000000 1.601261
v 0.064499 0.000000 1.603360
v 0.062942 -0.024664 1.606560
v 0.012688 0.000000 1.632205
v 0.005970 -0.047915 1.637800
v -0.053019 0.000000 1.658129
v -0.052712 -0.047400 1.656951
v 0.005619 -0.052731 1.657099
v -0.052537 -0.048090 1.661762
v 0.042963 -0.041164 1.623793
v 0.085519 -0.029952 1.614264
v 0.085519 0.029952 1.614264
v 0.102840 0.000000 1.605382
v 0.083864 0.027470 1.606604
v 0.100100 0.000000 1.601261
v 0.064499 0.000000 1.603360
v 0.062942 0.024664 1.606560
v 0.042963 0.041164 1.623793
v 0.085519 0.029952 1.614264
v 0.005619 0.052731 1.657099
v 0.005970 0.047915 1.637800
v -0.052712 0.047400 1.656951
v -0.052537 0.048090 1.661762
v 0.012688 0.000000 1.632205
v -0.053019 0.000000 1.658129
v -0.087722 -0.037673 1.764534
v -0.090062 -0.040933 1.764359
v -0.085892 -0.040829 1.763290
v -0.089909 -0.039443 1.764501
v -0.098720 -0.039476 1.752249
v -0.098742 -0.040977 1.752265
v -0.096446 -0.040994 1.748928
v -0.085892 -0.040829 1.763290
v -0.098156 -0.037684 1.750227
v -0.087722 -0.037673 1.764534
v -0.098156 -0.037684 1.750227
v -0.096446 -0.040994 1.748928
v -0.098156 -0.037684 1.750227
v -0.087722 -0.037673 1.764534
v -0.096446 -0.040994 1.748928
v -0.085892 -0.040829 1.763290
v -0.085892 0.040829 1.763290
v -0.090062 0.040933 1.764359
v -0.087722 0.037673 1.764534
v -0.089909 0.039443 1.764501
v -0.098720 0.039476 1.752249
v -0.098156 0.037684 1.750227
v -0.087722 0.037673 1.764534
v -0.098742 0.040977 1.752265
v -0.098156 0.037684 1.750227
v -0.096446 0.040994 1.748928
v -0.096446 0.040994 1.748928
v -0.085892 0.040829 1.763290
v -0.098156 0.037684 1.750227
v -0.096446 0.040994 1.748928
v -0.087722 0.037673 1.764534
v -0.085892 0.040829 1.763290
v 0.066773 -0.081631 1.721420
v 0.068230 -0.080870 1.716110
v 0.066060 -0.080837 1.720773
v 0.067277 -0.080207 1.716340
v 0.064882 -0.082618 1.703666
v 0.062608 -0.083801 1.705616
v 0.062712 -0.082585 1.705682
v 0.066992 -0.080355 1.702537
v 0.067710 -0.081144 1.701874
v 0.061468 -0.083237 1.716324
v 0.063315 -0.083434 1.714768
v 0.061359 -0.084453 1.716198
v 0.063288 -0.082289 1.714992
v 0.062921 -0.082475 1.712948
v 0.062986 -0.083604 1.712899
v 0.063255 -0.082300 1.710126
v 0.063353 -0.083412 1.709967
v 0.064252 -0.082946 1.707858
v 0.064258 -0.081779 1.707797
v 0.062712 -0.082585 1.705682
v 0.062608 -0.083801 1.705616
v 0.067710 -0.081144 1.701874
v 0.066992 -0.080355 1.702537
v 0.068992 -0.080475 1.707359
v 0.068044 -0.079807 1.707063
v 0.066773 -0.081631 1.721420
v 0.066981 -0.082601 1.720773
v 0.068230 -0.080870 1.716110
v 0.068203 -0.081982 1.716340
v 0.066378 -0.081834 1.714587
v 0.066444 -0.082897 1.714948
v 0.065584 -0.083346 1.712609
v 0.065556 -0.082267 1.712367
v 0.065682 -0.083297 1.710729
v 0.065682 -0.082196 1.710915
v 0.064378 -0.083955 1.718910
v 0.064203 -0.084048 1.714992
v 0.063841 -0.084234 1.712948
v 0.064175 -0.084059 1.710126
v 0.065173 -0.083538 1.707797
v 0.067025 -0.082596 1.708663
v 0.066970 -0.081527 1.708987
v 0.063671 -0.083248 1.719266
v 0.062384 -0.084996 1.716324
v 0.063315 -0.083434 1.714768
v 0.062986 -0.083604 1.712899
v 0.063353 -0.083412 1.709967
v 0.064252 -0.082946 1.707858
v 0.066773 -0.081631 1.721420
v 0.061359 -0.084453 1.716198
v 0.061359 -0.084453 1.716198
v 0.063627 -0.084344 1.705682
v 0.062608 -0.083801 1.705616
v 0.065545 -0.083346 1.704044
v 0.068970 -0.081582 1.707063
v 0.068992 -0.080475 1.707359
v 0.067913 -0.082114 1.702537
v 0.067710 -0.081144 1.701874
v 0.064882 -0.082618 1.703666
v 0.062608 -0.083801 1.705616
v 0.067710 -0.081144 1.701874
v 0.063671 -0.083248 1.719266
v 0.066773 -0.081631 1.721420
v 0.066060 -0.080837 1.720773
v 0.061468 -0.083237 1.716324
v 0.061359 -0.084453 1.716198
v 0.066773 0.081631 1.721420
v 0.066060 0.080837 1.720773
v 0.068230 0.080870 1.716110
v 0.067277 0.080207 1.716340
v 0.064882 0.082618 1.703666
v 0.062712 0.082585 1.705682
v 0.062608 0.083801 1.705616
v 0.066992 0.080355 1.702537
v 0.067710 0.081144 1.701874
v 0.063315 0.083434 1.714768
v 0.061468 0.083237 1.716324
v 0.061359 0.084453 1.716198
v 0.063288 0.082289 1.714992
v 0.062921 0.082475 1.712948
v 0.062986 0.083604 1.712899
v 0.063255 0.082300 1.710126
v 0.063353 0.083412 1.709967
v 0.064252 0.082946 1.707858
v 0.064258 0.081779 1.707797
v 0.062712 0.082585 1.705682
v 0.062608 0.083801 1.705616
v 0.068044 0.079807 1.707063
v 0.066992 0.080355 1.702537
v 0.068992 0.080475 1.707359
v 0.067710 0.081144 1.701874
v 0.066773 0.081631 1.721420
v 0.068230 0.080870 1.716110
v 0.066981 0.082601 1.720773
v 0.068203 0.081982 1.716340
v 0.064378 0.083955 1.718910
v 0.063671 0.083248 1.719266
v 0.066773 0.081631 1.721420
v 0.066378 0.081834 1.714587
v 0.066444 0.082897 1.714948
v 0.064203 0.084048 1.714992
v 0.062384 0.084996 1.716324
v 0.061359 0.084453 1.716198
v 0.065584 0.083346 1.712609
v 0.063841 0.084234 1.712948
v 0.063315 0.083434 1.714768
v 0.061359 0.084453 1.716198
v 0.065556 0.082267 1.712367
v 0.065682 0.083297 1.710729
v 0.064175 0.084059 1.710126
v 0.062986 0.083604 1.712899
v 0.065682 0.082196 1.710915
v 0.067025 0.082596 1.708663
v 0.065173 0.083538 1.707797
v 0.064252 0.082946 1.707858
v 0.063353 0.083412 1.709967
v 0.066970 0.081527 1.708987
v 0.068970 0.081582 1.707063
v 0.065545 0.083346 1.704044
v 0.063627 0.084344 1.705682
v 0.062608 0.083801 1.705616
v 0.068992 0.080475 1.707359
v 0.067913 0.082114 1.702537
v 0.064882 0.082618 1.703666
v 0.062608 0.083801 1.705616
v 0.067710 0.081144 1.701874
v 0.067710 0.081144 1.701874
v 0.063671 0.083248 1.719266
v 0.066060 0.080837 1.720773
v 0.066773 0.081631 1.721420
v 0.061468 0.083237 1.716324
v 0.061359 0.084453 1.716198
v 0.126589 -0.037125 1.778716
v 0.127773 -0.040347 1.777543
v 0.128003 -0.039465 1.775297
v 0.126978 -0.039037 1.779461
v 0.105997 -0.048704 1.787105
v 0.105136 -0.048337 1.785313
v 0.128003 -0.039465 1.775297
v 0.106386 -0.046342 1.788914
v 0.080023 -0.058551 1.797402
v 0.079387 -0.058145 1.795533
v 0.105514 -0.044599 1.788360
v 0.077683 -0.054896 1.799298
v 0.078516 -0.056633 1.799944
v 0.059622 -0.064096 1.801205
v 0.058476 -0.067017 1.798711
v 0.058197 -0.066392 1.796821
v 0.044103 -0.072754 1.797330
v 0.126589 -0.037125 1.778716
v 0.058882 -0.062332 1.800602
v 0.039117 -0.071466 1.800980
v 0.040070 -0.073582 1.801227
v 0.043205 -0.073823 1.799089
v 0.036738 -0.077209 1.782754
v 0.037659 -0.075499 1.782228
v 0.033199 -0.080875 1.766655
v 0.033927 -0.079204 1.765510
v 0.033659 -0.076908 1.784070
v 0.030124 -0.080908 1.766808
v 0.032853 -0.075067 1.784026
v 0.029050 -0.079220 1.765751
v 0.105695 -0.025590 1.803884
v 0.126135 -0.019705 1.796492
v 0.126222 -0.017617 1.795478
v 0.106375 -0.027360 1.804629
v 0.125510 -0.021902 1.794870
v 0.125225 -0.021333 1.792837
v 0.126222 -0.017617 1.795478
v 0.075332 -0.036287 1.815183
v 0.076187 -0.037925 1.816022
v 0.106709 -0.029218 1.802881
v 0.105668 -0.029010 1.801155
v 0.125225 -0.021333 1.792837
v 0.049002 -0.047410 1.818394
v 0.075803 -0.040353 1.814416
v 0.074669 -0.040342 1.812707
v 0.047270 -0.050654 1.817041
v 0.047194 -0.050452 1.815041
v 0.023231 -0.060902 1.814268
v 0.048301 -0.045821 1.817370
v 0.020705 -0.057515 1.816745
v 0.021182 -0.059417 1.817627
v 0.008912 -0.065992 1.801528
v 0.022650 -0.061614 1.816088
v 0.010726 -0.067702 1.800191
v 0.011729 -0.066759 1.798673
v 0.000731 -0.071839 1.780974
v 0.001383 -0.071072 1.778486
v 0.008447 -0.064162 1.800509
v -0.001696 -0.071324 1.780864
v -0.003110 -0.069998 1.777921
v 0.128255 -0.020116 1.791423
v 0.130222 -0.019930 1.792755
v 0.129203 -0.016614 1.793549
v 0.130748 -0.017973 1.793939
v 0.135390 -0.015502 1.792448
v 0.134266 -0.013957 1.791758
v 0.129203 -0.016614 1.793549
v 0.139565 -0.015387 1.788952
v 0.139215 -0.013151 1.789286
v 0.138891 -0.011343 1.787944
v 0.139127 -0.015168 1.786881
v 0.128255 -0.020116 1.791423
v 0.139127 -0.015168 1.786881
v 0.138891 -0.011343 1.787944
v 0.136212 -0.036747 1.770277
v 0.136288 -0.037426 1.772513
v 0.131362 -0.038605 1.773006
v 0.132875 -0.038731 1.774431
v 0.137905 -0.034741 1.773379
v 0.131713 -0.036917 1.777187
v 0.131362 -0.038605 1.773006
v 0.129472 -0.035673 1.777428
v 0.136212 -0.036747 1.770277
v 0.139779 -0.032067 1.771105
v 0.129472 -0.035673 1.777428
v 0.139779 -0.032067 1.771105
v 0.128003 0.039465 1.775297
v 0.127773 0.040347 1.777543
v 0.126589 0.037125 1.778716
v 0.126978 0.039037 1.779461
v 0.105997 0.048704 1.787105
v 0.106386 0.046342 1.788914
v 0.105514 0.044599 1.788360
v 0.126589 0.037125 1.778716
v 0.105136 0.048337 1.785313
v 0.079387 0.058145 1.795533
v 0.080023 0.058551 1.797402
v 0.078516 0.056633 1.799944
v 0.077683 0.054896 1.799298
v 0.128003 0.039465 1.775297
v 0.033927 0.079204 1.765510
v 0.033199 0.080875 1.766655
v 0.037659 0.075499 1.782228
v 0.036738 0.077209 1.782754
v 0.044103 0.072754 1.797330
v 0.043205 0.073823 1.799089
v 0.058476 0.067017 1.798711
v 0.058197 0.066392 1.796821
v 0.030124 0.080908 1.766808
v 0.033659 0.076908 1.784070
v 0.040070 0.073582 1.801227
v 0.059622 0.064096 1.801205
v 0.058882 0.062332 1.800602
v 0.039117 0.071466 1.800980
v 0.032853 0.075067 1.784026
v 0.029050 0.079220 1.765751
v 0.126135 0.019705 1.796492
v 0.105695 0.025590 1.803884
v 0.126222 0.017617 1.795478
v 0.106375 0.027360 1.804629
v 0.075332 0.036287 1.815183
v 0.076187 0.037925 1.816022
v 0.049002 0.047410 1.818394
v 0.048301 0.045821 1.817370
v 0.020705 0.057515 1.816745
v 0.125510 0.021902 1.794870
v 0.106709 0.029218 1.802881
v 0.075803 0.040353 1.814416
v 0.047270 0.050660 1.817041
v 0.021182 0.059417 1.817627
v 0.008912 0.065992 1.801528
v 0.008447 0.064162 1.800509
v 0.125225 0.021333 1.792837
v 0.126222 0.017617 1.795478
v 0.105668 0.029010 1.801155
v 0.125225 0.021333 1.792837
v 0.074669 0.040342 1.812707
v 0.047194 0.050452 1.815041
v 0.023231 0.060902 1.814268
v 0.022650 0.061614 1.816088
v 0.010726 0.067702 1.800191
v 0.000731 0.071839 1.780974
v -0.001696 0.071324 1.780864
v 0.011729 0.066759 1.798673
v 0.001383 0.071072 1.778486
v -0.003110 0.069998 1.777921
v 0.128255 0.020116 1.791423
v 0.129203 0.016614 1.793549
v 0.130222 0.019930 1.792755
v 0.130748 0.017973 1.793939
v 0.135390 0.015502 1.792448
v 0.139565 0.015387 1.788952
v 0.139127 0.015168 1.786881
v 0.128255 0.020116 1.791423
v 0.134266 0.013957 1.791758
v 0.139215 0.013151 1.789286
v 0.139127 0.015168 1.786881
v 0.138891 0.011343 1.787944
v 0.129203 0.016614 1.793549
v 0.138891 0.011343 1.787944
v 0.136212 0.036747 1.770277
v 0.131362 0.038605 1.773006
v 0.136288 0.037426 1.772513
v 0.132875 0.038731 1.774431
v 0.137905 0.034741 1.773379
v 0.136212 0.036747 1.770277
v 0.139779 0.032067 1.771105
v 0.131713 0.036917 1.777187
v 0.129472 0.035673 1.777428
v 0.139779 0.032067 1.771105
v 0.131362 0.038605 1.773006
v 0.129472 0.035673 1.777428
v 0.034990 -0.083500 1.761805
v 0.044448 -0.076913 1.776924
v 0.031582 -0.078365 1.759345
v 0.047380 -0.081144 1.778935
v 0.055676 -0.083615 1.764847
v 0.061803 -0.082925 1.766080
v 0.061540 -0.073203 1.792464
v 0.060871 -0.068666 1.792212
v 0.044448 -0.076913 1.776924
v 0.044985 -0.082486 1.752128
v 0.055638 -0.078765 1.760337
v 0.060822 -0.078075 1.761192
v 0.073053 -0.082711 1.758594
v 0.082872 -0.077911 1.768858
v 0.060871 -0.068666 1.792212
v 0.084116 -0.074365 1.766781
v 0.031582 -0.078365 1.759345
v 0.043780 -0.077061 1.747525
v 0.072499 -0.079472 1.754643
v 0.043780 -0.077061 1.747525
v 0.072499 -0.079472 1.754643
v 0.080056 -0.076984 1.758611
v 0.079710 -0.080371 1.761630
v 0.084116 -0.074365 1.766781
v 0.044448 0.076913 1.776924
v 0.034990 0.083500 1.761805
v 0.031582 0.078365 1.759345
v 0.047380 0.081144 1.778935
v 0.055676 0.083615 1.764847
v 0.044985 0.082486 1.752128
v 0.031582 0.078365 1.759345
v 0.043780 0.077061 1.747525
v 0.061803 0.082925 1.766080
v 0.060822 0.078075 1.761192
v 0.055638 0.078765 1.760337
v 0.043780 0.077061 1.747525
v 0.061540 0.073203 1.792464
v 0.082872 0.077911 1.768858
v 0.073053 0.082711 1.758594
v 0.072499 0.079472 1.754643
v 0.060871 0.068666 1.792212
v 0.044448 0.076913 1.776924
v 0.060871 0.068666 1.792212
v 0.084116 0.074365 1.766781
v 0.072499 0.079472 1.754643
v 0.080056 0.076984 1.758611
v 0.079710 0.080371 1.761630
v 0.084116 0.074365 1.766781
v 0.054778 0.083670 1.705266
v 0.066828 0.077954 1.722932
v 0.054071 0.080212 1.705337
v 0.067540 0.081418 1.722861
v 0.039517 0.090393 1.717195
v 0.052273 0.088141 1.734790
v 0.050964 0.084897 1.735322
v 0.066828 0.077954 1.722932
v 0.038207 0.087149 1.717732
v 0.054071 0.080212 1.705337
v 0.038207 0.087149 1.717732
v 0.050964 0.084897 1.735322
v 0.066828 -0.077960 1.722932
v 0.054778 -0.083670 1.705266
v 0.054071 -0.080212 1.705337
v 0.067540 -0.081418 1.722861
v 0.039517 -0.090393 1.717195
v 0.038207 -0.087149 1.717732
v 0.054071 -0.080212 1.705337
v 0.052273 -0.088141 1.734790
v 0.038207 -0.087149 1.717732
v 0.050964 -0.084897 1.735322
v 0.050964 -0.084897 1.735322
v 0.066828 -0.077960 1.722932
v 0.127910 -0.025146 1.619782
v 0.101870 -0.026774 1.620275
v 0.133532 -0.015984 1.615377
v 0.135028 -0.007995 1.611546
v 0.101180 0.000000 1.608330
v 0.135001 0.000000 1.607710
v 0.127910 -0.025146 1.619782
v 0.102594 -0.018571 1.625843
v 0.101870 -0.026774 1.620275
v 0.126880 -0.013749 1.625843
v 0.102084 0.000000 1.625843
v 0.127406 0.000000 1.625843
v 0.126880 -0.013749 1.625843
v 0.132886 0.000000 1.617875
v 0.127406 0.000000 1.625843
v 0.127910 -0.025146 1.619782
v 0.133532 -0.015984 1.615377
v 0.135028 -0.007995 1.611546
v 0.135066 0.000000 1.611497
v 0.135001 0.000000 1.607710
v 0.127910 0.025146 1.619782
v 0.133532 0.015984 1.615377
v 0.101870 0.026774 1.620275
v 0.135028 0.007995 1.611546
v 0.101180 0.000000 1.608330
v 0.135001 0.000000 1.607710
v 0.102594 0.018571 1.625843
v 0.127910 0.025146 1.619782
v 0.101870 0.026774 1.620275
v 0.126880 0.013749 1.625843
v 0.102084 0.000000 1.625843
v 0.127406 0.000000 1.625843
v 0.132886 0.000000 1.617875
v 0.126880 0.013749 1.625843
v 0.127406 0.000000 1.625843
v 0.127910 0.025146 1.619782
v 0.133532 0.015984 1.615377
v 0.135028 0.007995 1.611546
v 0.135066 0.000000 1.611497
v 0.135001 0.000000 1.607710
v 0.084522 -0.055488 1.674327
v 0.076510 -0.050375 1.673281
v 0.083760 -0.052972 1.665916
v 0.076170 -0.047038 1.666831
v 0.082697 -0.035328 1.659154
v 0.116857 -0.030407 1.662524
v 0.138875 -0.037191 1.670464
v 0.140228 -0.038046 1.674086
v 0.158240 -0.028905 1.670486
v 0.159627 -0.030686 1.676316
v 0.076362 -0.029870 1.659954
v 0.081634 -0.032676 1.646962
v 0.122671 -0.027267 1.653296
v 0.163446 -0.021113 1.667467
v 0.163797 -0.027738 1.671281
v 0.163166 -0.029974 1.675966
v 0.170356 -0.026686 1.672897
v 0.170383 -0.020916 1.668190
v 0.076554 -0.027694 1.647647
v 0.082571 -0.009239 1.627662
v 0.128310 -0.004888 1.640622
v 0.163095 -0.018056 1.662102
v 0.083135 0.000000 1.626835
v 0.128195 0.000000 1.640254
v 0.161396 0.000000 1.653998
v 0.161364 -0.003008 1.654014
v 0.170460 -0.003595 1.654063
v 0.170465 0.000000 1.653921
v 0.084522 0.055488 1.674327
v 0.083760 0.052972 1.665916
v 0.076510 0.050375 1.673281
v 0.138875 0.037191 1.670464
v 0.116857 0.030407 1.662524
v 0.082697 0.035328 1.659154
v 0.076170 0.047038 1.666831
v 0.140228 0.038046 1.674086
v 0.158240 0.028905 1.670486
v 0.163446 0.021113 1.667467
v 0.122671 0.027267 1.653296
v 0.081634 0.032676 1.646962
v 0.076362 0.029870 1.659954
v 0.159627 0.030686 1.676316
v 0.163797 0.027738 1.671281
v 0.170383 0.020916 1.668190
v 0.163095 0.018056 1.662102
v 0.128310 0.004888 1.640622
v 0.082571 0.009239 1.627662
v 0.076554 0.027694 1.647647
v 0.163166 0.029974 1.675966
v 0.170356 0.026686 1.672897
v 0.083135 0.000000 1.626835
v 0.128195 0.000000 1.640254
v 0.161396 0.000000 1.653998
v 0.161364 0.003008 1.654014
v 0.170465 0.000000 1.653921
v 0.170460 0.003595 1.654063
v 0.165983 0.000000 1.733810
v 0.172356 0.009146 1.737607
v 0.172356 0.006022 1.741668
v 0.172356 0.009820 1.732527
v 0.172356 0.007858 1.727787
v 0.172356 0.003797 1.724664
v 0.172356 -0.001288 1.723995
v 0.172356 -0.006022 1.725952
v 0.172356 -0.009146 1.730018
v 0.172356 0.001288 1.743629
v 0.172356 -0.003797 1.742955
v 0.172356 -0.007858 1.739832
v 0.172356 -0.009820 1.735097
v 0.172778 0.007551 1.713151
v 0.172778 0.012099 1.710318
v 0.172778 0.009173 1.714866
v 0.172778 0.009924 1.709414
v 0.172778 0.010784 1.706778
v 0.172778 0.013118 1.707036
v 0.172778 0.010927 1.703299
v 0.172778 0.010927 1.691977
v 0.172778 0.013327 1.684328
v 0.172778 0.005200 1.717436
v 0.172778 0.004291 1.715266
v 0.168334 0.003688 1.713639
v 0.168334 0.007726 1.706926
v 0.170422 0.010516 1.703205
v 0.172778 0.000000 1.716225
v 0.168334 0.000000 1.714866
v 0.172778 0.000000 1.718625
v 0.172778 -0.005200 1.717436
v 0.172778 -0.004291 1.715266
v 0.168334 -0.003688 1.713639
v 0.172778 -0.007551 1.713151
v 0.168334 -0.007726 1.706926
v 0.172778 -0.009173 1.714866
v 0.172778 -0.012099 1.710318
v 0.172778 -0.009924 1.709414
v 0.172778 -0.010784 1.706778
v 0.170422 -0.010516 1.703205
v 0.170422 -0.010516 1.691901
v 0.168334 -0.008017 1.683418
v 0.172778 -0.013118 1.707036
v 0.172778 -0.010927 1.703299
v 0.171298 -0.009628 1.701808
v 0.171298 -0.009628 1.693325
v 0.172778 -0.010927 1.691977
v 0.172778 -0.010927 1.684328
v 0.172778 -0.009754 1.679867
v 0.168334 -0.005014 1.677823
v 0.172460 -0.010039 1.701879
v 0.172460 -0.010039 1.693380
v 0.172778 -0.013327 1.684328
v 0.172778 -0.012570 1.680213
v 0.172778 -0.010883 1.676514
v 0.172822 -0.008384 1.677451
v 0.172164 -0.008291 1.677489
v 0.171939 -0.006707 1.675971
v 0.171885 -0.004855 1.674848
v 0.172778 -0.002822 1.673977
v 0.168334 0.000000 1.675873
v 0.172778 -0.008187 1.673955
v 0.172822 -0.006817 1.675884
v 0.172690 -0.007474 1.677796
v 0.172257 -0.007332 1.677856
v 0.172263 -0.006093 1.676629
v 0.172257 -0.004724 1.675779
v 0.172822 -0.004981 1.674755
v 0.172685 -0.004844 1.675681
v 0.172690 -0.006214 1.676536
v 0.172778 -0.004313 1.671872
v 0.172778 0.000000 1.671160
v 0.172778 0.000000 1.673560
v 0.172778 0.002822 1.673977
v 0.168334 0.003934 1.677116
v 0.171885 0.004855 1.674848
v 0.171939 0.006707 1.675971
v 0.172164 0.008291 1.677489
v 0.172778 0.009754 1.679867
v 0.168334 0.008017 1.683418
v 0.172778 0.004313 1.671872
v 0.172822 0.004981 1.674755
v 0.172685 0.004844 1.675681
v 0.172257 0.004724 1.675779
v 0.172263 0.006093 1.676629
v 0.172257 0.007332 1.677856
v 0.172778 0.008187 1.673955
v 0.172822 0.006817 1.675884
v 0.172690 0.006214 1.676536
v 0.172822 0.008384 1.677451
v 0.172690 0.007474 1.677796
v 0.172778 0.010883 1.676514
v 0.172778 0.012570 1.680213
v 0.172778 0.010927 1.684328
v 0.170422 0.010516 1.691901
v 0.171298 0.009628 1.693325
v 0.171298 0.009628 1.701808
v 0.172460 0.010039 1.701879
v 0.172460 0.010039 1.693380
v 0.100807 0.035103 1.627613
v 0.109575 0.038857 1.659806
v 0.119499 0.033607 1.643581
v 0.079217 0.043772 1.640380
v 0.100089 0.045158 1.672508
v 0.063310 0.055192 1.650578
v 0.085557 0.060480 1.687566
v 0.068603 0.066474 1.681741
v 0.100714 0.065324 1.722658
v 0.125521 0.030648 1.625635
v 0.114167 0.031273 1.619010
v 0.110271 0.025793 1.616768
v 0.097525 0.029443 1.624977
v 0.075935 0.038117 1.637745
v 0.060027 0.049537 1.647942
v 0.123619 0.020620 1.616933
v 0.123795 0.000000 1.609848
v 0.131285 0.009957 1.613804
v 0.133642 0.000000 1.608565
v 0.138431 0.000000 1.612346
v 0.135932 0.015146 1.620171
v 0.046849 0.060671 1.655154
v 0.050860 0.065181 1.657154
v 0.044876 0.075883 1.658502
v 0.062208 0.087736 1.687933
v 0.098566 0.077204 1.726659
v 0.091081 0.069740 1.732938
v 0.033905 0.079878 1.656568
v 0.035330 0.097265 1.684552
v 0.058093 0.089182 1.687418
v 0.056400 0.081248 1.689106
v 0.069989 0.076858 1.708554
v 0.075595 0.083286 1.707836
v -0.001181 0.102569 1.669291
v -0.005998 0.113173 1.679133
v -0.003581 0.100482 1.691775
v 0.021182 0.095714 1.705523
v 0.058241 0.088936 1.698372
v 0.056235 0.081286 1.697967
v 0.060104 0.080212 1.706017
v -0.046460 0.098443 1.688564
v -0.044559 0.101216 1.692651
v -0.034339 0.093391 1.706795
v -0.022782 0.094361 1.724932
v 0.006622 0.094618 1.747355
v 0.037221 0.093435 1.723798
v 0.061573 0.087977 1.705090
v -0.071546 0.089960 1.703551
v -0.061381 0.082590 1.720894
v -0.052855 0.082420 1.739826
v -0.043112 0.081067 1.763449
v -0.011834 0.090700 1.761734
v -0.072061 0.085407 1.698794
v -0.093695 0.067850 1.714422
v -0.082582 0.065844 1.732303
v -0.073234 0.066206 1.749246
v -0.053737 0.070233 1.770189
v -0.041737 0.072930 1.766343
v -0.032410 0.080897 1.775960
v -0.093191 0.064683 1.708559
v -0.112222 0.041092 1.721425
v -0.095805 0.047400 1.740276
v -0.077437 0.044819 1.771422
v -0.062444 0.058808 1.776573
v -0.049408 0.066798 1.771083
v -0.111164 0.039832 1.716077
v -0.117061 0.020796 1.718406
v -0.119510 0.020259 1.725935
v -0.118102 0.019650 1.728719
v -0.102687 0.036078 1.749783
v -0.087251 0.033793 1.770107
v -0.067283 0.031322 1.795106
v -0.053951 0.041860 1.800109
v -0.114704 0.020061 1.718954
v -0.114682 0.000000 1.718960
v -0.118354 0.000000 1.729092
v -0.103296 0.000000 1.749251
v -0.091859 0.000000 1.763214
v -0.084325 0.008313 1.773954
v -0.080895 0.015080 1.778157
v -0.076335 0.020363 1.783916
v -0.070669 0.021864 1.790952
v -0.065042 0.020363 1.797999
v -0.054723 0.021053 1.811369
v -0.085141 0.000000 1.772864
v -0.077788 0.007266 1.771943
v -0.074779 0.013173 1.775631
v -0.070724 0.017836 1.780749
v -0.065699 0.019195 1.786990
v -0.060718 0.017836 1.793232
v -0.060450 0.015080 1.803758
v -0.078494 0.000000 1.771000
v -0.066390 0.000000 1.786338
v -0.056669 0.013179 1.798311
v -0.053748 0.007250 1.801939
v -0.057129 0.008313 1.807890
v -0.049748 0.000000 1.818636
v -0.038558 0.024050 1.821863
v -0.053085 0.000000 1.802827
v -0.056351 0.000000 1.808926
v -0.031889 0.000000 1.830225
v -0.018305 0.016521 1.833716
v -0.024558 0.036358 1.826137
v -0.035857 0.053471 1.804673
v -0.049178 0.056753 1.791029
v -0.016042 0.000000 1.836823
v -0.006929 0.000000 1.823430
v -0.009198 0.019448 1.820411
v -0.012316 0.035087 1.815677
v -0.019346 0.051197 1.820203
v -0.028355 0.066233 1.797424
v -0.029517 0.063992 1.793407
v -0.039567 0.066124 1.782491
v -0.032580 0.072628 1.776261
v 0.001745 0.063187 1.802087
v -0.007368 0.065417 1.808920
v -0.020941 0.078656 1.789231
v -0.024908 0.070606 1.785905
v 0.003718 0.059838 1.800881
v 0.001011 0.062984 1.796892
v 0.009104 0.069554 1.795358
v 0.014261 0.081922 1.789796
v -0.000354 0.089122 1.774469
v 0.016190 0.094278 1.759559
v 0.002134 0.059756 1.795539
v 0.006364 0.067603 1.792021
v 0.011082 0.066151 1.794256
v 0.022897 0.073165 1.784574
v 0.021675 0.079154 1.784607
v 0.032579 0.088010 1.775236
v 0.008030 0.064820 1.790179
v 0.054531 0.087971 1.758479
v 0.047791 0.091780 1.736506
v 0.015883 0.090295 1.757657
v 0.007767 0.090569 1.747432
v 0.036760 0.087423 1.724620
v 0.053950 0.082294 1.760046
v 0.062131 0.081494 1.753980
v 0.071337 0.085856 1.746320
v 0.073825 0.084574 1.717732
v 0.068302 0.077752 1.716959
v 0.045358 0.086059 1.734610
v 0.033516 0.082218 1.775395
v 0.049380 0.080530 1.758052
v 0.054383 0.076645 1.760682
v 0.062630 0.075894 1.754611
v 0.061074 0.079604 1.750556
v 0.071803 0.080541 1.746802
v 0.021472 0.078267 1.779604
v 0.031664 0.080168 1.771335
v 0.032629 0.074995 1.771324
v 0.049939 0.076091 1.758457
v 0.021899 0.072601 1.779483
v 0.061315 0.075341 1.751131
v 0.068767 0.078853 1.744862
v 0.072384 0.075006 1.747432
v 0.069315 0.074387 1.745246
v 0.109575 -0.038857 1.659806
v 0.100807 -0.035103 1.627613
v 0.119499 -0.033607 1.643581
v 0.079217 -0.043772 1.640380
v 0.075935 -0.038117 1.637745
v 0.097525 -0.029443 1.624977
v 0.110271 -0.025793 1.616768
v 0.114167 -0.031273 1.619010
v 0.125521 -0.030643 1.625635
v 0.100089 -0.045158 1.672508
v 0.063310 -0.055192 1.650578
v 0.060027 -0.049537 1.647942
v 0.085557 -0.060480 1.687566
v 0.068603 -0.066474 1.681741
v 0.050860 -0.065181 1.657154
v 0.046849 -0.060671 1.655154
v 0.100714 -0.065324 1.722658
v 0.098566 -0.077204 1.726659
v 0.062208 -0.087736 1.687933
v 0.044876 -0.075883 1.658502
v 0.033905 -0.079878 1.656568
v 0.035330 -0.097265 1.684552
v -0.001181 -0.102569 1.669291
v 0.091081 -0.069740 1.732938
v 0.071337 -0.085856 1.746320
v 0.073825 -0.084574 1.717732
v 0.075595 -0.083286 1.707836
v 0.069989 -0.076858 1.708554
v 0.056400 -0.081248 1.689106
v 0.058093 -0.089182 1.687418
v 0.071803 -0.080541 1.746802
v 0.062131 -0.081494 1.753980
v 0.054531 -0.087971 1.758479
v 0.047791 -0.091780 1.736506
v 0.068302 -0.077752 1.716959
v 0.072384 -0.075006 1.747432
v 0.068767 -0.078853 1.744862
v 0.061074 -0.079604 1.750556
v 0.062630 -0.075894 1.754611
v 0.054383 -0.076645 1.760682
v 0.053950 -0.082294 1.760046
v 0.069315 -0.074387 1.745246
v 0.061315 -0.075341 1.751131
v 0.032579 -0.088010 1.775236
v 0.033516 -0.082218 1.775395
v 0.021675 -0.079154 1.784607
v 0.014261 -0.081922 1.789796
v 0.016190 -0.094278 1.759559
v 0.049380 -0.080530 1.758052
v 0.031664 -0.080168 1.771335
v 0.021472 -0.078267 1.779604
v 0.022897 -0.073165 1.784574
v 0.009104 -0.069554 1.795358
v 0.049939 -0.076091 1.758457
v 0.032629 -0.074995 1.771324
v 0.021899 -0.072601 1.779483
v 0.011082 -0.066151 1.794256
v 0.006364 -0.067603 1.792021
v 0.001011 -0.062984 1.796892
v 0.001745 -0.063187 1.802087
v -0.007368 -0.065417 1.808920
v 0.008030 -0.064820 1.790179
v 0.002134 -0.059756 1.795539
v 0.003718 -0.059838 1.800881
v -0.012316 -0.035087 1.815677
v -0.019346 -0.051197 1.820203
v -0.028355 -0.066233 1.797424
v -0.020941 -0.078656 1.789231
v -0.000354 -0.089122 1.774469
v -0.024558 -0.036358 1.826137
v -0.035857 -0.053471 1.804673
v -0.029517 -0.063992 1.793407
v -0.024908 -0.070606 1.785905
v -0.032410 -0.080897 1.775960
v -0.011834 -0.090700 1.761734
v -0.009198 -0.019448 1.820411
v -0.018305 -0.016521 1.833716
v -0.038558 -0.024050 1.821863
v -0.053951 -0.041860 1.800109
v -0.049178 -0.056753 1.791029
v -0.039567 -0.066124 1.782491
v -0.032580 -0.072628 1.776261
v -0.006929 0.000000 1.823430
v -0.016042 0.000000 1.836823
v -0.031889 0.000000 1.830225
v -0.049748 0.000000 1.818636
v -0.054723 -0.021053 1.811369
v -0.067283 -0.031322 1.795106
v -0.077437 -0.044819 1.771422
v -0.062444 -0.058808 1.776573
v -0.049408 -0.066798 1.771083
v -0.041737 -0.072930 1.766343
v -0.057129 -0.008313 1.807890
v -0.060450 -0.015080 1.803758
v -0.065042 -0.020363 1.797999
v -0.070669 -0.021864 1.790952
v -0.076335 -0.020363 1.783916
v -0.087251 -0.033793 1.770107
v -0.056351 0.000000 1.808926
v -0.053748 -0.007250 1.801939
v -0.056669 -0.013179 1.798311
v -0.060718 -0.017836 1.793232
v -0.065699 -0.019195 1.786990
v -0.070724 -0.017836 1.780749
v -0.080895 -0.015080 1.778157
v -0.053085 0.000000 1.802827
v -0.066390 0.000000 1.786338
v -0.074779 -0.013173 1.775631
v -0.077788 -0.007266 1.771943
v -0.084325 -0.008313 1.773954
v -0.078494 0.000000 1.771000
v -0.085141 0.000000 1.772864
v -0.091859 0.000000 1.763214
v -0.102687 -0.036078 1.749783
v -0.095805 -0.047400 1.740276
v -0.073234 -0.066206 1.749246
v -0.053737 -0.070233 1.770189
v -0.103296 0.000000 1.749251
v -0.118102 -0.019650 1.728719
v -0.112222 -0.041092 1.721425
v -0.093695 -0.067850 1.714422
v -0.082582 -0.065844 1.732303
v -0.061381 -0.082590 1.720894
v -0.052855 -0.082420 1.739826
v -0.118354 0.000000 1.729092
v -0.114682 0.000000 1.718960
v -0.114704 -0.020061 1.718954
v -0.119510 -0.020259 1.725935
v -0.117061 -0.020796 1.718406
v -0.111164 -0.039832 1.716077
v -0.093191 -0.064683 1.708559
v -0.072061 -0.085407 1.698794
v -0.071546 -0.089960 1.703551
v -0.046460 -0.098443 1.688564
v -0.044559 -0.101216 1.692651
v -0.034339 -0.093391 1.706795
v -0.022782 -0.094361 1.724932
v -0.043112 -0.081067 1.763449
v -0.005998 -0.113173 1.679133
v -0.003581 -0.100482 1.691775
v 0.021182 -0.095714 1.705523
v 0.006622 -0.094618 1.747355
v 0.058241 -0.088936 1.698372
v 0.037221 -0.093435 1.723798
v 0.007767 -0.090569 1.747432
v 0.015883 -0.090295 1.757657
v 0.056235 -0.081286 1.697967
v 0.061573 -0.087977 1.705090
v 0.036760 -0.087423 1.724620
v 0.045358 -0.086059 1.734610
v 0.060104 -0.080212 1.706017
v 0.123619 -0.020620 1.616933
v 0.135932 -0.015146 1.620171
v 0.131285 -0.009957 1.613804
v 0.138431 0.000000 1.612346
v 0.133642 0.000000 1.608565
v 0.123795 0.000000 1.609848
v 0.114353 -0.035300 1.707595
v 0.114161 -0.038358 1.702383
v 0.114353 -0.033081 1.705381
v 0.114353 -0.038331 1.708411
v 0.114353 -0.041355 1.707595
v 0.114353 -0.043575 1.705381
v 0.114353 -0.044386 1.702351
v 0.114353 -0.043575 1.699320
v 0.114353 -0.041355 1.697101
v 0.114353 -0.038331 1.696290
v 0.114353 -0.035300 1.697101
v 0.114353 -0.033081 1.699320
v 0.114353 -0.032270 1.702351
v 0.102440 -0.032676 1.703863
v 0.102440 -0.038331 1.702351
v 0.102440 -0.036813 1.708006
v 0.102440 -0.034188 1.698213
v 0.102440 -0.039843 1.696696
v 0.102440 -0.043980 1.700833
v 0.102440 -0.042468 1.706488
v 0.114353 0.033081 1.705381
v 0.114161 0.038358 1.702383
v 0.114353 0.035300 1.707595
v 0.114353 0.032270 1.702351
v 0.114353 0.033081 1.699320
v 0.114353 0.035300 1.697101
v 0.114353 0.038331 1.696290
v 0.114353 0.041355 1.697101
v 0.114353 0.043575 1.699320
v 0.114353 0.044386 1.702351
v 0.114353 0.043575 1.705381
v 0.114353 0.041355 1.707595
v 0.114353 0.038331 1.708411
v 0.102440 0.036813 1.708006
v 0.102440 0.038331 1.702351
v 0.102440 0.032676 1.703863
v 0.102440 0.042468 1.706488
v 0.102440 0.043980 1.700833
v 0.102440 0.039843 1.696696
v 0.102440 0.034188 1.698213
v 0.173375 0.000000 1.733799
v 0.172372 0.008126 1.727864
v 0.172372 0.010011 1.732725
v 0.172372 0.004066 1.724593
v 0.172372 -0.001129 1.723858
v 0.172372 -0.005880 1.725716
v 0.172372 -0.009211 1.729744
v 0.172372 -0.010011 1.734895
v 0.172372 -0.008126 1.739755
v 0.172372 0.009211 1.737876
v 0.172372 0.005880 1.741898
v 0.172372 0.001129 1.743755
v 0.172372 -0.004066 1.743021
v 0.096100 -0.057323 1.695484
v 0.097569 -0.056753 1.694597
v 0.096604 -0.058490 1.695517
v 0.097958 -0.055077 1.695112
v 0.099185 -0.055340 1.695002
v 0.100221 -0.055038 1.696049
v 0.096265 -0.058973 1.697907
v 0.097021 -0.059647 1.696515
v 0.097262 -0.059110 1.695041
v 0.098226 -0.060956 1.696465
v 0.098067 -0.059258 1.693945
v 0.097755 -0.057948 1.694219
v 0.098703 -0.056797 1.694032
v 0.099996 -0.056929 1.693556
v 0.096747 -0.059252 1.694800
v 0.097339 -0.057866 1.693813
v 0.098473 -0.056485 1.693589
v 0.099843 -0.055482 1.694180
v 0.099848 -0.055959 1.694526
v 0.102079 -0.056304 1.695687
v 0.096259 -0.058797 1.695150
v 0.096851 -0.057411 1.694164
v 0.097985 -0.056030 1.693939
v 0.099355 -0.055022 1.694531
v 0.101081 -0.055115 1.695435
v 0.100879 -0.055652 1.695578
v 0.101202 -0.055663 1.697128
v 0.101618 -0.056825 1.698131
v 0.102237 -0.058008 1.698208
v 0.101125 -0.057981 1.698953
v 0.100309 -0.060332 1.698597
v 0.100594 -0.054660 1.695786
v 0.099974 -0.054479 1.697161
v 0.100961 -0.056205 1.698602
v 0.101476 -0.056057 1.698844
v 0.101964 -0.056518 1.698493
v 0.101372 -0.057904 1.699479
v 0.100177 -0.059132 1.699139
v 0.100884 -0.057444 1.699830
v 0.100237 -0.059280 1.699704
v 0.099037 -0.059975 1.698646
v 0.098002 -0.060277 1.697594
v 0.098226 -0.060956 1.696465
v 0.097021 -0.059647 1.696515
v 0.099750 -0.058825 1.700055
v 0.098867 -0.060288 1.699112
v 0.097629 -0.060649 1.697857
v 0.097344 -0.059658 1.698071
v 0.096265 -0.058973 1.697907
v 0.098380 -0.059356 1.699118
v 0.098281 -0.058375 1.699956
v 0.098385 -0.059833 1.699463
v 0.097141 -0.060195 1.698208
v 0.099991 -0.057937 1.699518
v 0.100133 -0.056129 1.699583
v 0.052997 -0.081538 1.694076
v 0.055243 -0.086240 1.693989
v 0.052487 -0.081900 1.700285
v 0.059572 -0.084103 1.690038
v 0.057326 -0.079396 1.690125
v 0.065178 -0.081434 1.690651
v 0.062932 -0.076732 1.690739
v 0.068778 -0.079801 1.695479
v 0.066532 -0.075099 1.695567
v 0.068269 -0.080163 1.701688
v 0.066022 -0.075461 1.701775
v 0.063940 -0.082300 1.705638
v 0.061693 -0.077598 1.705726
v 0.058334 -0.084968 1.705019
v 0.056087 -0.080267 1.705107
v 0.054734 -0.086601 1.700197
v 0.051506 -0.086097 1.724445
v 0.050849 -0.086174 1.722719
v 0.052542 -0.088273 1.723760
v 0.052087 -0.088322 1.722576
v 0.050958 -0.088596 1.722050
v 0.049194 -0.086673 1.723371
v 0.049819 -0.088936 1.722505
v 0.049336 -0.089144 1.723661
v 0.049791 -0.089095 1.724845
v 0.049851 -0.086590 1.725097
v 0.050920 -0.088821 1.725371
v 0.052060 -0.088481 1.724916
v 0.096100 0.057323 1.695484
v 0.096604 0.058490 1.695517
v 0.097569 0.056753 1.694597
v 0.096265 0.058973 1.697907
v 0.097021 0.059647 1.696515
v 0.097262 0.059110 1.695041
v 0.096747 0.059252 1.694800
v 0.096259 0.058797 1.695150
v 0.097958 0.055077 1.695112
v 0.099185 0.055340 1.695002
v 0.100221 0.055038 1.696049
v 0.099974 0.054479 1.697161
v 0.101202 0.055663 1.697128
v 0.100961 0.056205 1.698602
v 0.100139 0.056129 1.699583
v 0.099991 0.057937 1.699518
v 0.098281 0.058375 1.699956
v 0.098380 0.059356 1.699118
v 0.096265 0.058973 1.697907
v 0.100879 0.055652 1.695578
v 0.102079 0.056304 1.695687
v 0.101618 0.056825 1.698131
v 0.101476 0.056057 1.698844
v 0.101964 0.056518 1.698493
v 0.101372 0.057904 1.699479
v 0.100884 0.057444 1.699830
v 0.100594 0.054660 1.695786
v 0.101081 0.055115 1.695435
v 0.099848 0.055959 1.694526
v 0.099996 0.056929 1.693556
v 0.098703 0.056797 1.694032
v 0.098067 0.059258 1.693945
v 0.099355 0.055022 1.694531
v 0.099843 0.055482 1.694180
v 0.098473 0.056485 1.693589
v 0.097339 0.057866 1.693813
v 0.097755 0.057948 1.694219
v 0.098226 0.060956 1.696465
v 0.097985 0.056030 1.693939
v 0.096851 0.057411 1.694164
v 0.102237 0.058008 1.698208
v 0.101125 0.057981 1.698953
v 0.100177 0.059132 1.699139
v 0.100237 0.059280 1.699704
v 0.099750 0.058825 1.700055
v 0.100309 0.060332 1.698597
v 0.099037 0.059975 1.698646
v 0.098867 0.060288 1.699112
v 0.098385 0.059833 1.699463
v 0.097629 0.060649 1.697857
v 0.097141 0.060195 1.698208
v 0.097344 0.059658 1.698071
v 0.098002 0.060277 1.697594
v 0.097021 0.059647 1.696515
v 0.098226 0.060956 1.696465
v 0.052997 0.081538 1.694076
v 0.052487 0.081900 1.700285
v 0.055243 0.086240 1.693989
v 0.054734 0.086601 1.700197
v 0.056087 0.080267 1.705107
v 0.058334 0.084968 1.705019
v 0.061693 0.077598 1.705726
v 0.063940 0.082300 1.705638
v 0.066022 0.075461 1.701775
v 0.068269 0.080163 1.701688
v 0.066532 0.075099 1.695567
v 0.068778 0.079801 1.695479
v 0.062932 0.076732 1.690739
v 0.065178 0.081434 1.690651
v 0.057326 0.079396 1.690125
v 0.059572 0.084103 1.690038
v 0.052087 0.088322 1.722576
v 0.050849 0.086174 1.722719
v 0.052542 0.088273 1.723760
v 0.050958 0.088596 1.722050
v 0.049194 0.086673 1.723371
v 0.049819 0.088936 1.722505
v 0.049336 0.089144 1.723661
v 0.049791 0.089095 1.724845
v 0.049851 0.086590 1.725097
v 0.050920 0.088821 1.725371
v 0.052060 0.088481 1.724916
v 0.051506 0.086097 1.724445
v 0.061797 0.079291 1.709666
v 0.061452 0.079478 1.713820
v 0.063200 0.082316 1.709650
v 0.062855 0.082497 1.713803
v 0.063869 0.078371 1.717031
v 0.065271 0.081390 1.717014
v 0.067639 0.076623 1.717420
v 0.069041 0.079648 1.717403
v 0.070543 0.075258 1.714757
v 0.071946 0.078283 1.714740
v 0.070888 0.075078 1.710603
v 0.072291 0.078102 1.710592
v 0.068471 0.076184 1.707397
v 0.069869 0.079209 1.707381
v 0.064701 0.077932 1.707008
v 0.066104 0.080952 1.706992
v 0.061797 -0.079291 1.709666
v 0.063195 -0.082316 1.709650
v 0.061452 -0.079478 1.713820
v 0.066104 -0.080952 1.706992
v 0.064701 -0.077932 1.707008
v 0.069869 -0.079209 1.707381
v 0.068471 -0.076184 1.707397
v 0.072291 -0.078102 1.710592
v 0.070888 -0.075078 1.710603
v 0.071946 -0.078283 1.714740
v 0.070543 -0.075258 1.714757
v 0.069041 -0.079648 1.717403
v 0.067639 -0.076623 1.717420
v 0.065271 -0.081390 1.717014
v 0.063869 -0.078371 1.717031
v 0.062855 -0.082497 1.713803
v 0.169967 0.008620 1.710296
v 0.171901 0.008620 1.710296
v 0.169967 0.009798 1.706285
v 0.171901 0.005759 1.713529
v 0.172498 0.000000 1.706285
v 0.171901 0.009798 1.706285
v 0.169967 0.009798 1.682881
v 0.171901 0.009798 1.682881
v 0.169967 0.008620 1.678870
v 0.169967 0.004395 1.714165
v 0.171901 0.003025 1.714800
v 0.169967 0.000000 1.715239
v 0.171901 0.000000 1.715239
v 0.171901 -0.003025 1.714800
v 0.171901 -0.005759 1.713529
v 0.171901 -0.008620 1.710296
v 0.171901 -0.009798 1.706285
v 0.172405 0.000000 1.682881
v 0.169967 0.000000 1.715239
v 0.169967 -0.004395 1.714165
v 0.169967 -0.008620 1.710296
v 0.169967 -0.009798 1.706285
v 0.171901 -0.009798 1.682881
v 0.169967 -0.009798 1.682881
v 0.171901 -0.008620 1.678870
v 0.169967 -0.008620 1.678870
v 0.171901 -0.005759 1.675637
v 0.169967 -0.004395 1.675001
v 0.171901 -0.003025 1.674366
v 0.169967 0.000000 1.673927
v 0.171901 0.000000 1.673927
v 0.171901 0.003025 1.674366
v 0.171901 0.005759 1.675637
v 0.171901 0.008620 1.678870
v 0.169967 0.000000 1.673927
v 0.169967 0.004395 1.675001
v 0.050372 0.088673 1.719973
v 0.046109 0.090021 1.723047
v 0.054065 0.088004 1.725069
v 0.054065 -0.088004 1.725069
v 0.046109 -0.090021 1.723047
v 0.050372 -0.088673 1.719973
v 0.071337 -0.085856 1.746320
v 0.071337 0.085856 1.746320
v 0.063288 0.082289 1.714992
v 0.064175 0.084059 1.710126
v 0.064258 0.081779 1.707797
v 0.063288 -0.082289 1.714992
v 0.064258 -0.081779 1.707797
v 0.064175 -0.084059 1.710126
v 0.054065 0.088004 1.725069
v 0.046109 0.090021 1.723047
v 0.052865 0.085505 1.722615
v 0.065534 0.082004 1.704225
v 0.012677 0.096690 1.742276
v 0.054065 -0.088004 1.725069
v 0.046109 -0.090021 1.723047
v 0.052865 -0.085505 1.722615
v 0.065534 -0.082004 1.704225
v 0.012677 -0.096690 1.742276
v 0.099552 0.051285 1.689999
v 0.106528 0.049685 1.688109
v 0.106287 0.050233 1.684240
v 0.106287 0.050233 1.684240
v 0.103750 0.050161 1.690679
v 0.106528 0.049685 1.688109
v 0.106287 -0.050233 1.684240
v 0.099552 -0.051285 1.689999
v 0.106287 -0.050233 1.684240
v 0.106528 -0.049685 1.688109
v 0.106528 -0.049685 1.688109
v 0.103750 -0.050161 1.690679
v 0.167917 -0.011990 1.712357
v 0.167917 0.011990 1.712357
v 0.059572 0.084103 1.690038
v 0.063940 0.082300 1.705638
v 0.063940 -0.082300 1.705638
v 0.059572 -0.084103 1.690038
v 0.062208 -0.087736 1.687933
v 0.062208 -0.087736 1.687933
v 0.056400 -0.081248 1.689106
v 0.054531 -0.087971 1.758479
v 0.056400 -0.081248 1.689106
v 0.058093 -0.089182 1.687418
v 0.054531 -0.087971 1.758479
v 0.014261 -0.081922 1.789796
v 0.014261 -0.081922 1.789796
v 0.054531 -0.087971 1.758479
v 0.062208 -0.087736 1.687933
v 0.054531 0.087971 1.758479
v 0.062208 0.087736 1.687933
v 0.056400 0.081248 1.689106
v 0.056400 0.081248 1.689106
v 0.014261 0.081922 1.789796
v 0.056400 0.081248 1.689106
v 0.062208 0.087736 1.687933
v 0.058093 0.089182 1.687418
v 0.054531 0.087971 1.758479
v 0.014261 0.081922 1.789796
v 0.170465 0.000000 1.653921
v 0.170465 0.000000 1.653921
v 0.061803 0.082925 1.766080
v 0.061803 0.082925 1.766080
v 0.061803 -0.082925 1.766080
v 0.061803 -0.082925 1.766080
v 0.068992 0.080475 1.707359
v 0.066992 0.080355 1.702537
v 0.064258 0.081779 1.707797
v 0.066060 0.080837 1.720773
v 0.068992 -0.080475 1.707359
v 0.064258 -0.081779 1.707797
v 0.066992 -0.080355 1.702537
v 0.066060 -0.080837 1.720773
v -0.090062 0.040933 1.764359
v -0.098742 0.040977 1.752265
v -0.090062 -0.040933 1.764359
v -0.098742 -0.040977 1.752265
v 0.128688 0.013776 1.618056
v 0.071288 0.059088 1.653554
v 0.096829 0.044616 1.637816
v 0.071288 0.059088 1.653554
v 0.118090 0.000000 1.802164
v 0.139121 0.049438 1.743114
v 0.136130 0.054342 1.737947
v 0.071288 0.059088 1.653554
v 0.071288 0.059088 1.653554
v 0.065304 0.077231 1.724165
v 0.065304 0.077231 1.724165
v 0.118090 0.000000 1.802164
v 0.120863 0.009874 1.802788
v 0.134195 0.044106 1.760430
v 0.071288 0.059088 1.653554
v 0.069403 0.051400 1.709260
v 0.065304 0.077231 1.724165
v 0.134475 0.046309 1.713080
v 0.131417 0.000000 1.617240
v 0.128688 -0.013776 1.618056
v 0.071288 -0.059088 1.653554
v 0.096829 -0.044616 1.637816
v 0.071288 -0.059088 1.653554
v 0.139121 -0.049438 1.743114
v 0.136130 -0.054342 1.737947
v 0.118090 0.000000 1.802164
v 0.071288 -0.059088 1.653554
v 0.069403 -0.051400 1.709260
v 0.065304 -0.077231 1.724165
v 0.071288 -0.059088 1.653554
v 0.065304 -0.077231 1.724165
v 0.071288 -0.059088 1.653554
v 0.065304 -0.077231 1.724165
v 0.065304 -0.077231 1.724165
v 0.134475 -0.046309 1.713080
v 0.134195 -0.044106 1.760430
v 0.120863 -0.009874 1.802788
v 0.118090 0.000000 1.802164
v 0.131417 0.000000 1.617240
v 0.068471 -0.076184 1.707397
v 0.063869 -0.078371 1.717031
v 0.061797 -0.079291 1.709666
v 0.068471 0.076184 1.707397
v 0.063869 0.078371 1.717031
v 0.061797 0.079291 1.709666
v 0.046109 0.090021 1.723047
v 0.046229 0.097024 1.726193
v 0.052865 0.085505 1.722615
v 0.046109 0.090021 1.723047
v 0.039878 0.092733 1.739689
v 0.063940 0.082300 1.705638
v 0.066022 0.075461 1.701775
v 0.059572 0.084103 1.690038
v 0.052997 0.081538 1.694076
v 0.012677 0.096690 1.742276
v 0.012677 0.096690 1.742276
v 0.004129 0.097375 1.739563
v 0.002463 0.095402 1.747312
v -0.000233 0.098323 1.751410
v 0.013011 0.095440 1.762299
v 0.008436 0.098323 1.763466
v 0.020798 0.097457 1.763438
v 0.012677 0.096690 1.742276
v 0.021001 0.095983 1.748112
v 0.026026 0.090355 1.748605
v 0.023291 0.090355 1.744912
v 0.052865 -0.085505 1.722615
v 0.046229 -0.097024 1.726193
v 0.046109 -0.090021 1.723047
v 0.046109 -0.090021 1.723047
v 0.039878 -0.092733 1.739689
v 0.063940 -0.082300 1.705638
v 0.066022 -0.075461 1.701775
v 0.059572 -0.084103 1.690038
v 0.052997 -0.081538 1.694076
v 0.012677 -0.096690 1.742276
v 0.012677 -0.096690 1.742276
v 0.004129 -0.097375 1.739563
v 0.002463 -0.095402 1.747312
v -0.000233 -0.098323 1.751410
v 0.013011 -0.095440 1.762299
v 0.008436 -0.098323 1.763466
v 0.020798 -0.097457 1.763438
v 0.012677 -0.096690 1.742276
v 0.021001 -0.095983 1.748112
v 0.026026 -0.090355 1.748605
v 0.023291 -0.090355 1.744912
v 0.107777 0.050928 1.690936
v 0.103750 0.050161 1.690679
v 0.107777 0.050928 1.690936
v 0.103750 -0.050161 1.690679
v 0.107777 -0.050928 1.690936
v 0.107777 -0.050928 1.690936
v 0.170065 0.000000 1.719962
v 0.169934 -0.008263 1.721716
v 0.167342 0.000000 1.711715
v 0.167917 -0.011990 1.712357
v 0.167917 -0.011990 1.712357
v 0.170065 0.000000 1.719962
v 0.169934 0.008263 1.721716
v 0.167917 0.011990 1.712357
v 0.167342 0.000000 1.711715
v 0.167917 0.011990 1.712357
v 0.167917 0.011990 1.712357
v 0.172356 0.006022 1.741668
v 0.172246 -0.011568 1.729009
v 0.172246 -0.001627 1.721393
v 0.172246 -0.009940 1.741432
v 0.172246 0.001627 1.746232
v 0.172246 0.012423 1.732182
v 0.172246 0.004800 1.722242
v 0.172246 -0.001627 1.721393
v 0.170465 0.000000 1.653921
v 0.170465 0.000000 1.653921
v 0.172778 0.013327 1.684328
v 0.172778 0.004313 1.671872
v 0.172778 -0.010883 1.676514
v 0.172778 -0.013327 1.684328
v 0.172778 -0.013118 1.707036
v 0.172778 -0.005200 1.717436
v 0.172778 0.005200 1.717436
v 0.172778 0.013118 1.707036
v 0.172246 -0.001627 1.721393
v 0.109076 -0.034161 1.714220
v 0.109076 -0.034161 1.714220
v 0.116282 -0.046868 1.706285
v 0.121701 -0.031201 1.690060
v 0.126540 -0.037503 1.705578
v 0.170065 0.000000 1.719962
v 0.159698 -0.010927 1.721962
v 0.167917 -0.011990 1.712357
v 0.159698 -0.010927 1.721962
v 0.170065 0.000000 1.719962
v 0.159698 0.010927 1.721962
v 0.114167 -0.031273 1.619010
v 0.138431 0.000000 1.612346
v 0.109076 0.034161 1.714220
v 0.109076 0.034161 1.714220
v 0.116282 0.046868 1.706285
v 0.109076 0.034161 1.714220
v 0.159698 0.010927 1.721962
v 0.170065 0.000000 1.719962
v 0.167917 0.011990 1.712357
v 0.103750 0.050161 1.690679
v 0.106528 0.049685 1.688109
v 0.099552 0.051285 1.689999
v 0.099552 0.051285 1.689999
v 0.106528 0.049685 1.688109
v 0.106287 0.050233 1.684240
v 0.106287 0.050233 1.684240
v 0.106528 0.049685 1.688109
v 0.107777 0.050928 1.690936
v 0.099552 -0.051285 1.689999
v 0.106528 -0.049685 1.688109
v 0.103750 -0.050161 1.690679
v 0.099552 -0.051285 1.689999
v 0.106287 -0.050233 1.684240
v 0.106528 -0.049685 1.688109
v 0.106287 -0.050233 1.684240
v 0.107777 -0.050928 1.690936
v 0.106528 -0.049685 1.688109
v 0.050372 0.088673 1.719973
v 0.046109 0.090021 1.723047
v 0.054065 0.088004 1.725069
v 0.050372 0.088673 1.719973
v 0.054065 0.088004 1.725069
v 0.046109 0.090021 1.723047
v 0.050372 0.088673 1.719973
v 0.052865 0.085505 1.722615
v 0.068778 0.079801 1.695479
v 0.063940 0.082300 1.705638
v 0.066022 0.075461 1.701775
v 0.062932 0.076732 1.690739
v 0.068778 0.079801 1.695479
v 0.062932 0.076732 1.690739
v 0.052997 0.081538 1.694076
v 0.059572 0.084103 1.690038
v 0.066022 0.075461 1.701775
v 0.062932 0.076732 1.690739
v 0.068778 0.079801 1.695479
v 0.056087 0.080267 1.705107
v 0.066022 0.075461 1.701775
v 0.063940 0.082300 1.705638
v 0.065534 0.082004 1.704225
v 0.012677 0.096690 1.742276
v 0.023291 0.090355 1.744912
v 0.026026 0.090355 1.748605
v 0.039719 0.088059 1.732741
v 0.054065 -0.088004 1.725069
v 0.046109 -0.090021 1.723047
v 0.050372 -0.088673 1.719973
v 0.050372 -0.088673 1.719973
v 0.054065 -0.088004 1.725069
v 0.050372 -0.088673 1.719973
v 0.046109 -0.090021 1.723047
v 0.052865 -0.085505 1.722615
v 0.065534 -0.082004 1.704225
v 0.012677 -0.096690 1.742276
v 0.023291 -0.090355 1.744912
v 0.039719 -0.088059 1.732741
v 0.026026 -0.090355 1.748605
v 0.120556 0.064332 1.749120
v 0.115120 0.070332 1.745553
v 0.120156 0.067811 1.754106
v 0.106046 0.074288 1.753969
v 0.108895 0.076294 1.756096
v 0.115120 0.070332 1.745553
v 0.112309 0.064272 1.765433
v 0.123696 0.059307 1.754868
v 0.113904 0.067444 1.765658
v 0.120556 -0.064332 1.749120
v 0.120156 -0.067811 1.754106
v 0.115120 -0.070332 1.745553
v 0.115120 -0.070332 1.745553
v 0.108895 -0.076294 1.756096
v 0.106046 -0.074288 1.753969
v 0.112309 -0.064272 1.765433
v 0.113904 -0.067444 1.765658
v 0.123696 -0.059307 1.754868
v 0.069041 -0.079648 1.717403
v 0.072291 -0.078102 1.710592
v 0.070543 -0.075258 1.714757
v 0.068471 -0.076184 1.707397
v 0.066104 -0.080952 1.706992
v 0.061797 -0.079291 1.709666
v 0.070543 -0.075258 1.714757
v 0.072291 -0.078102 1.710592
v 0.068471 -0.076184 1.707397
v 0.063869 -0.078371 1.717031
v 0.069041 -0.079648 1.717403
v 0.070543 -0.075258 1.714757
v 0.102369 0.032095 1.703857
v 0.154021 0.031470 1.705797
v 0.134749 0.000000 1.690947
v 0.071288 0.059088 1.653554
v 0.069403 0.051400 1.709260
v 0.136130 0.054342 1.737947
v 0.154021 0.031470 1.705797
v 0.134749 0.000000 1.690947
v 0.069403 -0.051400 1.709260
v 0.071288 -0.059088 1.653554
v 0.121044 0.013661 1.597896
v 0.131417 0.000000 1.617240
v 0.121044 -0.013661 1.597896
v 0.136130 -0.054342 1.737947
v 0.154021 -0.031470 1.705797
v 0.134749 0.000000 1.690947
v 0.154021 -0.031470 1.705797
v 0.066981 0.082601 1.720773
v 0.066981 -0.082601 1.720773
v 0.139565 0.015387 1.788952
v 0.011729 0.066759 1.798673
v 0.129203 0.016614 1.793549
v 0.139565 -0.015387 1.788952
v 0.129203 -0.016614 1.793549
v 0.170465 0.000000 1.653921
v 0.170465 0.000000 1.653921
v 0.172246 -0.001627 1.721393
v 0.172246 0.004800 1.722242
v 0.172246 0.012423 1.732182
v 0.172246 0.007617 1.743755
v 0.172246 0.001627 1.746232
v 0.172246 -0.009940 1.741432
v 0.172246 -0.011568 1.729009
v 0.172246 -0.001627 1.721393
v 0.132540 -0.041301 1.744095
v 0.169041 -0.026686 1.746292
v 0.169041 -0.026686 1.746292
v 0.132540 -0.041301 1.744095
v 0.169041 -0.026686 1.746292
v 0.169293 -0.012472 1.743454
v 0.169041 0.026686 1.746292
v 0.132540 0.041301 1.744095
v 0.139072 0.000000 1.785900
v 0.169041 0.026686 1.746292
v 0.132540 0.041301 1.744095
v 0.169041 0.026686 1.746292
v 0.169293 0.012472 1.743454
v 0.159698 -0.010927 1.721962
v 0.021899 0.072601 1.779483
v 0.100714 0.065324 1.722658
v 0.167917 0.011990 1.712357
v 0.167917 0.011990 1.712357
v 0.114167 0.031273 1.619010
v 0.170065 0.000000 1.719962
v 0.170065 0.000000 1.719962
v 0.167917 -0.011990 1.712357
v 0.116282 -0.046868 1.706285
v 0.062630 -0.075894 1.754611
v 0.015883 -0.090295 1.757657
v -0.072061 -0.085407 1.698794
v 0.006622 -0.094618 1.747355
v 0.046849 -0.060671 1.655154
v 0.138431 0.000000 1.612346
v -0.072061 -0.085407 1.698794
v -0.114682 0.000000 1.718960
v 0.114167 -0.031273 1.619010
v 0.100714 0.065324 1.722658
v 0.054531 0.087971 1.758479
v 0.114167 0.031273 1.619010
v 0.021899 0.072601 1.779483
v 0.015883 0.090295 1.757657
v -0.072061 0.085407 1.698794
v 0.100714 0.065324 1.722658
v 0.006622 0.094618 1.747355
v 0.046849 0.060671 1.655154
v -0.072061 0.085407 1.698794
v -0.114682 0.000000 1.718960
v 0.114167 0.031273 1.619010
v 0.107777 0.050928 1.690936
v 0.103750 0.050161 1.690679
v 0.099552 0.051285 1.689999
v 0.095563 0.055679 1.695030
v 0.099657 0.054551 1.699419
v 0.110682 0.048720 1.688536
v 0.106287 0.050233 1.684240
v 0.103750 -0.050161 1.690679
v 0.107777 -0.050928 1.690936
v 0.099552 -0.051285 1.689999
v 0.095563 -0.055679 1.695030
v 0.099657 -0.054551 1.699419
v 0.110682 -0.048720 1.688536
v 0.106287 -0.050233 1.684240
v 0.046109 0.090021 1.723047
v 0.046229 0.097024 1.726193
v 0.054065 0.088004 1.725069
v 0.052865 0.085505 1.722615
v 0.046109 0.090021 1.723047
v 0.043479 0.094635 1.731399
v 0.025653 0.087489 1.746386
v 0.062932 0.076732 1.690739
v 0.056087 0.080267 1.705107
v 0.052997 0.081538 1.694076
v 0.004129 0.097375 1.739563
v 0.002463 0.095402 1.747312
v -0.000233 0.098323 1.751410
v 0.013011 0.095440 1.762299
v 0.008436 0.098323 1.763466
v 0.020798 0.097457 1.763438
v 0.012677 0.096690 1.742276
v 0.012677 0.096690 1.742276
v -0.000233 0.098323 1.751410
v 0.008436 0.098323 1.763466
v 0.021001 0.095983 1.748112
v 0.026026 0.090355 1.748605
v 0.023291 0.090355 1.744912
v 0.046109 -0.090021 1.723047
v 0.046229 -0.097024 1.726193
v 0.054065 -0.088004 1.725069
v 0.052865 -0.085505 1.722615
v 0.046109 -0.090021 1.723047
v 0.043479 -0.094635 1.731399
v 0.025653 -0.087489 1.746386
v 0.066022 -0.075461 1.701775
v 0.058334 -0.084968 1.705019
v 0.056087 -0.080267 1.705107
v 0.052997 -0.081538 1.694076
v 0.059572 -0.084103 1.690038
v 0.052997 -0.081538 1.694076
v 0.066022 -0.075461 1.701775
v 0.056087 -0.080267 1.705107
v 0.066022 -0.075461 1.701775
v 0.058334 -0.084968 1.705019
v 0.004129 -0.097375 1.739563
v 0.002463 -0.095402 1.747312
v -0.000233 -0.098323 1.751410
v 0.013011 -0.095440 1.762299
v 0.008436 -0.098323 1.763466
v 0.020798 -0.097457 1.763438
v 0.012677 -0.096690 1.742276
v 0.012677 -0.096690 1.742276
v -0.000233 -0.098323 1.751410
v 0.008436 -0.098323 1.763466
v 0.021001 -0.095983 1.748112
v 0.026026 -0.090355 1.748605
v 0.023291 -0.090355 1.744912
v 0.120556 0.064332 1.749120
v 0.120156 0.067811 1.754106
v 0.123696 0.059307 1.754868
v 0.113904 0.067444 1.765658
v 0.108895 0.076294 1.756096
v 0.115120 0.070332 1.745553
v 0.120556 0.064332 1.749120
v 0.123696 0.059307 1.754868
v 0.112309 0.064272 1.765433
v 0.106046 0.074288 1.753969
v 0.115120 0.070332 1.745553
v 0.120156 -0.067811 1.754106
v 0.108895 -0.076294 1.756096
v 0.115120 -0.070332 1.745553
v 0.113904 -0.067444 1.765658
v 0.123696 -0.059307 1.754868
v 0.120556 -0.064332 1.749120
v 0.120556 -0.064332 1.749120
v 0.112309 -0.064272 1.765433
v 0.123696 -0.059307 1.754868
v 0.106046 -0.074288 1.753969
v 0.115120 -0.070332 1.745553
v 0.068471 -0.076184 1.707397
v 0.072291 -0.078102 1.710592
v 0.069041 -0.079648 1.717403
v 0.063869 -0.078371 1.717031
v 0.061797 -0.079291 1.709666
v 0.069041 0.079648 1.717403
v 0.070543 0.075258 1.714757
v 0.066104 0.080952 1.706992
v 0.061797 0.079291 1.709666
v 0.061797 0.079291 1.709666
v 0.066104 0.080952 1.706992
v 0.072291 0.078102 1.710592
v 0.070543 0.075258 1.714757
v 0.070543 0.075258 1.714757
v 0.069041 0.079648 1.717403
v 0.062855 0.082497 1.713803
v 0.061797 0.079291 1.709666
v 0.134749 0.000000 1.690947
v 0.134749 0.000000 1.690947
v 0.119038 0.013595 1.803720
v 0.154021 0.031470 1.705797
v 0.136130 0.054342 1.737947
v -0.046033 0.062332 1.656233
v 0.057446 0.059230 1.628698
v 0.071288 0.059088 1.653554
v 0.126650 0.029147 1.595924
v 0.131417 0.000000 1.617240
v 0.121044 0.013661 1.597896
v 0.154021 -0.031470 1.705797
v 0.134749 0.000000 1.690947
v 0.136130 -0.054342 1.737947
v 0.119038 -0.013595 1.803720
v 0.119038 0.013595 1.803720
v 0.119038 0.013595 1.803720
v 0.136130 -0.054342 1.737947
v 0.154021 -0.031470 1.705797
v -0.046033 -0.062332 1.656233
v 0.057446 -0.059230 1.628698
v 0.071288 -0.059088 1.653554
v 0.126650 -0.029147 1.595924
v 0.131417 0.000000 1.617240
v 0.134749 0.000000 1.690947
v 0.122896 0.009020 1.634101
v 0.131417 0.000000 1.617240
v 0.062608 0.083801 1.705616
v 0.064258 0.081779 1.707797
v 0.066060 0.080837 1.720773
v 0.066981 0.082601 1.720773
v 0.063288 0.082289 1.714992
v 0.068992 0.080475 1.707359
v 0.064258 0.081779 1.707797
v 0.067710 0.081144 1.701874
v 0.062608 0.083801 1.705616
v 0.061359 0.084453 1.716198
v 0.062608 -0.083801 1.705616
v 0.064258 -0.081779 1.707797
v 0.066981 -0.082601 1.720773
v 0.068992 -0.080475 1.707359
v 0.064258 -0.081779 1.707797
v 0.067710 -0.081144 1.701874
v 0.062608 -0.083801 1.705616
v 0.011729 0.066759 1.798673
v 0.039117 0.071466 1.800980
v 0.011729 -0.066759 1.798673
v 0.039117 -0.071466 1.800980
v 0.072499 -0.079472 1.754643
v 0.043780 -0.077061 1.747525
v 0.172778 0.004313 1.671872
v 0.172778 -0.010883 1.676514
v 0.172778 0.013327 1.684328
v 0.172778 0.009173 1.714866
v 0.172778 0.013118 1.707036
v 0.172778 0.005200 1.717436
v 0.172778 -0.005200 1.717436
v 0.172778 -0.013118 1.707036
v 0.172778 -0.013327 1.684328
v 0.172246 -0.009940 1.741432
v 0.172246 -0.001627 1.721393
v 0.172246 0.012423 1.732182
v 0.113904 -0.067444 1.765658
v 0.108895 -0.076294 1.756096
v 0.108895 0.076294 1.756096
v 0.113904 0.067444 1.765658
v 0.052997 0.081538 1.694076
v 0.056087 0.080267 1.705107
v 0.062932 0.076732 1.690739
v 0.102440 0.036813 1.708006
v 0.102440 0.043980 1.700833
v 0.114353 0.033081 1.699320
v 0.114353 0.043575 1.705381
v 0.114353 -0.033081 1.699320
v 0.102440 -0.043980 1.700833
v 0.102440 -0.036813 1.708006
v 0.114353 -0.043575 1.705381
v 0.022064 -0.090355 1.743180
v 0.036333 -0.090766 1.727919
v 0.036333 0.090766 1.727919
v 0.022064 0.090355 1.743180
v 0.060871 -0.068666 1.792212
v 0.060871 0.068666 1.792212
v 0.102840 0.000000 1.605382
v 0.102840 0.000000 1.605382
v 0.114353 0.033081 1.699320
v 0.114353 -0.033081 1.699320
v 0.138513 0.000000 1.684191
v 0.138513 0.000000 1.684191
v 0.139072 0.000000 1.785900
v 0.168334 0.007726 1.706926
v 0.168334 -0.008017 1.683418
v 0.172778 0.004313 1.671872
v 0.172778 -0.005200 1.717436
v 0.149697 -0.001562 1.721875
v 0.149697 0.001562 1.745750
v 0.162964 -0.015371 1.685473
v 0.084522 -0.055488 1.674327
v 0.162964 0.015371 1.685473
v 0.084522 0.055488 1.674327
f 3 1 2
f 1 4 2
f 2 4 5
f 4 6 5
f 5 6 7
f 6 8 7
f 7 8 9
f 1 10 4
f 10 11 4
f 4 11 6
f 11 12 6
f 6 12 8
f 12 13 8
f 8 13 9
f 9 13 14
f 13 15 14
f 1 10 16
f 16 10 17
f 10 11 17
f 11 12 17
f 17 12 18
f 12 13 18
f 13 15 18
f 15 19 18
f 18 19 17
f 20 21 22
f 22 21 23
f 21 24 23
f 25 27 26
f 27 28 26
f 26 28 29
f 28 30 29
f 30 31 29
f 29 31 32
f 32 31 33
f 31 34 33
f 33 34 35
f 34 36 35
f 39 38 37
f 37 38 40
f 40 38 41
f 38 42 41
f 37 40 43
f 40 41 43
f 43 41 44
f 37 45 43
f 45 46 43
f 46 47 43
f 43 47 48
f 45 49 46
f 49 50 46
f 46 50 47
f 50 51 47
f 49 50 52
f 52 50 53
f 54 55 56
f 55 57 56
f 56 57 58
f 58 57 59
f 57 60 59
f 59 60 61
f 55 62 57
f 62 63 57
f 57 63 60
f 63 64 60
f 60 64 65
f 65 64 66
f 64 67 66
f 66 67 68
f 67 69 68
f 62 63 70
f 70 63 71
f 71 63 72
f 63 64 72
f 64 67 72
f 72 67 73
f 67 69 73
f 74 70 71
f 71 72 75
f 75 72 76
f 79 77 78
f 78 77 80
f 80 77 81
f 77 82 81
f 85 84 83
f 84 86 83
f 86 87 83
f 83 87 88
f 91 89 90
f 89 92 90
f 92 93 90
f 93 94 90
f 90 94 95
f 92 96 93
f 96 97 93
f 97 98 93
f 98 99 93
f 93 99 94
f 96 100 97
f 100 101 97
f 101 102 97
f 97 102 98
f 102 103 98
f 96 100 104
f 104 100 105
f 105 100 106
f 106 100 107
f 100 101 107
f 104 105 108
f 108 105 109
f 109 105 110
f 110 105 111
f 105 106 111
f 110 112 109
f 115 114 113
f 113 114 116
f 116 114 117
f 114 118 117
f 117 118 119
f 118 120 119
f 119 120 121
f 120 122 121
f 113 116 123
f 116 117 123
f 123 117 124
f 123 113 125
f 126 122 121
f 128 127 117
f 117 127 119
f 119 127 121
f 127 129 121
f 130 132 131
f 131 132 133
f 132 134 133
f 133 134 135
f 134 136 135
f 135 136 137
f 136 138 137
f 131 133 139
f 139 133 140
f 140 133 141
f 133 135 141
f 141 135 142
f 142 135 143
f 135 137 143
f 137 144 143
f 143 144 145
f 140 146 141
f 141 147 142
f 147 148 142
f 148 149 142
f 142 149 143
f 143 149 150
f 150 149 151
f 151 149 152
f 149 148 152
f 153 155 154
f 154 155 156
f 156 155 157
f 155 158 157
f 160 159 161
f 161 159 162
f 162 159 163
f 159 164 163
f 167 166 165
f 166 168 165
f 165 168 169
f 168 170 169
f 169 170 171
f 171 170 172
f 170 173 172
f 172 173 174
f 173 175 174
f 165 169 176
f 176 169 177
f 177 169 178
f 169 171 178
f 178 171 179
f 179 171 180
f 171 172 180
f 181 165 176
f 178 179 182
f 180 172 183
f 183 172 184
f 172 174 184
f 184 174 185
f 185 174 186
f 186 174 187
f 174 175 187
f 188 186 187
f 191 190 189
f 189 190 192
f 192 190 193
f 193 190 194
f 190 195 194
f 194 195 196
f 189 197 192
f 197 198 192
f 192 198 193
f 198 199 193
f 199 200 193
f 200 201 193
f 193 201 194
f 201 202 194
f 197 198 203
f 203 198 204
f 198 199 204
f 199 200 204
f 200 205 204
f 204 205 206
f 205 207 206
f 197 203 208
f 208 203 209
f 203 204 209
f 204 206 209
f 209 206 210
f 206 211 210
f 209 212 208
f 215 214 213
f 214 216 213
f 216 217 213
f 213 217 218
f 218 217 219
f 217 220 219
f 220 221 219
f 219 221 222
f 223 224 225
f 224 226 225
f 225 226 227
f 226 228 227
f 228 229 227
f 227 229 230
f 229 231 230
f 224 226 232
f 232 226 233
f 226 228 233
f 233 228 234
f 228 229 234
f 234 229 235
f 235 229 236
f 229 231 236
f 236 231 237
f 231 238 237
f 237 238 239
f 232 240 233
f 240 234 233
f 240 241 232
f 239 242 237
f 237 242 243
f 242 244 243
f 243 244 245
f 245 244 246
f 244 247 246
f 246 247 248
f 243 237 245
f 237 236 245
f 236 249 245
f 245 249 246
f 249 250 246
f 250 251 246
f 246 251 248
f 251 252 248
f 236 249 253
f 249 250 253
f 253 250 254
f 254 250 255
f 250 251 255
f 236 253 235
f 235 253 256
f 253 254 256
f 256 254 257
f 254 255 257
f 257 255 258
f 256 235 259
f 259 235 260
f 235 234 260
f 262 261 263
f 261 264 263
f 263 264 265
f 264 266 265
f 265 267 263
f 268 270 269
f 269 270 271
f 270 272 271
f 271 272 273
f 273 272 274
f 272 275 274
f 275 276 274
f 274 276 277
f 269 278 271
f 271 278 273
f 278 279 273
f 273 279 274
f 279 280 274
f 280 281 274
f 274 281 277
f 281 282 277
f 269 278 283
f 278 279 283
f 283 279 284
f 284 279 285
f 279 280 285
f 285 280 286
f 286 280 287
f 280 281 287
f 281 288 287
f 287 288 289
f 269 290 283
f 290 291 283
f 291 292 283
f 283 292 284
f 292 293 284
f 284 293 285
f 269 294 290
f 290 294 295
f 294 296 295
f 297 269 294
f 290 291 298
f 298 291 299
f 291 292 299
f 299 292 300
f 292 293 300
f 300 293 301
f 301 293 302
f 302 293 303
f 293 285 303
f 303 285 304
f 304 285 305
f 285 286 305
f 305 286 287
f 302 306 303
f 303 306 304
f 306 307 304
f 304 307 305
f 307 308 305
f 308 309 305
f 305 309 287
f 287 309 289
f 289 309 310
f 309 311 310
f 302 306 312
f 312 306 313
f 306 307 313
f 313 307 314
f 314 307 315
f 307 308 315
f 315 308 316
f 308 309 316
f 309 311 316
f 311 317 316
f 316 317 315
f 313 318 314
f 318 315 314
f 313 318 319
f 320 322 321
f 321 322 323
f 322 324 323
f 323 324 325
f 325 324 326
f 324 327 326
f 321 323 328
f 328 323 329
f 323 325 329
f 329 325 330
f 325 326 330
f 328 329 331
f 329 330 331
f 331 330 332
f 330 333 332
f 333 334 332
f 332 334 335
f 328 336 331
f 336 337 331
f 337 338 331
f 331 338 332
f 338 339 332
f 332 339 335
f 339 340 335
f 335 340 341
f 340 342 341
f 341 342 343
f 337 344 338
f 344 345 338
f 345 346 338
f 338 346 339
f 346 347 339
f 339 347 340
f 340 347 342
f 347 348 342
f 337 344 349
f 349 344 350
f 350 344 351
f 351 344 352
f 344 345 352
f 352 345 353
f 353 345 354
f 345 346 354
f 346 347 354
f 347 348 354
f 354 348 355
f 348 356 355
f 352 353 351
f 355 357 354
f 354 357 353
f 360 358 359
f 358 361 359
f 361 362 359
f 359 362 363
f 361 364 362
f 367 365 366
f 365 368 366
f 368 369 366
f 369 370 366
f 370 371 366
f 371 372 366
f 366 372 373
f 365 374 368
f 374 375 368
f 368 375 369
f 375 376 369
f 369 376 370
f 376 377 370
f 377 378 370
f 378 379 370
f 370 379 371
f 371 379 380
f 379 381 380
f 374 375 382
f 375 376 382
f 382 376 383
f 383 376 384
f 376 377 384
f 384 377 385
f 377 378 385
f 385 378 386
f 386 378 381
f 378 379 381
f 374 382 387
f 387 382 388
f 388 382 389
f 389 382 390
f 382 383 390
f 390 383 391
f 391 383 392
f 383 384 392
f 392 384 393
f 393 384 394
f 394 384 395
f 384 385 395
f 396 389 390
f 392 393 391
f 391 393 397
f 397 393 398
f 398 393 399
f 393 394 399
f 399 394 400
f 394 395 400
f 400 395 401
f 395 385 401
f 391 397 402
f 402 397 403
f 403 397 404
f 404 397 405
f 397 398 405
f 405 398 406
f 398 399 406
f 402 407 391
f 391 407 390
f 406 405 408
f 405 404 408
f 401 385 409
f 409 385 386
f 401 400 410
f 410 400 411
f 400 399 411
f 399 412 411
f 412 413 411
f 411 413 414
f 399 406 412
f 406 413 412
f 371 372 415
f 415 372 416
f 417 418 419
f 418 420 419
f 420 421 419
f 419 421 422
f 421 423 422
f 423 424 422
f 424 425 422
f 422 425 426
f 418 427 420
f 427 428 420
f 420 428 421
f 421 428 423
f 428 429 423
f 429 430 423
f 423 430 424
f 430 431 424
f 431 432 424
f 424 432 425
f 418 433 427
f 433 434 427
f 434 435 427
f 427 435 428
f 428 435 429
f 435 436 429
f 436 437 429
f 429 437 430
f 437 438 430
f 430 438 431
f 438 439 431
f 433 434 440
f 440 434 441
f 441 434 442
f 434 435 442
f 442 435 443
f 435 436 443
f 443 436 444
f 444 436 445
f 445 436 446
f 436 437 446
f 446 437 447
f 437 438 447
f 441 442 448
f 448 442 449
f 442 443 449
f 449 443 450
f 443 444 450
f 450 444 451
f 451 444 452
f 452 444 453
f 444 445 453
f 448 449 454
f 454 449 455
f 449 450 455
f 455 450 456
f 450 451 456
f 456 451 457
f 451 452 457
f 457 452 458
f 458 452 459
f 459 452 460
f 452 453 460
f 460 453 461
f 453 445 461
f 461 445 462
f 445 446 462
f 462 446 447
f 459 458 463
f 464 465 466
f 465 467 466
f 466 467 468
f 467 469 468
f 468 469 470
f 469 471 470
f 470 471 472
f 471 473 472
f 473 474 472
f 472 474 475
f 474 476 475
f 475 476 477
f 476 478 477
f 481 480 479
f 479 480 482
f 482 480 483
f 480 484 483
f 483 484 485
f 484 486 485
f 485 486 487
f 479 488 482
f 488 489 482
f 482 489 483
f 489 490 483
f 483 490 485
f 490 491 485
f 485 491 487
f 487 491 492
f 491 493 492
f 492 493 494
f 479 495 488
f 495 496 488
f 488 496 489
f 496 497 489
f 489 497 490
f 497 498 490
f 498 499 490
f 490 499 491
f 491 499 493
f 499 500 493
f 500 501 493
f 493 501 494
f 495 502 496
f 502 503 496
f 496 503 497
f 503 504 497
f 497 504 498
f 504 505 498
f 505 506 498
f 506 507 498
f 498 507 499
f 507 500 499
f 495 502 508
f 508 502 509
f 509 502 510
f 502 503 510
f 510 503 511
f 503 504 511
f 511 504 512
f 504 505 512
f 512 505 513
f 505 506 513
f 495 508 514
f 511 515 510
f 513 506 516
f 516 506 517
f 506 507 517
f 517 507 518
f 518 507 519
f 507 500 519
f 519 500 520
f 500 501 520
f 516 517 521
f 517 518 521
f 521 518 522
f 522 518 523
f 523 518 524
f 518 519 524
f 524 519 520
f 525 523 522
f 528 526 527
f 527 526 529
f 526 530 529
f 529 530 531
f 530 532 531
f 531 532 533
f 532 534 533
f 533 534 535
f 535 534 536
f 534 537 536
f 536 537 538
f 537 539 538
f 538 539 540
f 541 542 543
f 542 544 543
f 544 545 543
f 545 546 543
f 543 546 541
f 542 547 544
f 547 548 544
f 548 549 544
f 544 549 545
f 549 550 545
f 550 551 545
f 545 551 546
f 546 551 552
f 551 553 552
f 552 553 554
f 547 555 548
f 555 556 548
f 556 557 548
f 557 558 548
f 548 558 549
f 558 559 549
f 549 559 550
f 559 560 550
f 560 561 550
f 550 561 551
f 555 562 556
f 556 562 557
f 562 563 557
f 563 564 557
f 564 565 557
f 557 565 558
f 558 565 559
f 565 566 559
f 559 566 560
f 566 567 560
f 560 567 561
f 555 568 562
f 568 569 562
f 569 570 562
f 562 570 563
f 570 571 563
f 571 572 563
f 572 573 563
f 573 574 563
f 563 574 564
f 570 569 571
f 569 575 571
f 575 576 571
f 576 577 571
f 571 577 572
f 572 577 573
f 577 578 573
f 578 579 573
f 573 579 574
f 579 580 574
f 580 581 574
f 574 581 564
f 575 582 576
f 582 583 576
f 576 583 577
f 583 584 577
f 584 585 577
f 577 585 578
f 585 586 578
f 578 586 579
f 586 587 579
f 579 587 580
f 587 588 580
f 580 588 581
f 582 589 583
f 589 590 583
f 583 590 584
f 590 591 584
f 591 592 584
f 592 593 584
f 584 593 585
f 585 593 586
f 586 593 587
f 593 594 587
f 587 594 588
f 594 595 588
f 595 596 588
f 596 597 588
f 588 597 581
f 591 598 592
f 598 594 592
f 592 594 593
f 591 599 598
f 599 595 598
f 598 595 594
f 599 600 595
f 595 600 596
f 600 601 596
f 596 601 597
f 601 602 597
f 602 603 597
f 603 604 597
f 597 604 581
f 604 605 581
f 581 605 564
f 605 606 564
f 606 566 564
f 564 566 565
f 603 607 604
f 607 608 604
f 604 608 605
f 608 609 605
f 609 610 605
f 605 610 606
f 610 567 606
f 606 567 566
f 607 611 608
f 608 611 609
f 611 612 609
f 612 613 609
f 613 614 609
f 609 614 610
f 610 614 567
f 567 614 561
f 561 614 551
f 614 553 551
f 612 613 553
f 553 613 614
f 553 612 554
f 774 775 776
f 777 778 779
f 778 780 779
f 780 781 779
f 779 781 782
f 781 783 782
f 782 783 784
f 783 785 784
f 788 787 786
f 786 787 789
f 787 790 789
f 789 790 791
f 790 792 791
f 789 793 786
f 794 796 795
f 796 797 795
f 797 798 795
f 795 798 799
f 798 800 799
f 799 800 801
f 804 802 803
f 802 805 803
f 805 806 803
f 803 806 807
f 806 808 807
f 808 809 807
f 807 809 810
f 811 812 813
f 813 812 814
f 814 812 815
f 812 816 815
f 815 816 817
f 816 818 817
f 817 818 819
f 822 820 821
f 820 823 821
f 821 823 824
f 820 825 823
f 823 825 826
f 825 827 826
f 828 830 829
f 829 830 831
f 831 830 832
f 830 833 832
f 832 833 834
f 833 835 834
f 837 836 838
f 836 839 838
f 839 840 838
f 838 840 841
f 840 842 841
f 842 843 841
f 841 843 844
f 845 846 847
f 846 848 847
f 848 849 847
f 847 849 850
f 849 851 850
f 850 851 852
f 846 853 848
f 853 854 848
f 848 854 849
f 854 855 849
f 849 855 851
f 851 855 856
f 855 857 856
f 856 857 858
f 857 859 858
f 858 859 860
f 853 861 854
f 861 862 854
f 854 862 855
f 855 862 857
f 862 863 857
f 857 863 859
f 863 864 859
f 864 865 859
f 859 865 860
f 860 865 866
f 865 867 866
f 861 862 868
f 862 863 868
f 863 864 868
f 868 864 869
f 869 864 870
f 870 864 871
f 864 865 871
f 871 865 872
f 865 867 872
f 867 873 872
f 872 873 874
f 874 873 875
f 873 876 875
f 875 876 877
f 870 878 871
f 878 879 871
f 879 874 871
f 871 874 872
f 878 880 879
f 880 881 879
f 879 881 874
f 874 881 875
f 881 882 875
f 875 882 877
f 877 882 883
f 882 884 883
f 883 884 885
f 884 886 885
f 885 886 887
f 880 888 881
f 888 889 881
f 881 889 882
f 882 889 884
f 889 890 884
f 884 890 886
f 890 891 886
f 891 892 886
f 886 892 887
f 888 893 889
f 889 893 890
f 893 894 890
f 890 894 891
f 894 895 891
f 895 896 891
f 891 896 892
f 897 898 899
f 898 900 899
f 900 901 899
f 899 901 902
f 901 903 902
f 902 903 904
f 903 905 904
f 905 906 904
f 906 907 904
f 904 907 908
f 907 909 908
f 908 909 910
f 909 911 910
f 911 912 910
f 910 912 913
f 912 914 913
f 914 915 913
f 913 915 916
f 916 915 917
f 915 918 917
f 918 919 917
f 917 919 920
f 919 921 920
f 921 922 920
f 920 922 923
f 922 924 923
f 923 924 925
f 924 926 925
f 926 927 925
f 927 928 925
f 925 928 929
f 928 930 929
f 933 932 931
f 932 934 931
f 931 934 935
f 934 936 935
f 935 936 937
f 936 938 937
f 937 938 939
f 942 940 941
f 941 940 943
f 940 944 943
f 943 944 945
f 944 946 945
f 946 947 945
f 945 947 948
f 948 947 949
f 947 950 949
f 949 950 951
f 954 952 953
f 952 955 953
f 955 956 953
f 953 956 957
f 956 958 957
f 957 958 959
f 952 960 955
f 960 961 955
f 961 962 955
f 962 963 955
f 963 964 955
f 955 964 956
f 964 958 956
f 962 965 961
f 964 966 963
f 966 967 963
f 963 967 968
f 967 969 968
f 969 970 968
f 968 970 971
f 970 972 971
f 972 962 971
f 962 963 971
f 971 963 968
f 975 973 974
f 973 976 974
f 976 977 974
f 974 977 978
f 977 976 979
f 976 980 979
f 979 980 981
f 982 983 984
f 983 985 984
f 984 985 986
f 986 985 987
f 985 988 987
f 988 989 987
f 987 989 990
f 992 993 991
f 993 994 991
f 991 994 995
f 995 994 996
f 994 997 996
f 996 997 998
f 993 999 994
f 999 1000 994
f 1000 1001 994
f 994 1001 997
f 1001 1002 997
f 997 1002 1003
f 1002 1004 1003
f 993 999 1005
f 1005 999 1006
f 999 1000 1006
f 1006 1007 1005
f 1000 1001 1008
f 1008 1001 1009
f 1009 1001 1010
f 1001 1002 1010
f 1002 1004 1010
f 1004 1011 1010
f 1010 1011 1009
f 1012 1013 1014
f 1014 1013 1015
f 1013 1016 1015
f 1016 1017 1015
f 1015 1017 1018
f 1017 1019 1018
f 1016 1020 1013
f 1021 1023 1022
f 1023 1024 1022
f 1022 1024 1025
f 1025 1024 1026
f 1024 1027 1026
f 1027 1028 1026
f 1026 1028 1029
f 1031 1032 1030
f 1032 1033 1030
f 1030 1033 1034
f 1034 1033 1035
f 1035 1033 1036
f 1033 1037 1036
f 1036 1037 1038
f 1038 1037 1039
f 1039 1037 1040
f 1037 1041 1040
f 1042 1044 1043
f 1044 1045 1043
f 1043 1045 1046
f 1045 1047 1046
f 1047 1048 1046
f 1046 1048 1049
f 1048 1050 1049
f 1050 1051 1049
f 1049 1051 1052
f 1052 1051 1053
f 1051 1054 1053
f 1052 1053 1055
f 1056 1058 1057
f 1057 1058 1059
f 1058 1060 1059
f 1060 1061 1059
f 1059 1061 1062
f 1061 1063 1062
f 1062 1063 1064
f 1057 1065 1059
f 1065 1066 1059
f 1066 1067 1059
f 1059 1067 1062
f 1062 1067 1068
f 1067 1069 1068
f 1068 1069 1070
f 1070 1069 1071
f 1069 1072 1071
f 1065 1066 1073
f 1073 1066 1074
f 1074 1066 1075
f 1066 1067 1075
f 1075 1067 1076
f 1076 1067 1077
f 1077 1067 1078
f 1067 1069 1078
f 1078 1069 1072
f 1065 1079 1073
f 1079 1080 1073
f 1080 1081 1073
f 1073 1081 1074
f 1081 1082 1074
f 1074 1082 1075
f 1082 1083 1075
f 1083 1084 1075
f 1075 1084 1076
f 1079 1085 1080
f 1085 1086 1080
f 1086 1087 1080
f 1080 1087 1081
f 1087 1088 1081
f 1088 1089 1081
f 1081 1089 1082
f 1089 1090 1082
f 1082 1090 1083
f 1090 1091 1083
f 1085 1092 1079
f 1076 1077 1093
f 1093 1077 1094
f 1097 1095 1096
f 1095 1098 1096
f 1096 1098 1099
f 1098 1100 1099
f 1100 1101 1099
f 1099 1101 1102
f 1101 1103 1102
f 1095 1098 1104
f 1104 1098 1105
f 1098 1100 1105
f 1105 1100 1106
f 1106 1100 1107
f 1107 1100 1108
f 1108 1100 1109
f 1109 1100 1110
f 1100 1101 1110
f 1110 1101 1111
f 1111 1101 1112
f 1101 1103 1112
f 1106 1107 1113
f 1113 1107 1091
f 1091 1107 1114
f 1114 1107 1115
f 1107 1108 1115
f 1114 1116 1091
f 1091 1116 1090
f 1116 1117 1090
f 1117 1118 1090
f 1090 1118 1089
f 1118 1119 1089
f 1089 1119 1111
f 1119 1120 1111
f 1120 1121 1111
f 1111 1121 1110
f 1121 1122 1110
f 1110 1122 1109
f 1089 1088 1111
f 1111 1088 1112
f 1088 1087 1112
f 1087 1086 1112
f 1086 1123 1112
f 1123 1124 1112
f 1112 1124 1103
f 1124 1125 1103
f 1086 1123 1126
f 1126 1123 1124
f 1129 1127 1128
f 1127 1130 1128
f 1130 1131 1128
f 1128 1131 1132
f 1132 1131 1133
f 1131 1134 1133
f 1134 1135 1133
f 1133 1135 1136
f 1127 1137 1130
f 1137 1138 1130
f 1138 1134 1130
f 1130 1134 1131
f 1127 1139 1137
f 1139 1140 1137
f 1137 1140 1138
f 1140 1139 1141
f 1138 1142 1134
f 1134 1142 1135
f 1135 1142 1136
f 1142 1143 1136
f 1144 1146 1145
f 1145 1146 1147
f 1146 1148 1147
f 1148 1149 1147
f 1149 1150 1147
f 1147 1150 1145
f 1145 1150 1151
f 1150 1152 1151
f 1151 1152 1153
f 1154 1155 1156
f 1156 1155 1157
f 1155 1158 1157
f 1157 1158 1159
f 1159 1158 1160
f 1158 1161 1160
f 1160 1161 1162
f 1162 1161 1163
f 1163 1161 1164
f 1161 1165 1164
f 1164 1165 1166
f 1166 1165 1167
f 1167 1165 1168
f 1168 1165 1169
f 1165 1170 1169
f 1161 1165 1171
f 1165 1170 1171
f 1170 1172 1171
f 1171 1172 1161
f 1174 1175 1173
f 1173 1175 1176
f 1175 1177 1176
f 1177 1178 1176
f 1178 1179 1176
f 1176 1179 1180
f 1179 1181 1180
f 1181 1182 1180
f 1182 1183 1180
f 1180 1183 1184
f 1185 1186 1187
f 1186 1188 1187
f 1187 1188 1189
f 1188 1190 1189
f 1190 1191 1189
f 1189 1191 1192
f 1191 1193 1192
f 1193 1194 1192
f 1192 1194 1195
f 1194 1196 1195
f 1195 1196 1197
f 1196 1194 1198
f 1199 1200 1201
f 1200 1202 1201
f 1201 1202 1203
f 1202 1204 1203
f 1204 1205 1203
f 1203 1205 1206
f 1200 1207 1202
f 1207 1208 1202
f 1208 1209 1202
f 1209 1210 1202
f 1202 1210 1204
f 1210 1211 1204
f 1211 1212 1204
f 1204 1212 1205
f 1212 1213 1205
f 1213 1214 1205
f 1205 1214 1206
f 1208 1215 1209
f 1215 1216 1209
f 1209 1210 1217
f 1217 1210 1218
f 1218 1210 1219
f 1219 1210 1220
f 1220 1210 1221
f 1210 1211 1221
f 1217 1218 1222
f 1222 1218 1223
f 1223 1218 1224
f 1218 1219 1224
f 1221 1211 1225
f 1225 1211 1226
f 1226 1211 1227
f 1211 1212 1227
f 1212 1213 1227
f 1227 1213 1228
f 1228 1213 1229
f 1229 1213 1230
f 1213 1214 1230
f 1226 1227 1231
f 1227 1228 1231
f 1231 1228 1232
f 1232 1228 1233
f 1233 1228 1234
f 1228 1229 1234
f 1234 1229 1235
f 1229 1230 1235
f 1235 1230 1236
f 1230 1214 1236
f 1226 1231 1237
f 1237 1231 1238
f 1238 1231 1239
f 1231 1232 1239
f 1238 1240 1237
f 1237 1240 1241
f 1240 1242 1241
f 1242 1243 1241
f 1241 1243 1244
f 1243 1245 1244
f 1244 1245 1246
f 1245 1247 1246
f 1237 1241 1248
f 1248 1241 1249
f 1241 1244 1249
f 1249 1244 1250
f 1250 1244 1251
f 1251 1244 1252
f 1252 1244 1253
f 1244 1246 1253
f 1253 1246 1234
f 1234 1246 1254
f 1246 1247 1254
f 1250 1251 1255
f 1255 1251 1256
f 1256 1251 1257
f 1251 1252 1257
f 1257 1258 1256
f 1254 1259 1234
f 1234 1259 1233
f 1234 1253 1235
f 1253 1260 1235
f 1260 1261 1235
f 1261 1262 1235
f 1235 1262 1236
f 1236 1262 1263
f 1262 1261 1263
f 1260 1264 1253
f 1253 1264 1252
f 1265 1261 1260
f 1236 1266 1214
f 1214 1266 1206
f 1266 1267 1206
f 1221 1268 1220
f 1220 1268 1269
f 1272 1270 1271
f 1270 1273 1271
f 1273 1274 1271
f 1271 1274 1275
f 1274 1276 1275
f 1275 1276 1277
f 1270 1278 1273
f 1278 1279 1273
f 1279 1280 1273
f 1273 1280 1274
f 1280 1276 1274
f 1270 1278 1281
f 1281 1278 1282
f 1278 1279 1282
f 1282 1279 1283
f 1283 1279 1284
f 1279 1280 1284
f 1282 1283 1285
f 1283 1284 1285
f 1285 1284 1286
f 1287 1288 1289
f 1288 1290 1289
f 1290 1291 1289
f 1289 1291 1292
f 1291 1293 1292
f 1292 1293 1294
f 1288 1295 1290
f 1295 1296 1290
f 1290 1296 1291
f 1297 1298 1299
f 1298 1300 1299
f 1299 1300 1301
f 1300 1302 1301
f 1302 1303 1301
f 1301 1303 1304
f 1303 1305 1304
f 1305 1306 1304
f 1306 1307 1304
f 1307 1308 1304
f 1308 1309 1304
f 1304 1309 1310
f 1310 1309 1311
f 1309 1308 1311
f 1311 1308 1312
f 1312 1308 1313
f 1308 1314 1313
f 1307 1308 1315
f 1315 1308 1314
f 1318 1316 1317
f 1316 1319 1317
f 1319 1320 1317
f 1317 1320 1321
f 1320 1322 1321
f 1322 1323 1321
f 1321 1323 1324
f 1323 1325 1324
f 1325 1326 1324
f 1326 1327 1324
f 1324 1327 1328
f 1327 1329 1328
f 1328 1329 1330
f 1329 1331 1330
f 1331 1332 1330
f 1330 1332 1333
f 1332 1334 1333
f 1333 1334 1335
f 1336 1337 1338
f 1338 1337 1339
f 1339 1337 1340
f 1337 1341 1340
f 1340 1341 1342
f 1342 1341 1343
f 1341 1344 1343
f 1343 1344 1345
f 1345 1344 1346
f 1346 1344 1347
f 1344 1348 1347
f 1347 1348 1349
f 1348 1350 1349
f 1349 1350 1351
f 1351 1350 1352
f 1350 1353 1352
f 1352 1353 1354
f 1353 1355 1354
f 1356 1358 1357
f 1358 1359 1357
f 1357 1359 1360
f 1360 1359 1361
f 1359 1362 1361
f 1362 1363 1361
f 1361 1363 1364
f 1363 1365 1364
f 1360 1366 1357
f 1357 1366 1367
f 1366 1368 1367
f 1367 1368 1369
f 1368 1370 1369
f 1369 1370 1371
f 1371 1370 1372
f 1370 1373 1372
f 1372 1373 1374
f 1373 1375 1374
f 1374 1375 1365
f 1375 1364 1365
f 1378 1377 1376
f 1377 1379 1376
f 1376 1379 1380
f 1379 1381 1380
f 1381 1382 1380
f 1380 1382 1383
f 1382 1384 1383
f 1383 1384 1385
f 1376 1386 1380
f 1386 1387 1380
f 1387 1388 1380
f 1380 1388 1383
f 1388 1389 1383
f 1389 1390 1383
f 1383 1390 1385
f 1390 1391 1385
f 1376 1386 1392
f 1392 1386 1393
f 1393 1386 1394
f 1394 1386 1395
f 1386 1387 1395
f 1395 1387 1396
f 1396 1387 1397
f 1397 1387 1398
f 1387 1388 1398
f 1393 1394 1399
f 1399 1394 1400
f 1400 1394 1401
f 1394 1395 1401
f 1401 1395 1402
f 1395 1396 1402
f 1396 1403 1402
f 1402 1403 1404
f 1403 1405 1404
f 1404 1405 1406
f 1405 1407 1406
f 1400 1401 1408
f 1408 1401 1409
f 1401 1402 1409
f 1402 1404 1409
f 1409 1404 1410
f 1404 1406 1410
f 1410 1406 1411
f 1411 1406 1412
f 1412 1406 1413
f 1406 1407 1413
f 1408 1409 1414
f 1409 1410 1414
f 1414 1410 1415
f 1410 1411 1415
f 1415 1411 1391
f 1391 1411 1416
f 1411 1412 1416
f 1416 1412 1390
f 1390 1412 1389
f 1389 1412 1417
f 1412 1413 1417
f 1416 1390 1391
f 1389 1417 1388
f 1388 1417 1398
f 1420 1418 1419
f 1418 1421 1419
f 1421 1422 1419
f 1422 1423 1419
f 1419 1423 1424
f 1423 1425 1424
f 1424 1425 1426
f 1425 1427 1426
f 1426 1427 1428
f 1422 1421 1429
f 1421 1430 1429
f 1430 1431 1429
f 1429 1431 1432
f 1431 1433 1432
f 1432 1433 1434
f 1433 1435 1434
f 1434 1435 1436
f 1435 1437 1436
f 1436 1437 1427
f 1437 1428 1427
f 1438 1440 1439
f 1439 1440 1441
f 1441 1440 1442
f 1442 1440 1443
f 1440 1444 1443
f 1444 1445 1443
f 1443 1445 1446
f 1445 1447 1446
f 1446 1447 1448
f 1441 1449 1442
f 1449 1450 1442
f 1450 1451 1442
f 1451 1452 1442
f 1452 1453 1442
f 1442 1453 1443
f 1453 1454 1443
f 1443 1454 1446
f 1454 1455 1446
f 1446 1455 1448
f 1455 1456 1448
f 1450 1451 1457
f 1457 1451 1458
f 1458 1451 1459
f 1459 1451 1460
f 1451 1452 1460
f 1460 1452 1461
f 1461 1452 1462
f 1452 1453 1462
f 1462 1453 1463
f 1463 1453 1464
f 1453 1454 1464
f 1458 1459 1465
f 1465 1459 1466
f 1466 1459 1467
f 1459 1460 1467
f 1460 1461 1467
f 1461 1468 1467
f 1467 1468 1469
f 1468 1470 1469
f 1469 1470 1471
f 1465 1472 1466
f 1466 1472 1467
f 1467 1472 1469
f 1472 1473 1469
f 1473 1474 1469
f 1469 1474 1471
f 1471 1474 1475
f 1474 1476 1475
f 1475 1476 1464
f 1476 1454 1464
f 1465 1472 1477
f 1472 1473 1477
f 1477 1473 1478
f 1478 1473 1479
f 1473 1474 1479
f 1474 1476 1479
f 1479 1476 1455
f 1476 1454 1455
f 1478 1479 1456
f 1456 1479 1455
f 1480 1481 1482
f 1481 1483 1482
f 1483 1484 1482
f 1482 1484 1485
f 1484 1486 1485
f 1485 1486 1487
f 1486 1488 1487
f 1491 1490 1489
f 1489 1490 1492
f 1490 1493 1492
f 1492 1493 1494
f 1493 1495 1494
f 1495 1496 1494
f 1494 1496 1497
f 1500 1498 1499
f 1498 1501 1499
f 1499 1501 1502
f 1501 1503 1502
f 1504 1506 1505
f 1505 1506 1507
f 1506 1508 1507
f 1507 1508 1509
f 1508 1510 1509
f 1509 1510 1511
f 1510 1512 1511
f 1505 1507 1513
f 1507 1509 1513
f 1513 1509 1514
f 1509 1511 1514
f 1514 1511 1515
f 1515 1511 1516
f 1511 1512 1516
f 1512 1517 1516
f 1516 1517 1518
f 1517 1519 1518
f 1505 1513 1520
f 1520 1513 1521
f 1521 1513 1522
f 1513 1514 1522
f 1522 1514 1523
f 1514 1515 1523
f 1523 1515 1524
f 1524 1515 1525
f 1515 1516 1525
f 1525 1516 1526
f 1516 1518 1526
f 1521 1527 1520
f 1524 1525 1528
f 1525 1526 1528
f 1528 1526 1529
f 1529 1526 1530
f 1526 1518 1530
f 1530 1518 1531
f 1531 1518 1532
f 1518 1519 1532
f 1532 1519 1533
f 1519 1534 1533
f 1529 1530 1535
f 1530 1531 1535
f 1535 1531 1536
f 1536 1531 1537
f 1531 1532 1537
f 1537 1532 1538
f 1538 1532 1539
f 1532 1533 1539
f 1539 1533 1540
f 1540 1533 1541
f 1541 1533 1542
f 1533 1534 1542
f 1542 1534 1543
f 1536 1544 1537
f 1544 1538 1537
f 1544 1545 1536
f 1536 1545 1546
f 1546 1545 1540
f 1545 1539 1540
f 1540 1541 1546
f 1546 1541 1547
f 1547 1541 1548
f 1541 1542 1548
f 1548 1542 1549
f 1549 1542 1550
f 1542 1543 1550
f 1543 1551 1550
f 1550 1551 1552
f 1551 1553 1552
f 1547 1548 1554
f 1548 1549 1554
f 1554 1549 1555
f 1555 1549 1556
f 1549 1550 1556
f 1556 1550 1557
f 1550 1552 1557
f 1557 1552 1558
f 1552 1553 1558
f 1553 1559 1558
f 1558 1559 1560
f 1559 1561 1560
f 1555 1556 1562
f 1556 1557 1562
f 1562 1557 1563
f 1563 1557 1564
f 1557 1558 1564
f 1564 1558 1565
f 1558 1560 1565
f 1565 1560 1566
f 1566 1560 1567
f 1560 1561 1567
f 1567 1561 1568
f 1563 1569 1564
f 1564 1569 1565
f 1569 1570 1565
f 1565 1570 1566
f 1570 1571 1566
f 1574 1573 1572
f 1572 1573 1575
f 1575 1573 1576
f 1573 1577 1576
f 1576 1577 1578
f 1575 1579 1576
f 1579 1580 1576
f 1576 1580 1581
f 1575 1582 1579
f 1582 1580 1579
f 1583 1585 1584
f 1585 1586 1584
f 1584 1586 1587
f 1586 1588 1587
f 1587 1588 1589
f 1588 1590 1589
f 1590 1591 1589
f 1589 1591 1592
f 1591 1593 1592
f 1593 1594 1592
f 1592 1594 1595
f 1594 1596 1595
f 1595 1596 1597
f 1596 1598 1597
f 1598 1599 1597
f 1597 1599 1600
f 1599 1601 1600
f 1600 1601 1602
f 1601 1603 1602
f 1603 1604 1602
f 1604 1605 1602
f 1602 1605 1606
f 1606 1605 1607
f 1605 1608 1607
f 1608 1609 1607
f 1607 1609 1610
f 1611 1612 1613
f 1612 1614 1613
f 1613 1614 1615
f 1614 1616 1615
f 1615 1616 1617
f 1616 1618 1617
f 1617 1618 1619
f 1612 1620 1614
f 1614 1620 1616
f 1620 1621 1616
f 1621 1622 1616
f 1622 1623 1616
f 1623 1624 1616
f 1616 1624 1618
f 1624 1625 1618
f 1618 1625 1619
f 1612 1626 1620
f 1626 1627 1620
f 1620 1627 1621
f 1627 1628 1621
f 1628 1629 1621
f 1621 1629 1622
f 1622 1629 1623
f 1629 1630 1623
f 1630 1631 1623
f 1623 1631 1624
f 1627 1626 1632
f 1633 1634 1635
f 1634 1636 1635
f 1635 1636 1631
f 1631 1636 1624
f 1636 1637 1624
f 1637 1638 1624
f 1624 1638 1625
f 1625 1638 1619
f 1638 1639 1619
f 1636 1637 1634
f 1634 1637 1640
f 1640 1637 1641
f 1641 1637 1639
f 1637 1638 1639
f 1641 1642 1640
f 1643 1645 1644
f 1645 1646 1644
f 1644 1646 1647
f 1646 1648 1647
f 1647 1648 1649
f 1648 1650 1649
f 1653 1652 1651
f 1651 1652 1654
f 1652 1655 1654
f 1654 1655 1656
f 1655 1657 1656
f 1657 1658 1656
f 1656 1658 1659
f 1658 1660 1659
f 1651 1654 1661
f 1654 1656 1661
f 1661 1656 1662
f 1656 1659 1662
f 1662 1659 1663
f 1663 1659 1664
f 1659 1660 1664
f 1651 1661 1665
f 1665 1661 1663
f 1661 1662 1663
f 1665 1663 1666
f 1663 1664 1666
f 1664 1667 1666
f 1667 1668 1666
f 1668 1669 1666
f 1666 1669 1670
f 1669 1671 1670
f 1666 1670 1665
f 1674 1673 1672
f 1672 1673 1675
f 1673 1676 1675
f 1675 1676 1677
f 1676 1678 1677
f 1677 1678 1679
f 1679 1678 1680
f 1678 1681 1680
f 1672 1675 1682
f 1682 1675 1683
f 1675 1677 1683
f 1677 1679 1683
f 1683 1679 1684
f 1679 1680 1684
f 1684 1680 1685
f 1685 1680 1686
f 1686 1680 1687
f 1680 1688 1687
f 1682 1683 1689
f 1689 1683 1690
f 1690 1683 1691
f 1691 1683 1692
f 1683 1684 1692
f 1692 1684 1693
f 1684 1685 1693
f 1693 1685 1694
f 1694 1685 1695
f 1685 1686 1695
f 1689 1690 1696
f 1696 1690 1697
f 1690 1691 1697
f 1697 1691 1698
f 1698 1691 1699
f 1691 1692 1699
f 1699 1692 1700
f 1700 1692 1701
f 1692 1693 1701
f 1701 1693 1694
f 1696 1702 1697
f 1702 1703 1697
f 1697 1703 1698
f 1703 1704 1698
f 1704 1705 1698
f 1705 1706 1698
f 1698 1706 1699
f 1706 1707 1699
f 1707 1708 1699
f 1708 1709 1699
f 1699 1709 1700
f 1709 1710 1700
f 1710 1711 1700
f 1700 1711 1701
f 1705 1712 1706
f 1706 1712 1707
f 1712 1713 1707
f 1713 1714 1707
f 1714 1715 1707
f 1707 1715 1708
f 1708 1715 1709
f 1715 1716 1709
f 1716 1717 1709
f 1717 1718 1709
f 1709 1718 1710
f 1713 1719 1714
f 1719 1720 1714
f 1714 1720 1715
f 1720 1721 1715
f 1715 1721 1716
f 1721 1722 1716
f 1716 1722 1717
f 1722 1723 1717
f 1723 1724 1717
f 1717 1724 1718
f 1725 1719 1713
f 1724 1726 1718
f 1718 1726 1710
f 1726 1727 1710
f 1727 1728 1710
f 1710 1728 1711
f 1711 1728 1701
f 1701 1728 1694
f 1728 1729 1694
f 1694 1729 1695
f 1727 1730 1728
f 1730 1731 1728
f 1728 1731 1732
f 1729 1728 1733
f 1728 1734 1733
f 1733 1734 1735
f 1734 1736 1735
f 1735 1736 1737
f 1736 1738 1737
f 1737 1738 1739
f 1738 1688 1739
f 1739 1688 1687
f 1723 1722 1740
f 1740 1722 1741
f 1722 1721 1741
f 1680 1681 1742
f 1742 1681 1743
f 1746 1744 1745
f 1745 1744 1747
f 1744 1748 1747
f 1747 1748 1749
f 1750 1751 1752
f 1751 1753 1752
f 1752 1753 1754
f 1753 1755 1754
f 1755 1756 1754
f 1754 1756 1757
f 1758 1759 1760
f 1760 1759 1761
f 1761 1759 1762
f 1759 1763 1762
f 1762 1763 1764
f 1763 1765 1764
f 1764 1765 1766
f 1769 1767 1768
f 1768 1767 1770
f 1767 1771 1770
f 1770 1771 1772
f 1771 1773 1772
f 1773 1774 1772
f 1772 1774 1775
f 1778 1776 1777
f 1777 1776 1779
f 1776 1780 1779
f 1779 1780 1781
f 1784 1782 1783
f 1782 1785 1783
f 1785 1786 1783
f 1783 1786 1787
f 1786 1788 1787
f 1787 1788 1789
f 1782 1790 1785
f 1790 1791 1785
f 1785 1791 1786
f 1791 1792 1786
f 1792 1793 1786
f 1786 1793 1788
f 1790 1794 1791
f 1794 1795 1791
f 1791 1795 1792
f 1795 1796 1792
f 1796 1797 1792
f 1792 1797 1793
f 1794 1798 1795
f 1798 1799 1795
f 1795 1799 1796
f 1799 1800 1796
f 1800 1801 1796
f 1796 1801 1797
f 1798 1802 1799
f 1802 1803 1799
f 1803 1804 1799
f 1799 1804 1800
f 1804 1805 1800
f 1800 1805 1801
f 1802 1806 1803
f 1806 1807 1803
f 1807 1808 1803
f 1808 1809 1803
f 1803 1809 1804
f 1809 1810 1804
f 1804 1810 1805
f 1806 1811 1807
f 1811 1812 1807
f 1812 1813 1807
f 1813 1814 1807
f 1807 1814 1808
f 1814 1815 1808
f 1815 1816 1808
f 1808 1816 1809
f 1816 1810 1809
f 1806 1811 1817
f 1817 1811 1818
f 1818 1811 1819
f 1819 1811 1820
f 1811 1812 1820
f 1812 1821 1820
f 1820 1821 1822
f 1822 1821 1815
f 1821 1823 1815
f 1817 1818 1824
f 1824 1818 1825
f 1825 1818 1826
f 1826 1818 1827
f 1818 1819 1827
f 1827 1819 1828
f 1828 1819 1822
f 1819 1820 1822
f 1824 1825 1829
f 1829 1825 1830
f 1830 1825 1831
f 1831 1825 1832
f 1825 1826 1832
f 1832 1826 1833
f 1833 1826 1834
f 1826 1827 1834
f 1834 1827 1828
f 1829 1835 1830
f 1835 1836 1830
f 1830 1836 1831
f 1836 1837 1831
f 1837 1838 1831
f 1838 1839 1831
f 1831 1839 1832
f 1839 1833 1832
f 1835 1836 1840
f 1840 1836 1841
f 1841 1836 1842
f 1836 1837 1842
f 1842 1837 1843
f 1837 1838 1843
f 1840 1841 1844
f 1844 1841 1845
f 1845 1841 1846
f 1841 1842 1846
f 1846 1842 1847
f 1842 1843 1847
f 1845 1848 1844
f 1847 1849 1846
f 1815 1823 1814
f 1814 1823 1813
f 1852 1850 1851
f 1851 1850 1853
f 1850 1854 1853
f 1854 1855 1853
f 1853 1855 1856
f 1856 1855 1857
f 1855 1854 1857
f 1857 1854 1858
f 1850 1859 1854
f 1859 1860 1854
f 1863 1862 1861
f 1861 1862 1864
f 1862 1865 1864
f 1864 1865 1866
f 1865 1867 1866
f 1866 1867 1868
f 1868 1867 1869
f 1867 1870 1869
f 1869 1870 1871
f 1871 1870 1872
f 1870 1873 1872
f 1872 1873 1874
f 1873 1875 1874
f 1874 1875 1876
f 1876 1875 1877
f 1875 1878 1877
f 1877 1878 1879
f 1878 1880 1879
f 1879 1880 1881
f 1881 1880 1882
f 1882 1880 1883
f 1880 1884 1883
f 1884 1885 1883
f 1883 1885 1886
f 1886 1885 1887
f 1885 1888 1887
f 1889 1891 1890
f 1890 1891 1892
f 1892 1891 1893
f 1891 1894 1893
f 1893 1894 1895
f 1894 1896 1895
f 1890 1892 1897
f 1897 1892 1898
f 1892 1893 1898
f 1898 1893 1899
f 1893 1895 1899
f 1895 1900 1899
f 1900 1901 1899
f 1899 1901 1902
f 1902 1901 1903
f 1901 1904 1903
f 1897 1898 1905
f 1905 1898 1906
f 1906 1898 1907
f 1907 1898 1903
f 1903 1898 1902
f 1898 1899 1902
f 1905 1906 1908
f 1908 1906 1909
f 1906 1907 1909
f 1909 1907 1910
f 1910 1907 1911
f 1911 1907 1912
f 1912 1907 1913
f 1907 1903 1913
f 1913 1903 1904
f 1909 1908 1910
f 1908 1914 1910
f 1910 1914 1911
f 1914 1915 1911
f 1915 1916 1911
f 1916 1917 1911
f 1911 1917 1912
f 1917 1918 1912
f 1912 1918 1913
f 1916 1915 1919
f 1918 1917 1920
f 1921 1922 1923
f 1922 1924 1923
f 1923 1924 1925
f 1924 1926 1925
f 1925 1926 1927
f 1926 1928 1927
f 1931 1930 1929
f 1929 1930 1932
f 1932 1930 1933
f 1930 1934 1933
f 1933 1934 1935
f 1935 1934 1936
f 1934 1937 1936
f 1929 1932 1938
f 1938 1932 1939
f 1932 1933 1939
f 1939 1933 1940
f 1933 1935 1940
f 1940 1935 1941
f 1941 1935 1942
f 1935 1936 1942
f 1938 1939 1943
f 1943 1939 1944
f 1944 1939 1941
f 1939 1940 1941
f 1944 1941 1945
f 1945 1941 1942
f 1942 1946 1936
f 1946 1947 1936
f 1947 1948 1936
f 1936 1948 1937
f 1948 1949 1937
f 1952 1951 1950
f 1950 1951 1953
f 1951 1954 1953
f 1953 1954 1955
f 1954 1956 1955
f 1955 1956 1957
f 1956 1958 1957
f 1950 1953 1959
f 1959 1953 1960
f 1953 1955 1960
f 1960 1955 1961
f 1961 1955 1962
f 1962 1955 1963
f 1963 1955 1964
f 1955 1957 1964
f 1964 1957 1965
f 1957 1958 1965
f 1965 1958 1966
f 1959 1967 1960
f 1960 1967 1961
f 1967 1968 1961
f 1961 1968 1962
f 1968 1969 1962
f 1969 1970 1962
f 1962 1970 1963
f 1970 1971 1963
f 1971 1972 1963
f 1972 1973 1963
f 1963 1973 1964
f 1967 1974 1968
f 1968 1974 1975
f 1974 1976 1975
f 1966 1977 1965
f 1965 1977 1978
f 1977 1979 1978
f 1979 1980 1978
f 1978 1980 1981
f 1980 1982 1981
f 1981 1982 1983
f 1982 1984 1983
f 1965 1978 1964
f 1964 1978 1973
f 1978 1981 1973
f 1981 1983 1973
f 1973 1983 1985
f 1985 1983 1986
f 1986 1983 1987
f 1983 1984 1987
f 1987 1984 1988
f 1984 1989 1988
f 1973 1985 1990
f 1985 1986 1990
f 1990 1986 1991
f 1991 1986 1992
f 1992 1986 1993
f 1986 1987 1993
f 1993 1987 1988
f 1973 1972 1990
f 1972 1994 1990
f 1994 1995 1990
f 1995 1996 1990
f 1990 1996 1991
f 1996 1997 1991
f 1991 1997 1992
f 1992 1997 1998
f 1998 1997 1999
f 1997 2000 1999
f 1972 1994 2001
f 2001 1994 2002
f 2002 1994 2003
f 2003 1994 2004
f 1994 1995 2004
f 2004 1995 2005
f 1995 1996 2005
f 2005 1996 2000
f 1996 1997 2000
f 1972 2001 1971
f 2001 2002 1971
f 1971 2002 2006
f 2006 2002 2007
f 2007 2002 2008
f 2002 2009 2008
f 2008 2009 2010
f 2009 2011 2010
f 1971 2006 1970
f 1970 2006 1969
f 1969 2006 2012
f 2006 2007 2012
f 2012 2013 1969
f 1969 2013 1968
f 2013 2014 1968
f 1968 2014 2015
f 2014 2016 2015
f 2015 2016 2017
f 2016 2018 2017
f 2017 2018 2011
f 2018 2010 2011
f 2003 2019 2002
f 2019 2020 2002
f 2002 2020 2021
f 2022 2023 2024
f 2023 2025 2024
f 2024 2025 2026
f 2025 2027 2026
f 2028 2030 2029
f 2030 2031 2029
f 2029 2031 2032
f 2031 2033 2032
f 2033 2034 2032
f 2032 2034 2035
f 2036 2037 2038
f 2037 2039 2038
f 2042 2041 2040
f 2041 2043 2040
f 2043 2044 2040
f 2040 2044 2045
f 2048 2046 2047
f 2046 2049 2047
f 2049 2050 2047
f 2050 2051 2047
f 2047 2051 2052
f 2053 2054 2055
f 2054 2056 2055
f 2055 2056 2057
f 2059 2060 2058
f 2058 2060 2061
f 2060 2062 2061
f 2061 2062 2063
f 2063 2062 2064
f 2062 2065 2064
f 2066 2068 2067
f 2067 2068 2069
f 2071 2072 2070
f 2072 2073 2070
f 2073 2074 2070
f 2070 2074 2075
f 2076 2077 2078
f 2078 2077 2079
f 2079 2077 2080
f 2080 2077 2081
f 2077 2082 2081
f 2083 2085 2084
f 2085 2086 2084
f 2084 2086 2087
f 2090 2088 2089
f 2088 2091 2089
f 2089 2091 2092
f 2091 2093 2092
f 2093 2094 2092
f 2092 2094 2095
f 2096 2097 2098
f 2097 2099 2098
f 2098 2099 2100
f 2099 2101 2100
f 2100 2101 2102
f 2101 2103 2102
f 2104 2106 2105
f 2106 2107 2105
f 2105 2107 2108
f 2107 2109 2108
f 2108 2109 2110
f 2109 2111 2110
f 2113 2112 2114
f 2114 2112 2115
f 2115 2112 2116
f 2112 2117 2116
f 2116 2117 2118
f 2118 2117 2119
f 2117 2120 2119
f 2119 2120 2121
f 2115 2114 2122
f 2121 2119 2123
f 2119 2124 2123
f 2123 2124 2125
f 2124 2119 2126
f 2119 2127 2126
f 2126 2127 2128
f 2119 2118 2127
f 2118 2116 2129
f 2129 2116 2130
f 2116 2115 2130
f 2131 2133 2132
f 2133 2134 2132
f 2132 2134 2135
f 2134 2136 2135
f 2135 2136 2137
f 2137 2136 2138
f 2136 2139 2138
f 2132 2135 2140
f 2140 2135 2141
f 2135 2137 2141
f 2141 2137 2142
f 2142 2137 2143
f 2137 2138 2143
f 2143 2138 2144
f 2144 2138 2145
f 2138 2139 2145
f 2145 2139 2146
f 2139 2147 2146
f 2140 2141 2148
f 2148 2141 2149
f 2141 2142 2149
f 2149 2142 2150
f 2142 2143 2150
f 2150 2143 2151
f 2143 2144 2151
f 2151 2144 2152
f 2144 2145 2152
f 2152 2145 2153
f 2153 2145 2154
f 2154 2145 2155
f 2145 2146 2155
f 2149 2150 2156
f 2156 2150 2157
f 2157 2150 2158
f 2150 2151 2158
f 2158 2151 2159
f 2159 2151 2160
f 2151 2152 2160
f 2160 2152 2161
f 2161 2152 2162
f 2152 2153 2162
f 2157 2158 2163
f 2158 2159 2163
f 2163 2159 2164
f 2164 2159 2165
f 2159 2160 2165
f 2165 2160 2166
f 2166 2160 2167
f 2167 2160 2168
f 2160 2161 2168
f 2168 2161 2169
f 2161 2162 2169
f 2164 2165 2170
f 2170 2165 2171
f 2165 2166 2171
f 2171 2166 2172
f 2172 2166 2173
f 2166 2167 2173
f 2173 2167 2174
f 2174 2167 2175
f 2167 2168 2175
f 2170 2171 2172
f 2173 2176 2172
f 2175 2168 2177
f 2177 2168 2178
f 2168 2169 2178
f 2178 2169 2179
f 2169 2162 2179
f 2179 2162 2180
f 2162 2153 2180
f 2180 2153 2181
f 2153 2154 2181
f 2177 2178 2182
f 2182 2178 2183
f 2183 2178 2184
f 2178 2179 2184
f 2184 2179 2185
f 2179 2180 2185
f 2180 2181 2185
f 2185 2181 2186
f 2186 2181 2187
f 2187 2181 2188
f 2188 2181 2189
f 2181 2154 2189
f 2189 2154 2155
f 2183 2190 2184
f 2184 2190 2185
f 2190 2191 2185
f 2185 2191 2186
f 2191 2192 2186
f 2186 2192 2187
f 2192 2193 2187
f 2193 2194 2187
f 2187 2194 2188
f 2194 2195 2188
f 2188 2195 2189
f 2195 2196 2189
f 2196 2197 2189
f 2189 2197 2155
f 2197 2146 2155
f 2191 2192 2198
f 2198 2192 2199
f 2192 2193 2199
f 2197 2146 2200
f 2200 2146 2147
f 2203 2201 2202
f 2201 2204 2202
f 2202 2204 2205
f 2205 2204 2206
f 2204 2207 2206
f 2207 2208 2206
f 2206 2208 2209
f 2204 2201 2207
f 2201 2210 2207
f 2210 2211 2207
f 2207 2211 2208
f 2211 2212 2208
f 2212 2213 2208
f 2208 2213 2209
f 2209 2213 2214
f 2213 2215 2214
f 2214 2215 2216
f 2210 2217 2211
f 2217 2218 2211
f 2211 2218 2212
f 2218 2219 2212
f 2219 2220 2212
f 2212 2220 2213
f 2213 2220 2215
f 2215 2220 2221
f 2220 2222 2221
f 2217 2218 2223
f 2223 2218 2224
f 2224 2218 2225
f 2225 2218 2226
f 2218 2219 2226
f 2226 2219 2222
f 2219 2220 2222
f 2217 2223 2227
f 2227 2223 2228
f 2223 2224 2228
f 2228 2224 2229
f 2229 2224 2230
f 2230 2224 2231
f 2224 2225 2231
f 2231 2225 2232
f 2225 2226 2232
f 2232 2226 2222
f 2227 2233 2228
f 2233 2234 2228
f 2228 2234 2229
f 2234 2235 2229
f 2233 2234 2236
f 2236 2234 2237
f 2238 2239 2240
f 2239 2241 2240
f 2240 2241 2242
f 2241 2243 2242
f 2242 2243 2244
f 2243 2245 2244
f 2244 2245 2246
f 2239 2245 2241
f 2245 2243 2241
f 2239 2245 2247
f 2245 2246 2247
f 2247 2246 2248
f 2248 2246 2249
f 2249 2246 2250
f 2246 2251 2250
f 2239 2247 2252
f 2252 2247 2253
f 2247 2248 2253
f 2253 2248 2254
f 2254 2248 2255
f 2255 2248 2256
f 2248 2249 2256
f 2249 2257 2256
f 2256 2257 2258
f 2239 2259 2252
f 2259 2260 2252
f 2252 2260 2253
f 2260 2254 2253
f 2255 2256 2261
f 2261 2256 2262
f 2262 2256 2263
f 2256 2258 2263
f 2258 2264 2263
f 2264 2265 2263
f 2263 2265 2262
f 2266 2267 2268
f 2268 2267 2269
f 2267 2270 2269
f 2269 2270 2271
f 2270 2272 2271
f 2275 2274 2273
f 2274 2276 2273
f 2273 2276 2277
f 2276 2278 2277
f 2277 2278 2279
f 2278 2280 2279
f 2279 2280 2281
f 2280 2282 2281
f 2273 2277 2283
f 2283 2277 2284
f 2284 2277 2285
f 2277 2279 2285
f 2285 2279 2286
f 2286 2279 2287
f 2279 2281 2287
f 2284 2285 2288
f 2285 2286 2288
f 2288 2286 2289
f 2286 2287 2289
f 2281 2282 2290
f 2290 2282 2291
f 2282 2292 2291
f 2291 2292 2293
f 2293 2292 2294
f 2292 2295 2294
f 2298 2297 2296
f 2296 2297 2299
f 2297 2300 2299
f 2300 2301 2299
f 2301 2302 2299
f 2302 2303 2299
f 2299 2303 2296
f 2304 2305 2306
f 2305 2307 2306
f 2306 2307 2308
f 2311 2309 2310
f 2309 2312 2310
f 2310 2312 2313
f 2309 2314 2312
f 2312 2314 2315
f 2315 2314 2316
f 2316 2314 2317
f 2314 2318 2317
f 2318 2319 2317
f 2317 2319 2320
f 2314 2309 2318
f 2318 2321 2319
f 2321 2322 2319
f 2322 2323 2319
f 2323 2324 2319
f 2324 2325 2319
f 2319 2325 2320
f 2325 2326 2320
f 2327 2323 2324
f 2330 2329 2328
f 2328 2329 2331
f 2331 2329 2332
f 2329 2333 2332
f 2332 2333 2334
f 2333 2335 2334
f 2334 2335 2336
f 2331 2337 2332
f 2337 2338 2332
f 2332 2338 2334
f 2338 2339 2334
f 2334 2339 2336
f 2339 2340 2336
f 2336 2340 2341
f 2341 2340 2342
f 2340 2343 2342
f 2342 2343 2344
f 2337 2345 2338
f 2345 2346 2338
f 2338 2346 2339
f 2339 2346 2340
f 2346 2347 2340
f 2340 2347 2343
f 2347 2348 2343
f 2343 2348 2344
f 2344 2348 2349
f 2348 2350 2349
f 2349 2350 2351
f 2337 2352 2345
f 2352 2353 2345
f 2353 2354 2345
f 2345 2354 2346
f 2346 2354 2347
f 2354 2355 2347
f 2355 2356 2347
f 2347 2356 2348
f 2348 2356 2350
f 2356 2357 2350
f 2357 2358 2350
f 2350 2358 2351
f 2358 2359 2351
f 2352 2353 2360
f 2360 2353 2361
f 2361 2353 2362
f 2362 2353 2363
f 2363 2353 2355
f 2353 2354 2355
f 2352 2360 2364
f 2364 2360 2365
f 2365 2360 2366
f 2360 2361 2366
f 2366 2361 2367
f 2361 2362 2367
f 2367 2362 2368
f 2362 2363 2368
f 2368 2363 2369
f 2369 2363 2370
f 2363 2355 2370
f 2370 2355 2371
f 2355 2356 2371
f 2366 2367 2372
f 2372 2367 2373
f 2373 2367 2374
f 2367 2368 2374
f 2374 2368 2375
f 2375 2368 2376
f 2376 2368 2377
f 2368 2369 2377
f 2377 2369 2378
f 2369 2370 2378
f 2378 2370 2379
f 2370 2371 2379
f 2373 2374 2380
f 2374 2375 2380
f 2380 2375 2381
f 2381 2375 2382
f 2375 2376 2382
f 2382 2376 2383
f 2376 2377 2383
f 2383 2377 2384
f 2384 2377 2385
f 2377 2378 2385
f 2385 2378 2386
f 2378 2379 2386
f 2386 2379 2387
f 2379 2371 2387
f 2381 2382 2388
f 2388 2382 2389
f 2382 2383 2389
f 2371 2356 2387
f 2387 2356 2390
f 2356 2357 2390
f 2390 2357 2391
f 2391 2357 2359
f 2357 2358 2359
f 2387 2390 2392
f 2392 2390 2393
f 2390 2391 2393
f 2392 2394 2387
f 2387 2394 2386
f 2394 2395 2386
f 2395 2396 2386
f 2386 2396 2385
f 2396 2384 2385
f 2359 2397 2391
f 2400 2399 2398
f 2398 2399 2401
f 2401 2399 2402
f 2399 2403 2402
f 2402 2403 2404
f 2403 2405 2404
f 2398 2401 2406
f 2406 2401 2407
f 2401 2402 2407
f 2407 2402 2408
f 2402 2404 2408
f 2408 2404 2409
f 2409 2404 2410
f 2404 2405 2410
f 2410 2405 2411
f 2405 2412 2411
f 2411 2412 2413
f 2412 2414 2413
f 2407 2408 2415
f 2415 2408 2416
f 2408 2409 2416
f 2416 2409 2417
f 2417 2409 2418
f 2409 2410 2418
f 2418 2410 2419
f 2419 2410 2420
f 2420 2410 2421
f 2410 2411 2421
f 2421 2411 2413
f 2415 2422 2416
f 2422 2423 2416
f 2416 2423 2417
f 2423 2424 2417
f 2424 2425 2417
f 2417 2425 2418
f 2418 2425 2419
f 2425 2426 2419
f 2419 2426 2420
f 2426 2427 2420
f 2420 2427 2421
f 2423 2422 2428
f 2427 2429 2421
f 2429 2430 2421
f 2421 2430 2413
f 2430 2431 2413
f 2413 2431 2414
f 2414 2431 2432
f 2431 2433 2432
f 2431 2434 2430
f 2435 2437 2436
f 2436 2437 2438
f 2438 2437 2439
f 2439 2437 2440
f 2440 2437 2441
f 2437 2442 2441
f 2441 2442 2443
f 2436 2444 2438
f 2444 2445 2438
f 2438 2445 2439
f 2445 2446 2439
f 2446 2447 2439
f 2439 2447 2440
f 2447 2448 2440
f 2448 2449 2440
f 2440 2449 2441
f 2441 2449 2443
f 2449 2450 2443
f 2446 2444 2445
f 2449 2450 2448
f 2450 2451 2448
f 2448 2451 2452
f 2451 2453 2452
f 2453 2454 2452
f 2452 2454 2455
f 2454 2456 2455
f 2456 2457 2455
f 2455 2457 2458
f 2448 2459 2452
f 2459 2460 2452
f 2460 2458 2452
f 2452 2458 2455
f 2448 2447 2459
f 2459 2447 2461
f 2447 2462 2461
f 2463 2465 2464
f 2464 2465 2466
f 2465 2467 2466
f 2466 2467 2468
f 2467 2469 2468
f 2471 2470 2472
f 2472 2470 2473
f 2473 2470 2474
f 2470 2475 2474
f 2475 2476 2474
f 2474 2476 2477
f 2476 2478 2477
f 2477 2478 2479
f 2478 2480 2479
f 2473 2474 2481
f 2481 2474 2482
f 2474 2477 2482
f 2477 2479 2482
f 2482 2479 2483
f 2479 2480 2483
f 2481 2482 2484
f 2484 2482 2485
f 2482 2483 2485
f 2484 2485 2486
f 2485 2487 2486
f 2487 2488 2486
f 2486 2488 2489
f 2488 2490 2489
f 2490 2491 2489
f 2489 2491 2492
f 2495 2493 2494
f 2493 2496 2494
f 2494 2496 2497
f 2497 2496 2498
f 2498 2496 2499
f 2499 2496 2500
f 2496 2493 2500
f 2501 2503 2502
f 2503 2504 2502
f 2502 2504 2505
f 2508 2506 2507
f 2507 2506 2509
f 2509 2506 2510
f 2506 2511 2510
f 2510 2511 2512
f 2511 2513 2512
f 2512 2513 2514
f 2514 2513 2515
f 2513 2516 2515
f 2515 2516 2517
f 2506 2518 2511
f 2511 2518 2513
f 2513 2518 2516
f 2516 2518 2519
f 2518 2506 2519
f 2520 2522 2521
f 2521 2522 2523
f 2523 2522 2524
f 2524 2522 2525
f 2525 2522 2526
f 2522 2527 2526
f 2527 2528 2526
f 2526 2528 2529
f 2529 2528 2530
f 2528 2531 2530
f 2524 2525 2532
f 2532 2525 2529
f 2525 2526 2529
f 2532 2529 2533
f 2533 2529 2530
f 2536 2534 2535
f 2534 2537 2535
f 2537 2538 2535
f 2538 2539 2535
f 2539 2540 2535
f 2535 2540 2541
f 2538 2537 2542
f 2537 2543 2542
f 2538 2539 2544
f 2544 2539 2545
f 2546 2547 2548
f 2547 2549 2548
f 2550 2552 2551
f 2552 2553 2551
f 2551 2553 2554
f 2554 2553 2555
f 2553 2556 2555
f 2551 2554 2557
f 2554 2558 2557
f 2557 2558 2559
f 2557 2551 2560
f 2551 2561 2560
f 2562 2564 2563
f 2563 2564 2565
f 2566 2567 2568
f 2567 2569 2568
f 2571 2570 2572
f 2572 2570 2573
f 2570 2574 2573
f 2577 2576 2575
f 2575 2576 2578
f 2578 2576 2579
f 2576 2580 2579
f 2579 2580 2581
f 2580 2582 2581
f 2582 2583 2581
f 2581 2583 2584
f 2584 2583 2585
f 2583 2586 2585
f 2587 2589 2588
f 2588 2589 2590
f 2591 2592 2593
f 2592 2594 2593
f 2593 2594 2595
f 2594 2596 2595
f 2596 2597 2595
f 2595 2597 2598
f 2597 2599 2598
f 2598 2599 2600
f 2592 2601 2594
f 2594 2601 2596
f 2601 2602 2596
f 2596 2602 2597
f 2602 2603 2597
f 2603 2604 2597
f 2597 2604 2599
f 2604 2605 2599
f 2605 2606 2599
f 2599 2606 2600
f 2606 2607 2600
f 2592 2601 2608
f 2608 2601 2609
f 2601 2602 2609
f 2609 2602 2610
f 2602 2603 2610
f 2610 2603 2611
f 2603 2604 2611
f 2611 2604 2612
f 2612 2604 2613
f 2604 2605 2613
f 2614 2592 2608
f 2615 2609 2610
f 2609 2616 2608
f 2618 2613 2617
f 2613 2605 2617
f 2617 2605 2619
f 2605 2606 2619
f 2619 2606 2620
f 2606 2607 2620
f 2607 2621 2620
f 2620 2621 2622
f 2621 2623 2622
f 2617 2619 2624
f 2624 2619 2622
f 2619 2620 2622
f 2625 2617 2624
f 2622 2626 2624
f 2628 2627 2629
f 2629 2627 2630
f 2627 2631 2630
f 2632 2634 2633
f 2633 2634 2635
f 2638 2636 2637
f 2637 2636 2639
f 2636 2640 2639
f 2643 2642 2641
f 2642 2644 2641
f 2644 2645 2641
f 2641 2645 2646
f 2645 2647 2646
f 2646 2647 2648
f 2648 2647 2649
f 2647 2650 2649
f 2650 2651 2649
f 2649 2651 2652
f 2653 2654 2655
f 2654 2656 2655
f 2657 2659 2658
f 2658 2659 2660
f 2660 2659 2661
f 2661 2659 2662
f 2659 2663 2662
f 2658 2660 2664
f 2664 2660 2665
f 2660 2661 2665
f 2665 2661 2666
f 2666 2661 2667
f 2661 2662 2667
f 2667 2662 2668
f 2664 2669 2665
f 2665 2669 2666
f 2669 2670 2666
f 2670 2671 2666
f 2666 2671 2667
f 2671 2672 2667
f 2664 2669 2673
f 2673 2669 2674
f 2674 2669 2675
f 2669 2670 2675
f 2675 2670 2676
f 2670 2671 2676
f 2673 2674 2677
f 2677 2674 2678
f 2678 2674 2679
f 2674 2675 2679
f 2679 2675 2680
f 2680 2675 2681
f 2675 2676 2681
f 2677 2678 2682
f 2682 2678 2683
f 2683 2678 2684
f 2678 2679 2684
f 2684 2679 2685
f 2679 2680 2685
f 2685 2680 2686
f 2682 2687 2683
f 2687 2688 2683
f 2683 2688 2684
f 2688 2689 2684
f 2684 2689 2685
f 2689 2690 2685
f 2691 2687 2688
f 2689 2692 2688
f 2695 2694 2693
f 2694 2696 2693
f 2693 2696 2697
f 2700 2698 2699
f 2698 2701 2699
f 2701 2702 2699
f 2702 2703 2699
f 2699 2703 2704
f 2701 2705 2702
f 2705 2706 2702
f 2706 2707 2702
f 2702 2707 2703
f 2701 2708 2705
f 2708 2709 2705
f 2709 2710 2705
f 2705 2710 2706
f 2710 2711 2706
f 2711 2712 2706
f 2706 2712 2707
f 2707 2712 2713
f 2712 2714 2713
f 2708 2715 2701
f 2710 2711 2709
f 2709 2711 2716
f 2716 2711 2717
f 2717 2711 2718
f 2718 2711 2719
f 2711 2712 2719
f 2712 2714 2719
f 2719 2714 2720
f 2714 2721 2720
f 2720 2721 2722
f 2721 2723 2722
f 2717 2718 2724
f 2718 2719 2724
f 2719 2720 2724
f 2724 2720 2725
f 2720 2722 2725
f 2717 2724 2726
f 2724 2725 2726
f 2726 2725 2727
f 2730 2728 2729
f 2728 2731 2729
f 2731 2732 2729
f 2732 2733 2729
f 2729 2733 2734
f 2728 2735 2731
f 2735 2736 2731
f 2736 2737 2731
f 2731 2737 2732
f 2737 2738 2732
f 2732 2738 2739
f 2735 2740 2736
f 2740 2741 2736
f 2736 2741 2737
f 2737 2741 2738
f 2738 2741 2742
f 2741 2743 2742
f 2742 2743 2744
f 2743 2745 2744
f 2735 2740 2746
f 2746 2740 2747
f 2747 2740 2748
f 2748 2740 2743
f 2740 2741 2743
f 2747 2748 2749
f 2749 2748 2750
f 2748 2743 2750
f 2743 2745 2750
f 2750 2745 2751
f 2745 2752 2751
f 2751 2752 2753
f 2752 2754 2753
f 2747 2749 2755
f 2755 2749 2756
f 2756 2749 2753
f 2753 2749 2751
f 2749 2750 2751
f 2757 2755 2756
f 2758 2760 2759
f 2760 2761 2759
f 2759 2761 2762
f 2762 2761 2763
f 2761 2764 2763
f 2759 2762 2765
f 2765 2762 2766
f 2762 2763 2766
f 2766 2763 2767
f 2765 2759 2768
f 2759 2769 2768
f 2765 2766 2770
f 2770 2766 2771
f 2772 2773 2774
f 2774 2773 2775
f 2773 2776 2775
f 2776 2777 2775
f 2775 2777 2778
f 2777 2779 2778
f 2773 2776 2780
f 2780 2776 2781
f 2777 2776 2782
f 2776 2783 2782
f 2784 2786 2785
f 2786 2787 2785
f 2785 2787 2788
f 2788 2787 2789
f 2789 2787 2790
f 2787 2791 2790
f 2785 2788 2792
f 2792 2788 2793
f 2793 2788 2794
f 2788 2789 2794
f 2794 2789 2795
f 2795 2789 2796
f 2789 2790 2796
f 2797 2785 2792
f 2798 2800 2799
f 2799 2800 2801
f 2800 2802 2801
f 2801 2802 2803
f 2803 2802 2804
f 2802 2805 2804
f 2805 2793 2804
f 2804 2793 2794
f 2799 2806 2801
f 2806 2807 2801
f 2801 2807 2803
f 2807 2808 2803
f 2808 2809 2803
f 2803 2809 2804
f 2804 2809 2794
f 2794 2809 2795
f 2795 2809 2796
f 2796 2809 2810
f 2809 2811 2810
f 2806 2807 2812
f 2812 2807 2811
f 2807 2808 2811
f 2811 2808 2809
f 2813 2812 2806
f 2816 2814 2815
f 2814 2817 2815
f 2815 2817 2818
f 2817 2819 2818
f 2819 2820 2818
f 2818 2820 2821
f 2820 2822 2821
f 2814 2817 2823
f 2823 2817 2824
f 2817 2819 2824
f 2824 2819 2825
f 2819 2820 2825
f 2825 2820 2826
f 2826 2820 2827
f 2820 2822 2827
f 2827 2822 2828
f 2822 2829 2828
f 2823 2830 2814
f 2814 2830 2831
f 2833 2832 2823
f 2823 2832 2824
f 2824 2832 2825
f 2832 2834 2825
f 2825 2834 2826
f 2834 2835 2826
f 2835 2836 2826
f 2836 2837 2826
f 2826 2837 2827
f 2827 2837 2828
f 2837 2838 2828
f 2838 2839 2828
f 2839 2840 2828
f 2828 2840 2829
f 2837 2836 2838
f 2836 2841 2838
f 2838 2841 2839
f 2841 2842 2839
f 2843 2840 2829
f 2844 2846 2845
f 2845 2846 2847
f 2847 2846 2848
f 2848 2846 2849
f 2849 2846 2850
f 2846 2851 2850
f 2847 2848 2852
f 2852 2848 2853
f 2848 2849 2853
f 2849 2854 2853
f 2853 2854 2855
f 2856 2852 2847
f 2857 2853 2852
f 2858 2859 2860
f 2859 2861 2860
f 2861 2862 2860
f 2860 2862 2863
f 2862 2864 2863
f 2861 2862 2865
f 2865 2862 2866
f 2862 2867 2866
f 2861 2865 2868
f 2868 2865 2869
f 2872 2870 2871
f 2871 2870 2873
f 2870 2874 2873
f 2874 2875 2873
f 2875 2876 2873
f 2876 2877 2873
f 2873 2877 2878
f 2870 2879 2874
f 2879 2880 2874
f 2880 2881 2874
f 2874 2881 2875
f 2881 2882 2875
f 2882 2883 2875
f 2875 2883 2876
f 2876 2883 2884
f 2883 2885 2884
f 2870 2879 2886
f 2886 2879 2887
f 2888 2882 2881
f 2889 2880 2879
f 2890 2891 2882
f 2891 2892 2882
f 2882 2892 2883
f 2883 2892 2893
f 2892 2891 2893
f 2896 2895 2894
f 2894 2895 2897
f 2897 2895 2898
f 2898 2895 2899
f 2895 2900 2899
f 2899 2900 2901
f 2897 2902 2898
f 2902 2903 2898
f 2903 2904 2898
f 2898 2904 2899
f 2904 2905 2899
f 2897 2902 2906
f 2906 2902 2907
f 2907 2902 2908
f 2902 2903 2908
f 2908 2903 2909
f 2906 2897 2910
f 2897 2911 2910
f 2906 2907 2912
f 2912 2907 2913
f 2914 2908 2915
f 2908 2916 2915
f 2915 2916 2917
f 2917 2916 2907
f 2916 2908 2907
f 2920 2919 2918
f 2919 2921 2918
f 2918 2921 2922
f 2922 2921 2923
f 2923 2921 2924
f 2921 2925 2924
f 2922 2926 2918
f 2918 2926 2927
f 2922 2928 2923
f 2928 2929 2923
f 2932 2931 2930
f 2930 2931 2933
f 2933 2931 2934
f 2934 2931 2935
f 2931 2936 2935
f 2933 2934 2937
f 2934 2938 2937
f 2937 2938 2939
f 2937 2933 2940
f 2933 2941 2940
f 2942 2944 2943
f 2944 2945 2943
f 2943 2945 2946
f 2945 2947 2946
f 2950 2949 2948
f 2948 2949 2951
f 2949 2952 2951
f 2951 2952 2953
f 2956 2954 2955
f 2954 2957 2955
f 2957 2958 2955
f 2958 2959 2955
f 2955 2959 2960
f 2959 2961 2960
f 2962 2964 2963
f 2963 2964 2965
f 2964 2966 2965
f 2965 2966 2967
f 2970 2968 2969
f 2969 2968 2971
f 2968 2972 2971
f 2971 2972 2973
f 2976 2974 2975
f 2975 2974 2977
f 2977 2974 2978
f 2978 2974 2979
f 2974 2980 2979
f 2979 2980 2981
f 2982 2983 2984
f 2983 2985 2984
f 2985 2986 2984
f 2986 2987 2984
f 2987 2988 2984
f 2984 2988 2982
f 2982 2988 2989
f 2988 2990 2989
f 2989 2990 2991
f 2985 2992 2986
f 2992 2993 2986
f 2986 2993 2987
f 2993 2994 2987
f 2994 2995 2987
f 2987 2995 2988
f 2988 2995 2990
f 2995 2996 2990
f 2990 2996 2991
f 2991 2996 2997
f 2997 2996 2998
f 2996 2999 2998
f 2992 2993 3000
f 3000 2993 3001
f 2993 2994 3001
f 3001 2994 3002
f 3002 2994 3003
f 2994 2995 3003
f 3003 2995 2999
f 2995 2996 2999
f 3001 3002 3004
f 3004 3002 3005
f 3005 3002 3006
f 3006 3002 3007
f 3002 3003 3007
f 3007 3003 3008
f 3003 2999 3008
f 3006 3007 3009
f 3009 3007 3008
f 3012 3010 3011
f 3010 3013 3011
f 3013 3014 3011
f 3014 3015 3011
f 3015 3016 3011
f 3011 3016 3012
f 3010 3017 3013
f 3017 3018 3013
f 3018 3019 3013
f 3013 3019 3014
f 3019 3020 3014
f 3020 3021 3014
f 3014 3021 3015
f 3021 3022 3015
f 3015 3022 3016
f 3017 3023 3018
f 3023 3024 3018
f 3018 3024 3019
f 3024 3025 3019
f 3025 3026 3019
f 3019 3026 3020
f 3026 3027 3020
f 3027 3028 3020
f 3020 3028 3021
f 3028 3029 3021
f 3021 3029 3022
f 3023 3030 3024
f 3030 3031 3024
f 3024 3031 3025
f 3028 3027 3032
f 3032 3027 3033
f 3033 3027 3034
f 3027 3035 3034
f 3034 3035 3036
f 3036 3035 3037
f 3035 3026 3037
f 3037 3026 3025
f 3027 3026 3035
f 3040 3038 3039
f 3039 3038 3041
f 3041 3038 3042
f 3042 3038 3043
f 3043 3038 3044
f 3044 3038 3045
f 3038 3046 3045
f 3040 3038 3047
f 3047 3038 3048
f 3048 3038 3049
f 3049 3038 3050
f 3038 3046 3050
f 3053 3052 3051
f 3051 3052 3054
f 3054 3052 3055
f 3052 3056 3055
f 3055 3056 3057
f 3057 3056 3058
f 3056 3059 3058
f 3053 3051 3060
f 3060 3051 3061
f 3061 3051 3062
f 3062 3051 3063
f 3051 3054 3063
f 3054 3055 3063
f 3063 3055 3064
f 3055 3057 3064
f 3060 3061 3065
f 3065 3061 3066
f 3061 3062 3066
f 3060 3065 3067
f 3067 3065 3068
f 3068 3065 3069
f 3065 3066 3069
f 3066 3070 3069
f 3069 3070 3071
f 3070 3072 3071
f 3069 3071 3068
f 3068 3071 3073
f 3073 3071 3074
f 3074 3071 3075
f 3071 3072 3075
f 3075 3072 3076
f 3076 3072 3077
f 3077 3072 3078
f 3072 3079 3078
f 3075 3076 3074
f 3074 3076 3080
f 3080 3076 3081
f 3076 3077 3081
f 3081 3077 3082
f 3082 3077 3083
f 3077 3078 3083
f 3083 3078 3084
f 3084 3078 3085
f 3078 3079 3085
f 3085 3079 3086
f 3079 3087 3086
f 3080 3081 3084
f 3084 3081 3088
f 3081 3082 3088
f 3088 3082 3089
f 3082 3083 3089
f 3083 3084 3089
f 3089 3084 3088
f 3080 3090 3084
f 3084 3090 3085
f 3090 3091 3085
f 3085 3091 3086
f 3091 3092 3086
f 3092 3093 3086
f 3093 3094 3086
f 3086 3094 3087
f 3094 3095 3087
f 3095 3096 3087
f 3096 3097 3087
f 3087 3097 3098
f 3092 3099 3093
f 3099 3100 3093
f 3100 3101 3093
f 3093 3101 3094
f 3101 3102 3094
f 3094 3102 3095
f 3102 3103 3095
f 3103 3104 3095
f 3095 3104 3096
f 3099 3105 3100
f 3105 3106 3100
f 3106 3107 3100
f 3100 3107 3101
f 3101 3107 3102
f 3102 3107 3103
f 3107 3106 3103
f 3103 3106 3104
f 3104 3106 3096
f 3106 3105 3096
f 3096 3105 3097
f 3105 3108 3097
f 3108 3109 3097
f 3109 3110 3097
f 3097 3110 3098
f 3105 3099 3108
f 3110 3111 3098
f 3098 3111 3112
f 3111 3113 3112
f 3113 3114 3112
f 3114 3115 3112
f 3115 3116 3112
f 3112 3116 3117
f 3110 3109 3111
f 3109 3118 3111
f 3118 3119 3111
f 3111 3119 3113
f 3119 3120 3113
f 3120 3121 3113
f 3113 3121 3114
f 3121 3122 3114
f 3122 3123 3114
f 3114 3123 3115
f 3118 3124 3119
f 3124 3125 3119
f 3119 3125 3120
f 3125 3126 3120
f 3126 3122 3120
f 3120 3122 3121
f 3124 3127 3125
f 3127 3128 3125
f 3125 3128 3126
f 3128 3123 3126
f 3126 3123 3122
f 3124 3129 3127
f 3129 3116 3127
f 3116 3115 3127
f 3127 3115 3128
f 3115 3123 3128
f 3129 3116 3130
f 3130 3116 3131
f 3116 3117 3131
f 3131 3117 3132
f 3117 3063 3132
f 3132 3063 3064
f 3130 3059 3131
f 3059 3058 3131
f 3131 3058 3132
f 3058 3133 3132
f 3132 3133 3064
f 3133 3134 3064
f 3064 3134 3057
f 3134 3135 3057
f 3057 3135 3058
f 3135 3136 3058
f 3058 3136 3133
f 3133 3136 3134
f 3136 3135 3134
f 3139 3138 3137
f 3137 3138 3140
f 3138 3141 3140
f 3140 3141 3142
f 3141 3143 3142
f 3142 3143 3144
f 3143 3145 3144
f 3139 3137 3146
f 3146 3137 3147
f 3147 3137 3148
f 3148 3137 3149
f 3149 3137 3150
f 3137 3140 3150
f 3150 3140 3151
f 3140 3142 3151
f 3146 3147 3152
f 3147 3148 3152
f 3148 3153 3152
f 3152 3153 3154
f 3153 3155 3154
f 3155 3156 3154
f 3154 3156 3157
f 3146 3157 3152
f 3157 3154 3152
f 3151 3142 3158
f 3158 3142 3159
f 3142 3144 3159
f 3159 3144 3160
f 3160 3144 3161
f 3161 3144 3162
f 3144 3145 3162
f 3162 3145 3163
f 3159 3158 3160
f 3158 3164 3160
f 3164 3165 3160
f 3165 3166 3160
f 3160 3166 3161
f 3166 3167 3161
f 3167 3168 3161
f 3168 3169 3161
f 3161 3169 3162
f 3164 3170 3165
f 3170 3171 3165
f 3171 3172 3165
f 3172 3173 3165
f 3173 3174 3165
f 3165 3174 3166
f 3166 3174 3167
f 3174 3175 3167
f 3175 3176 3167
f 3167 3176 3168
f 3170 3177 3171
f 3177 3178 3171
f 3171 3178 3172
f 3178 3179 3172
f 3179 3180 3172
f 3172 3180 3173
f 3180 3181 3173
f 3181 3182 3173
f 3173 3182 3174
f 3182 3183 3174
f 3174 3183 3175
f 3183 3176 3175
f 3177 3178 3184
f 3178 3179 3184
f 3184 3179 3185
f 3185 3179 3186
f 3179 3180 3186
f 3186 3180 3187
f 3187 3180 3188
f 3180 3181 3188
f 3177 3184 3189
f 3189 3184 3190
f 3184 3185 3190
f 3190 3185 3191
f 3191 3185 3192
f 3185 3186 3192
f 3192 3186 3193
f 3186 3187 3193
f 3193 3187 3194
f 3194 3187 3195
f 3187 3188 3195
f 3189 3190 3196
f 3196 3190 3197
f 3197 3190 3198
f 3190 3191 3198
f 3191 3192 3198
f 3198 3192 3199
f 3199 3192 3200
f 3192 3193 3200
f 3200 3193 3201
f 3193 3194 3201
f 3196 3197 3202
f 3202 3197 3203
f 3203 3197 3204
f 3204 3197 3205
f 3205 3197 3206
f 3197 3198 3206
f 3206 3198 3207
f 3198 3199 3207
f 3207 3199 3208
f 3208 3199 3209
f 3199 3200 3209
f 3203 3204 3210
f 3204 3205 3210
f 3210 3205 3211
f 3211 3205 3212
f 3212 3205 3213
f 3205 3206 3213
f 3213 3206 3214
f 3206 3207 3214
f 3214 3207 3215
f 3215 3207 3216
f 3216 3207 3217
f 3207 3208 3217
f 3217 3208 3218
f 3218 3208 3219
f 3219 3208 3220
f 3208 3209 3220
f 3214 3215 3221
f 3221 3215 3222
f 3215 3216 3222
f 3222 3216 3223
f 3223 3216 3224
f 3216 3217 3224
f 3217 3218 3224
f 3224 3218 3225
f 3225 3218 3226
f 3218 3219 3226
f 3226 3219 3227
f 3219 3220 3227
f 3221 3222 3228
f 3228 3222 3229
f 3222 3223 3229
f 3223 3224 3229
f 3224 3225 3229
f 3225 3226 3229
f 3229 3226 3230
f 3226 3227 3230
f 3230 3227 3231
f 3231 3227 3232
f 3227 3220 3232
f 3232 3220 3233
f 3233 3220 3234
f 3220 3209 3234
f 3230 3231 3229
f 3229 3231 3235
f 3235 3231 3236
f 3231 3232 3236
f 3236 3232 3233
f 3233 3237 3234
f 3237 3238 3234
f 3238 3239 3234
f 3239 3240 3234
f 3234 3240 3209
f 3240 3241 3209
f 3209 3241 3200
f 3241 3201 3200
f 3237 3238 3242
f 3242 3238 3243
f 3243 3238 3244
f 3238 3239 3244
f 3244 3239 3245
f 3245 3239 3246
f 3239 3240 3246
f 3246 3240 3247
f 3247 3240 3248
f 3240 3241 3248
f 3248 3241 3249
f 3241 3201 3249
f 3201 3194 3249
f 3249 3194 3250
f 3194 3195 3250
f 3245 3246 3251
f 3251 3246 3252
f 3246 3247 3252
f 3252 3247 3253
f 3253 3247 3254
f 3247 3248 3254
f 3248 3249 3254
f 3249 3250 3254
f 3250 3195 3254
f 3254 3195 3253
f 3195 3188 3253
f 3245 3251 3255
f 3255 3251 3256
f 3256 3251 3257
f 3251 3252 3257
f 3257 3252 3258
f 3252 3253 3258
f 3258 3253 3259
f 3253 3188 3259
f 3259 3188 3260
f 3188 3181 3260
f 3255 3256 3261
f 3261 3256 3262
f 3256 3257 3262
f 3262 3257 3263
f 3263 3257 3264
f 3264 3257 3265
f 3257 3258 3265
f 3265 3258 3266
f 3266 3258 3260
f 3258 3259 3260
f 3261 3262 3267
f 3267 3262 3263
f 3266 3268 3260
f 3268 3269 3260
f 3269 3270 3260
f 3260 3270 3181
f 3270 3271 3181
f 3181 3271 3182
f 3271 3272 3182
f 3182 3272 3183
f 3266 3273 3268
f 3273 3274 3268
f 3274 3275 3268
f 3268 3275 3269
f 3275 3276 3269
f 3276 3277 3269
f 3277 3278 3269
f 3269 3278 3270
f 3266 3279 3273
f 3279 3280 3273
f 3280 3281 3273
f 3273 3281 3274
f 3281 3282 3274
f 3282 3283 3274
f 3283 3284 3274
f 3274 3284 3275
f 3266 3265 3279
f 3265 3285 3279
f 3285 3286 3279
f 3279 3286 3280
f 3286 3287 3280
f 3287 3288 3280
f 3280 3288 3281
f 3265 3264 3285
f 3264 3289 3285
f 3289 3287 3285
f 3285 3287 3286
f 3282 3290 3283
f 3290 3291 3283
f 3283 3291 3284
f 3291 3292 3284
f 3292 3163 3284
f 3284 3163 3275
f 3163 3162 3275
f 3275 3162 3276
f 3290 3293 3291
f 3293 3292 3291
f 3162 3276 3169
f 3169 3276 3168
f 3276 3277 3168
f 3168 3277 3176
f 3277 3278 3176
f 3176 3278 3272
f 3278 3270 3272
f 3272 3270 3271
f 3183 3272 3176
f 3296 3294 3295
f 3294 3297 3295
f 3297 3298 3295
f 3298 3299 3295
f 3299 3300 3295
f 3300 3301 3295
f 3301 3302 3295
f 3295 3302 3296
f 3294 3303 3297
f 3303 3304 3297
f 3304 3305 3297
f 3297 3305 3298
f 3303 3306 3304
f 3306 3307 3304
f 3307 3308 3304
f 3308 3309 3304
f 3304 3309 3305
f 3306 3310 3307
f 3310 3311 3307
f 3311 3312 3307
f 3312 3313 3307
f 3307 3313 3308
f 3308 3313 3309
f 3309 3313 3314
f 3313 3315 3314
f 3314 3315 3316
f 3310 3317 3311
f 3317 3318 3311
f 3318 3319 3311
f 3319 3320 3311
f 3311 3320 3312
f 3320 3321 3312
f 3321 3322 3312
f 3322 3323 3312
f 3312 3323 3313
f 3323 3315 3313
f 3317 3318 3324
f 3324 3318 3325
f 3325 3318 3326
f 3326 3318 3327
f 3318 3319 3327
f 3327 3319 3328
f 3328 3319 3321
f 3319 3320 3321
f 3317 3324 3329
f 3329 3324 3330
f 3330 3324 3331
f 3324 3325 3331
f 3331 3325 3332
f 3332 3325 3333
f 3333 3325 3334
f 3325 3326 3334
f 3329 3330 3335
f 3335 3330 3336
f 3330 3331 3336
f 3336 3331 3332
f 3326 3334 3337
f 3334 3338 3337
f 3338 3339 3337
f 3339 3340 3337
f 3340 3341 3337
f 3337 3341 3326
f 3341 3327 3326
f 3334 3338 3342
f 3342 3338 3343
f 3343 3338 3344
f 3338 3339 3344
f 3344 3339 3345
f 3345 3339 3346
f 3339 3340 3346
f 3334 3342 3333
f 3333 3342 3347
f 3347 3342 3348
f 3342 3343 3348
f 3343 3344 3348
f 3348 3344 3349
f 3344 3345 3349
f 3345 3346 3350
f 3350 3346 3351
f 3351 3346 3352
f 3352 3346 3353
f 3353 3346 3354
f 3346 3340 3354
f 3350 3351 3355
f 3355 3351 3356
f 3351 3352 3356
f 3356 3352 3357
f 3352 3353 3357
f 3357 3353 3358
f 3358 3353 3359
f 3353 3354 3359
f 3359 3354 3360
f 3360 3354 3361
f 3354 3340 3361
f 3361 3340 3362
f 3340 3341 3362
f 3358 3359 3363
f 3363 3359 3364
f 3359 3360 3364
f 3364 3360 3365
f 3365 3360 3366
f 3360 3361 3366
f 3366 3361 3367
f 3367 3361 3368
f 3361 3362 3368
f 3368 3362 3341
f 3358 3369 3363
f 3369 3370 3363
f 3370 3371 3363
f 3363 3371 3364
f 3371 3372 3364
f 3372 3373 3364
f 3364 3373 3365
f 3373 3374 3365
f 3365 3374 3366
f 3374 3375 3366
f 3366 3375 3367
f 3369 3376 3370
f 3376 3377 3370
f 3377 3378 3370
f 3370 3378 3371
f 3378 3379 3371
f 3379 3380 3371
f 3371 3380 3372
f 3380 3381 3372
f 3381 3382 3372
f 3382 3383 3372
f 3372 3383 3373
f 3383 3384 3373
f 3373 3384 3374
f 3384 3385 3374
f 3374 3385 3375
f 3385 3367 3375
f 3379 3380 3386
f 3386 3380 3387
f 3387 3380 3388
f 3380 3381 3388
f 3388 3381 3389
f 3389 3381 3390
f 3390 3381 3391
f 3381 3382 3391
f 3379 3386 3392
f 3392 3386 3393
f 3386 3387 3393
f 3393 3387 3394
f 3394 3387 3395
f 3387 3388 3395
f 3388 3389 3395
f 3395 3389 3396
f 3396 3389 3397
f 3389 3390 3397
f 3397 3390 3398
f 3390 3391 3398
f 3392 3393 3399
f 3399 3393 3400
f 3393 3394 3400
f 3394 3395 3400
f 3395 3396 3400
f 3396 3397 3400
f 3400 3397 3401
f 3397 3398 3401
f 3401 3398 3402
f 3402 3398 3403
f 3398 3391 3403
f 3401 3402 3400
f 3400 3402 3404
f 3404 3402 3405
f 3402 3403 3405
f 3405 3403 3406
f 3403 3391 3406
f 3406 3391 3407
f 3407 3391 3408
f 3391 3382 3408
f 3408 3382 3409
f 3382 3383 3409
f 3409 3383 3410
f 3383 3384 3410
f 3406 3407 3411
f 3411 3407 3412
f 3412 3407 3413
f 3407 3408 3413
f 3413 3408 3414
f 3414 3408 3415
f 3408 3409 3415
f 3415 3409 3416
f 3416 3409 3417
f 3409 3410 3417
f 3411 3412 3418
f 3418 3412 3419
f 3419 3412 3420
f 3420 3412 3421
f 3412 3413 3421
f 3421 3413 3422
f 3422 3413 3423
f 3423 3413 3424
f 3413 3414 3424
f 3422 3420 3421
f 3424 3414 3425
f 3425 3414 3426
f 3426 3414 3416
f 3414 3415 3416
f 3425 3426 3427
f 3427 3426 3428
f 3428 3426 3429
f 3426 3416 3429
f 3416 3417 3429
f 3429 3417 3430
f 3430 3417 3431
f 3417 3410 3431
f 3427 3428 3432
f 3432 3428 3433
f 3428 3429 3433
f 3429 3430 3433
f 3433 3430 3434
f 3434 3430 3435
f 3435 3430 3368
f 3430 3431 3368
f 3427 3432 3316
f 3316 3432 3315
f 3432 3433 3315
f 3433 3434 3315
f 3315 3434 3436
f 3436 3434 3437
f 3434 3435 3437
f 3437 3435 3438
f 3438 3435 3439
f 3439 3435 3341
f 3435 3368 3341
f 3315 3436 3323
f 3323 3436 3322
f 3322 3436 3440
f 3440 3436 3441
f 3436 3437 3441
f 3441 3437 3442
f 3437 3438 3442
f 3438 3439 3442
f 3442 3439 3443
f 3443 3439 3327
f 3439 3341 3327
f 3322 3440 3444
f 3440 3441 3444
f 3441 3442 3444
f 3442 3443 3444
f 3444 3443 3328
f 3443 3327 3328
f 3322 3444 3321
f 3321 3444 3328
f 3368 3367 3431
f 3367 3385 3431
f 3431 3385 3410
f 3385 3384 3410
f 3301 3302 3445
f 3302 3446 3445
f 3445 3446 3447
f 3446 3448 3447
f 3448 3449 3447
f 3447 3449 3450
f 3301 3300 3445
f 3300 3450 3445
f 3445 3450 3447
f 3453 3451 3452
f 3451 3454 3452
f 3454 3455 3452
f 3455 3456 3452
f 3456 3457 3452
f 3457 3458 3452
f 3458 3459 3452
f 3459 3460 3452
f 3460 3461 3452
f 3461 3462 3452
f 3462 3463 3452
f 3452 3463 3453
f 3466 3464 3465
f 3464 3467 3465
f 3467 3468 3465
f 3468 3469 3465
f 3469 3470 3465
f 3465 3470 3466
f 3473 3471 3472
f 3471 3474 3472
f 3474 3475 3472
f 3475 3476 3472
f 3476 3477 3472
f 3477 3478 3472
f 3478 3479 3472
f 3479 3480 3472
f 3480 3481 3472
f 3481 3482 3472
f 3482 3483 3472
f 3472 3483 3473
f 3486 3484 3485
f 3484 3487 3485
f 3487 3488 3485
f 3488 3489 3485
f 3489 3490 3485
f 3485 3490 3486
f 3493 3491 3492
f 3492 3491 3494
f 3494 3491 3495
f 3495 3491 3496
f 3496 3491 3497
f 3497 3491 3498
f 3491 3499 3498
f 3493 3491 3500
f 3500 3491 3501
f 3501 3491 3502
f 3502 3491 3503
f 3491 3499 3503
f 3506 3505 3504
f 3504 3505 3507
f 3505 3508 3507
f 3507 3508 3509
f 3504 3506 3510
f 3510 3506 3511
f 3506 3512 3511
f 3511 3512 3513
f 3513 3512 3514
f 3512 3515 3514
f 3515 3516 3514
f 3514 3516 3517
f 3506 3518 3512
f 3512 3518 3515
f 3518 3519 3515
f 3515 3519 3516
f 3519 3520 3516
f 3520 3521 3516
f 3521 3522 3516
f 3516 3522 3517
f 3522 3523 3517
f 3506 3518 3524
f 3518 3519 3524
f 3524 3519 3525
f 3519 3520 3525
f 3525 3520 3526
f 3520 3521 3526
f 3526 3521 3527
f 3527 3521 3528
f 3521 3522 3528
f 3528 3522 3529
f 3522 3523 3529
f 3529 3523 3530
f 3530 3523 3531
f 3523 3532 3531
f 3531 3532 3533
f 3532 3534 3533
f 3527 3528 3535
f 3528 3529 3535
f 3535 3529 3509
f 3529 3530 3509
f 3509 3530 3536
f 3536 3530 3537
f 3530 3531 3537
f 3537 3531 3538
f 3538 3531 3539
f 3531 3533 3539
f 3539 3533 3540
f 3540 3533 3541
f 3533 3534 3541
f 3536 3507 3509
f 3539 3540 3538
f 3538 3540 3542
f 3542 3540 3543
f 3540 3541 3543
f 3543 3541 3544
f 3541 3534 3544
f 3544 3534 3545
f 3534 3546 3545
f 3545 3546 3547
f 3542 3548 3543
f 3548 3549 3543
f 3543 3549 3544
f 3544 3549 3545
f 3549 3550 3545
f 3550 3551 3545
f 3545 3551 3547
f 3547 3551 3552
f 3551 3553 3552
f 3552 3553 3554
f 3548 3555 3549
f 3549 3555 3550
f 3555 3556 3550
f 3550 3556 3551
f 3553 3557 3554
f 3554 3557 3558
f 3557 3537 3558
f 3558 3537 3536
f 3561 3559 3560
f 3560 3559 3562
f 3559 3563 3562
f 3562 3563 3564
f 3563 3565 3564
f 3564 3565 3566
f 3565 3567 3566
f 3566 3567 3568
f 3567 3569 3568
f 3568 3569 3570
f 3569 3571 3570
f 3570 3571 3572
f 3571 3573 3572
f 3572 3573 3574
f 3573 3561 3574
f 3574 3561 3560
f 3575 3576 3577
f 3577 3576 3578
f 3578 3576 3579
f 3576 3580 3579
f 3579 3580 3581
f 3581 3580 3582
f 3582 3580 3583
f 3580 3584 3583
f 3583 3584 3585
f 3585 3584 3586
f 3584 3575 3586
f 3586 3575 3577
f 3589 3587 3588
f 3587 3590 3588
f 3590 3591 3588
f 3591 3592 3588
f 3592 3593 3588
f 3588 3593 3594
f 3587 3589 3595
f 3589 3596 3595
f 3596 3597 3595
f 3595 3597 3598
f 3597 3599 3598
f 3599 3600 3598
f 3598 3600 3601
f 3600 3602 3601
f 3601 3602 3603
f 3602 3604 3603
f 3603 3604 3605
f 3597 3606 3599
f 3606 3607 3599
f 3607 3608 3599
f 3599 3608 3600
f 3600 3608 3609
f 3608 3610 3609
f 3610 3611 3609
f 3609 3611 3612
f 3597 3613 3606
f 3613 3614 3606
f 3614 3615 3606
f 3606 3615 3607
f 3607 3615 3616
f 3615 3617 3616
f 3616 3617 3618
f 3613 3619 3614
f 3619 3620 3614
f 3614 3620 3615
f 3615 3620 3617
f 3620 3621 3617
f 3621 3622 3617
f 3622 3623 3617
f 3617 3623 3618
f 3623 3592 3618
f 3618 3592 3624
f 3592 3591 3624
f 3619 3620 3625
f 3620 3621 3625
f 3625 3621 3626
f 3621 3622 3626
f 3626 3622 3594
f 3594 3622 3593
f 3622 3623 3593
f 3593 3623 3592
f 3607 3627 3608
f 3627 3628 3608
f 3608 3628 3610
f 3610 3628 3611
f 3628 3629 3611
f 3629 3630 3611
f 3611 3630 3612
f 3630 3631 3612
f 3627 3628 3632
f 3628 3629 3632
f 3632 3629 3633
f 3629 3630 3633
f 3633 3630 3634
f 3630 3631 3634
f 3631 3635 3634
f 3634 3635 3636
f 3635 3637 3636
f 3636 3637 3638
f 3632 3639 3633
f 3633 3639 3634
f 3634 3639 3636
f 3636 3639 3638
f 3639 3640 3638
f 3640 3605 3638
f 3638 3605 3604
f 3632 3641 3639
f 3641 3640 3639
f 3642 3644 3643
f 3644 3645 3643
f 3643 3645 3646
f 3645 3647 3646
f 3646 3647 3648
f 3647 3649 3648
f 3648 3649 3650
f 3649 3651 3650
f 3650 3651 3652
f 3651 3653 3652
f 3652 3653 3654
f 3653 3655 3654
f 3654 3655 3656
f 3655 3657 3656
f 3656 3657 3642
f 3657 3644 3642
f 3660 3659 3658
f 3658 3659 3661
f 3659 3662 3661
f 3661 3662 3663
f 3663 3662 3664
f 3664 3662 3665
f 3662 3666 3665
f 3665 3666 3667
f 3667 3666 3668
f 3666 3669 3668
f 3668 3669 3660
f 3669 3659 3660
f 3670 3672 3671
f 3672 3673 3671
f 3671 3673 3674
f 3673 3675 3674
f 3674 3675 3676
f 3675 3677 3676
f 3676 3677 3678
f 3677 3679 3678
f 3678 3679 3680
f 3679 3681 3680
f 3680 3681 3682
f 3681 3683 3682
f 3682 3683 3684
f 3683 3685 3684
f 3684 3685 3670
f 3685 3672 3670
f 3688 3687 3686
f 3687 3689 3686
f 3686 3689 3690
f 3689 3691 3690
f 3690 3691 3692
f 3691 3693 3692
f 3692 3693 3694
f 3693 3695 3694
f 3694 3695 3696
f 3695 3697 3696
f 3696 3697 3698
f 3697 3699 3698
f 3698 3699 3700
f 3699 3701 3700
f 3700 3701 3688
f 3701 3687 3688
f 3704 3703 3702
f 3702 3703 3705
f 3705 3703 3706
f 3706 3703 3707
f 3703 3704 3707
f 3704 3708 3707
f 3707 3708 3709
f 3708 3710 3709
f 3702 3705 3711
f 3711 3705 3712
f 3705 3706 3712
f 3711 3712 3713
f 3713 3712 3714
f 3712 3706 3714
f 3714 3706 3715
f 3715 3706 3716
f 3716 3706 3717
f 3717 3706 3718
f 3718 3706 3719
f 3706 3707 3719
f 3714 3715 3720
f 3720 3715 3721
f 3715 3716 3721
f 3721 3716 3722
f 3716 3717 3722
f 3717 3718 3722
f 3722 3718 3723
f 3723 3718 3724
f 3718 3719 3724
f 3723 3724 3725
f 3725 3724 3726
f 3724 3719 3726
f 3725 3726 3727
f 3727 3726 3728
f 3726 3719 3728
f 3727 3728 3729
f 3729 3728 3730
f 3728 3719 3730
f 3729 3730 3731
f 3731 3730 3732
f 3730 3719 3732
f 3732 3719 3733
f 3733 3719 3734
f 3734 3719 3735
f 3735 3719 3709
f 3719 3707 3709
f 3732 3733 3736
f 3736 3733 3737
f 3733 3734 3737
f 3737 3734 3710
f 3734 3735 3710
f 3710 3735 3709
f 3 1 2
f 1 4 2
f 2 4 5
f 4 6 5
f 5 6 7
f 6 8 7
f 7 8 9
f 1 10 4
f 10 11 4
f 4 11 6
f 11 12 6
f 6 12 8
f 12 13 8
f 8 13 9
f 9 13 14
f 13 15 14
f 1 10 16
f 16 10 17
f 10 11 17
f 11 12 17
f 17 12 18
f 12 13 18
f 13 15 18
f 15 19 18
f 18 19 17
f 20 21 22
f 22 21 23
f 21 24 23
f 25 27 26
f 27 28 26
f 26 28 29
f 28 30 29
f 30 31 29
f 29 31 32
f 32 31 33
f 31 34 33
f 33 34 35
f 34 36 35
f 39 38 37
f 37 38 40
f 40 38 41
f 38 42 41
f 37 40 43
f 40 41 43
f 43 41 44
f 37 45 43
f 45 46 43
f 46 47 43
f 43 47 48
f 45 49 46
f 49 50 46
f 46 50 47
f 50 51 47
f 49 50 52
f 52 50 53
f 54 55 56
f 55 57 56
f 56 57 58
f 58 57 59
f 57 60 59
f 59 60 61
f 55 62 57
f 62 63 57
f 57 63 60
f 63 64 60
f 60 64 65
f 65 64 66
f 64 67 66
f 66 67 68
f 67 69 68
f 62 63 70
f 70 63 71
f 71 63 72
f 63 64 72
f 64 67 72
f 72 67 73
f 67 69 73
f 74 70 71
f 71 72 75
f 75 72 76
f 79 77 78
f 78 77 80
f 80 77 81
f 77 82 81
f 85 84 83
f 84 86 83
f 86 87 83
f 83 87 88
f 91 89 90
f 89 92 90
f 92 93 90
f 93 94 90
f 90 94 95
f 92 96 93
f 96 97 93
f 97 98 93
f 98 99 93
f 93 99 94
f 96 100 97
f 100 101 97
f 101 102 97
f 97 102 98
f 102 103 98
f 96 100 104
f 104 100 105
f 105 100 106
f 106 100 107
f 100 101 107
f 104 105 108
f 108 105 109
f 109 105 110
f 110 105 111
f 105 106 111
f 110 112 109
f 115 114 113
f 113 114 116
f 116 114 117
f 114 118 117
f 117 118 119
f 118 120 119
f 119 120 121
f 120 122 121
f 113 116 123
f 116 117 123
f 123 117 124
f 123 113 125
f 126 122 121
f 128 127 117
f 117 127 119
f 119 127 121
f 127 129 121
f 130 132 131
f 131 132 133
f 132 134 133
f 133 134 135
f 134 136 135
f 135 136 137
f 136 138 137
f 131 133 139
f 139 133 140
f 140 133 141
f 133 135 141
f 141 135 142
f 142 135 143
f 135 137 143
f 137 144 143
f 143 144 145
f 140 146 141
f 141 147 142
f 147 148 142
f 148 149 142
f 142 149 143
f 143 149 150
f 150 149 151
f 151 149 152
f 149 148 152
f 153 155 154
f 154 155 156
f 156 155 157
f 155 158 157
f 160 159 161
f 161 159 162
f 162 159 163
f 159 164 163
f 167 166 165
f 166 168 165
f 165 168 169
f 168 170 169
f 169 170 171
f 171 170 172
f 170 173 172
f 172 173 174
f 173 175 174
f 165 169 176
f 176 169 177
f 177 169 178
f 169 171 178
f 178 171 179
f 179 171 180
f 171 172 180
f 181 165 176
f 178 179 182
f 180 172 183
f 183 172 184
f 172 174 184
f 184 174 185
f 185 174 186
f 186 174 187
f 174 175 187
f 188 186 187
f 191 190 189
f 189 190 192
f 192 190 193
f 193 190 194
f 190 195 194
f 194 195 196
f 189 197 192
f 197 198 192
f 192 198 193
f 198 199 193
f 199 200 193
f 200 201 193
f 193 201 194
f 201 202 194
f 197 198 203
f 203 198 204
f 198 199 204
f 199 200 204
f 200 205 204
f 204 205 206
f 205 207 206
f 197 203 208
f 208 203 209
f 203 204 209
f 204 206 209
f 209 206 210
f 206 211 210
f 209 212 208
f 215 214 213
f 214 216 213
f 216 217 213
f 213 217 218
f 218 217 219
f 217 220 219
f 220 221 219
f 219 221 222
f 223 224 225
f 224 226 225
f 225 226 227
f 226 228 227
f 228 229 227
f 227 229 230
f 229 231 230
f 224 226 232
f 232 226 233
f 226 228 233
f 233 228 234
f 228 229 234
f 234 229 235
f 235 229 236
f 229 231 236
f 236 231 237
f 231 238 237
f 237 238 239
f 232 240 233
f 240 234 233
f 240 241 232
f 239 242 237
f 237 242 243
f 242 244 243
f 243 244 245
f 245 244 246
f 244 247 246
f 246 247 248
f 243 237 245
f 237 236 245
f 236 249 245
f 245 249 246
f 249 250 246
f 250 251 246
f 246 251 248
f 251 252 248
f 236 249 253
f 249 250 253
f 253 250 254
f 254 250 255
f 250 251 255
f 236 253 235
f 235 253 256
f 253 254 256
f 256 254 257
f 254 255 257
f 257 255 258
f 256 235 259
f 259 235 260
f 235 234 260
f 262 261 263
f 261 264 263
f 263 264 265
f 264 266 265
f 265 267 263
f 268 270 269
f 269 270 271
f 270 272 271
f 271 272 273
f 273 272 274
f 272 275 274
f 275 276 274
f 274 276 277
f 269 278 271
f 271 278 273
f 278 279 273
f 273 279 274
f 279 280 274
f 280 281 274
f 274 281 277
f 281 282 277
f 269 278 283
f 278 279 283
f 283 279 284
f 284 279 285
f 279 280 285
f 285 280 286
f 286 280 287
f 280 281 287
f 281 288 287
f 287 288 289
f 269 290 283
f 290 291 283
f 291 292 283
f 283 292 284
f 292 293 284
f 284 293 285
f 269 294 290
f 290 294 295
f 294 296 295
f 297 269 294
f 290 291 298
f 298 291 299
f 291 292 299
f 299 292 300
f 292 293 300
f 300 293 301
f 301 293 302
f 302 293 303
f 293 285 303
f 303 285 304
f 304 285 305
f 285 286 305
f 305 286 287
f 302 306 303
f 303 306 304
f 306 307 304
f 304 307 305
f 307 308 305
f 308 309 305
f 305 309 287
f 287 309 289
f 289 309 310
f 309 311 310
f 302 306 312
f 312 306 313
f 306 307 313
f 313 307 314
f 314 307 315
f 307 308 315
f 315 308 316
f 308 309 316
f 309 311 316
f 311 317 316
f 316 317 315
f 313 318 314
f 318 315 314
f 313 318 319
f 320 322 321
f 321 322 323
f 322 324 323
f 323 324 325
f 325 324 326
f 324 327 326
f 321 323 328
f 328 323 329
f 323 325 329
f 329 325 330
f 325 326 330
f 328 329 331
f 329 330 331
f 331 330 332
f 330 333 332
f 333 334 332
f 332 334 335
f 328 336 331
f 336 337 331
f 337 338 331
f 331 338 332
f 338 339 332
f 332 339 335
f 339 340 335
f 335 340 341
f 340 342 341
f 341 342 343
f 337 344 338
f 344 345 338
f 345 346 338
f 338 346 339
f 346 347 339
f 339 347 340
f 340 347 342
f 347 348 342
f 337 344 349
f 349 344 350
f 350 344 351
f 351 344 352
f 344 345 352
f 352 345 353
f 353 345 354
f 345 346 354
f 346 347 354
f 347 348 354
f 354 348 355
f 348 356 355
f 352 353 351
f 355 357 354
f 354 357 353
f 360 358 359
f 358 361 359
f 361 362 359
f 359 362 363
f 361 364 362
f 367 365 366
f 365 368 366
f 368 369 366
f 369 370 366
f 370 371 366
f 371 372 366
f 366 372 373
f 365 374 368
f 374 375 368
f 368 375 369
f 375 376 369
f 369 376 370
f 376 377 370
f 377 378 370
f 378 379 370
f 370 379 371
f 371 379 380
f 379 381 380
f 374 375 382
f 375 376 382
f 382 376 383
f 383 376 384
f 376 377 384
f 384 377 385
f 377 378 385
f 385 378 386
f 386 378 381
f 378 379 381
f 374 382 387
f 387 382 388
f 388 382 389
f 389 382 390
f 382 383 390
f 390 383 391
f 391 383 392
f 383 384 392
f 392 384 393
f 393 384 394
f 394 384 395
f 384 385 395
f 396 389 390
f 392 393 391
f 391 393 397
f 397 393 398
f 398 393 399
f 393 394 399
f 399 394 400
f 394 395 400
f 400 395 401
f 395 385 401
f 391 397 402
f 402 397 403
f 403 397 404
f 404 397 405
f 397 398 405
f 405 398 406
f 398 399 406
f 402 407 391
f 391 407 390
f 406 405 408
f 405 404 408
f 401 385 409
f 409 385 386
f 401 400 410
f 410 400 411
f 400 399 411
f 399 412 411
f 412 413 411
f 411 413 414
f 399 406 412
f 406 413 412
f 371 372 415
f 415 372 416
f 417 418 419
f 418 420 419
f 420 421 419
f 419 421 422
f 421 423 422
f 423 424 422
f 424 425 422
f 422 425 426
f 418 427 420
f 427 428 420
f 420 428 421
f 421 428 423
f 428 429 423
f 429 430 423
f 423 430 424
f 430 431 424
f 431 432 424
f 424 432 425
f 418 433 427
f 433 434 427
f 434 435 427
f 427 435 428
f 428 435 429
f 435 436 429
f 436 437 429
f 429 437 430
f 437 438 430
f 430 438 431
f 438 439 431
f 433 434 440
f 440 434 441
f 441 434 442
f 434 435 442
f 442 435 443
f 435 436 443
f 443 436 444
f 444 436 445
f 445 436 446
f 436 437 446
f 446 437 447
f 437 438 447
f 441 442 448
f 448 442 449
f 442 443 449
f 449 443 450
f 443 444 450
f 450 444 451
f 451 444 452
f 452 444 453
f 444 445 453
f 448 449 454
f 454 449 455
f 449 450 455
f 455 450 456
f 450 451 456
f 456 451 457
f 451 452 457
f 457 452 458
f 458 452 459
f 459 452 460
f 452 453 460
f 460 453 461
f 453 445 461
f 461 445 462
f 445 446 462
f 462 446 447
f 459 458 463
f 464 465 466
f 465 467 466
f 466 467 468
f 467 469 468
f 468 469 470
f 469 471 470
f 470 471 472
f 471 473 472
f 473 474 472
f 472 474 475
f 474 476 475
f 475 476 477
f 476 478 477
f 481 480 479
f 479 480 482
f 482 480 483
f 480 484 483
f 483 484 485
f 484 486 485
f 485 486 487
f 479 488 482
f 488 489 482
f 482 489 483
f 489 490 483
f 483 490 485
f 490 491 485
f 485 491 487
f 487 491 492
f 491 493 492
f 492 493 494
f 479 495 488
f 495 496 488
f 488 496 489
f 496 497 489
f 489 497 490
f 497 498 490
f 498 499 490
f 490 499 491
f 491 499 493
f 499 500 493
f 500 501 493
f 493 501 494
f 495 502 496
f 502 503 496
f 496 503 497
f 503 504 497
f 497 504 498
f 504 505 498
f 505 506 498
f 506 507 498
f 498 507 499
f 507 500 499
f 495 502 508
f 508 502 509
f 509 502 510
f 502 503 510
f 510 503 511
f 503 504 511
f 511 504 512
f 504 505 512
f 512 505 513
f 505 506 513
f 495 508 514
f 511 515 510
f 513 506 516
f 516 506 517
f 506 507 517
f 517 507 518
f 518 507 519
f 507 500 519
f 519 500 520
f 500 501 520
f 516 517 521
f 517 518 521
f 521 518 522
f 522 518 523
f 523 518 524
f 518 519 524
f 524 519 520
f 525 523 522
f 528 526 527
f 527 526 529
f 526 530 529
f 529 530 531
f 530 532 531
f 531 532 533
f 532 534 533
f 533 534 535
f 535 534 536
f 534 537 536
f 536 537 538
f 537 539 538
f 538 539 540
f 541 542 543
f 542 544 543
f 544 545 543
f 545 546 543
f 543 546 541
f 542 547 544
f 547 548 544
f 548 549 544
f 544 549 545
f 549 550 545
f 550 551 545
f 545 551 546
f 546 551 552
f 551 553 552
f 552 553 554
f 547 555 548
f 555 556 548
f 556 557 548
f 557 558 548
f 548 558 549
f 558 559 549
f 549 559 550
f 559 560 550
f 560 561 550
f 550 561 551
f 555 562 556
f 556 562 557
f 562 563 557
f 563 564 557
f 564 565 557
f 557 565 558
f 558 565 559
f 565 566 559
f 559 566 560
f 566 567 560
f 560 567 561
f 555 568 562
f 568 569 562
f 569 570 562
f 562 570 563
f 570 571 563
f 571 572 563
f 572 573 563
f 573 574 563
f 563 574 564
f 570 569 571
f 569 575 571
f 575 576 571
f 576 577 571
f 571 577 572
f 572 577 573
f 577 578 573
f 578 579 573
f 573 579 574
f 579 580 574
f 580 581 574
f 574 581 564
f 575 582 576
f 582 583 576
f 576 583 577
f 583 584 577
f 584 585 577
f 577 585 578
f 585 586 578
f 578 586 579
f 586 587 579
f 579 587 580
f 587 588 580
f 580 588 581
f 582 589 583
f 589 590 583
f 583 590 584
f 590 591 584
f 591 592 584
f 592 593 584
f 584 593 585
f 585 593 586
f 586 593 587
f 593 594 587
f 587 594 588
f 594 595 588
f 595 596 588
f 596 597 588
f 588 597 581
f 591 598 592
f 598 594 592
f 592 594 593
f 591 599 598
f 599 595 598
f 598 595 594
f 599 600 595
f 595 600 596
f 600 601 596
f 596 601 597
f 601 602 597
f 602 603 597
f 603 604 597
f 597 604 581
f 604 605 581
f 581 605 564
f 605 606 564
f 606 566 564
f 564 566 565
f 603 607 604
f 607 608 604
f 604 608 605
f 608 609 605
f 609 610 605
f 605 610 606
f 610 567 606
f 606 567 566
f 607 611 608
f 608 611 609
f 611 612 609
f 612 613 609
f 613 614 609
f 609 614 610
f 610 614 567
f 567 614 561
f 561 614 551
f 614 553 551
f 612 613 553
f 553 613 614
f 553 612 554
f 774 775 776
f 777 778 779
f 778 780 779
f 780 781 779
f 779 781 782
f 781 783 782
f 782 783 784
f 783 785 784
f 788 787 786
f 786 787 789
f 787 790 789
f 789 790 791
f 790 792 791
f 789 793 786
f 794 796 795
f 796 797 795
f 797 798 795
f 795 798 799
f 798 800 799
f 799 800 801
f 804 802 803
f 802 805 803
f 805 806 803
f 803 806 807
f 806 808 807
f 808 809 807
f 807 809 810
f 811 812 813
f 813 812 814
f 814 812 815
f 812 816 815
f 815 816 817
f 816 818 817
f 817 818 819
f 822 820 821
f 820 823 821
f 821 823 824
f 820 825 823
f 823 825 826
f 825 827 826
f 828 830 829
f 829 830 831
f 831 830 832
f 830 833 832
f 832 833 834
f 833 835 834
f 837 836 838
f 836 839 838
f 839 840 838
f 838 840 841
f 840 842 841
f 842 843 841
f 841 843 844
f 845 846 847
f 846 848 847
f 848 849 847
f 847 849 850
f 849 851 850
f 850 851 852
f 846 853 848
f 853 854 848
f 848 854 849
f 854 855 849
f 849 855 851
f 851 855 856
f 855 857 856
f 856 857 858
f 857 859 858
f 858 859 860
f 853 861 854
f 861 862 854
f 854 862 855
f 855 862 857
f 862 863 857
f 857 863 859
f 863 864 859
f 864 865 859
f 859 865 860
f 860 865 866
f 865 867 866
f 861 862 868
f 862 863 868
f 863 864 868
f 868 864 869
f 869 864 870
f 870 864 871
f 864 865 871
f 871 865 872
f 865 867 872
f 867 873 872
f 872 873 874
f 874 873 875
f 873 876 875
f 875 876 877
f 870 878 871
f 878 879 871
f 879 874 871
f 871 874 872
f 878 880 879
f 880 881 879
f 879 881 874
f 874 881 875
f 881 882 875
f 875 882 877
f 877 882 883
f 882 884 883
f 883 884 885
f 884 886 885
f 885 886 887
f 880 888 881
f 888 889 881
f 881 889 882
f 882 889 884
f 889 890 884
f 884 890 886
f 890 891 886
f 891 892 886
f 886 892 887
f 888 893 889
f 889 893 890
f 893 894 890
f 890 894 891
f 894 895 891
f 895 896 891
f 891 896 892
f 897 898 899
f 898 900 899
f 900 901 899
f 899 901 902
f 901 903 902
f 902 903 904
f 903 905 904
f 905 906 904
f 906 907 904
f 904 907 908
f 907 909 908
f 908 909 910
f 909 911 910
f 911 912 910
f 910 912 913
f 912 914 913
f 914 915 913
f 913 915 916
f 916 915 917
f 915 918 917
f 918 919 917
f 917 919 920
f 919 921 920
f 921 922 920
f 920 922 923
f 922 924 923
f 923 924 925
f 924 926 925
f 926 927 925
f 927 928 925
f 925 928 929
f 928 930 929
f 933 932 931
f 932 934 931
f 931 934 935
f 934 936 935
f 935 936 937
f 936 938 937
f 937 938 939
f 942 940 941
f 941 940 943
f 940 944 943
f 943 944 945
f 944 946 945
f 946 947 945
f 945 947 948
f 948 947 949
f 947 950 949
f 949 950 951
f 954 952 953
f 952 955 953
f 955 956 953
f 953 956 957
f 956 958 957
f 957 958 959
f 952 960 955
f 960 961 955
f 961 962 955
f 962 963 955
f 963 964 955
f 955 964 956
f 964 958 956
f 962 965 961
f 964 966 963
f 966 967 963
f 963 967 968
f 967 969 968
f 969 970 968
f 968 970 971
f 970 972 971
f 972 962 971
f 962 963 971
f 971 963 968
f 975 973 974
f 973 976 974
f 976 977 974
f 974 977 978
f 977 976 979
f 976 980 979
f 979 980 981
f 982 983 984
f 983 985 984
f 984 985 986
f 986 985 987
f 985 988 987
f 988 989 987
f 987 989 990
f 992 993 991
f 993 994 991
f 991 994 995
f 995 994 996
f 994 997 996
f 996 997 998
f 993 999 994
f 999 1000 994
f 1000 1001 994
f 994 1001 997
f 1001 1002 997
f 997 1002 1003
f 1002 1004 1003
f 993 999 1005
f 1005 999 1006
f 999 1000 1006
f 1006 1007 1005
f 1000 1001 1008
f 1008 1001 1009
f 1009 1001 1010
f 1001 1002 1010
f 1002 1004 1010
f 1004 1011 1010
f 1010 1011 1009
f 1012 1013 1014
f 1014 1013 1015
f 1013 1016 1015
f 1016 1017 1015
f 1015 1017 1018
f 1017 1019 1018
f 1016 1020 1013
f 1021 1023 1022
f 1023 1024 1022
f 1022 1024 1025
f 1025 1024 1026
f 1024 1027 1026
f 1027 1028 1026
f 1026 1028 1029
f 1031 1032 1030
f 1032 1033 1030
f 1030 1033 1034
f 1034 1033 1035
f 1035 1033 1036
f 1033 1037 1036
f 1036 1037 1038
f 1038 1037 1039
f 1039 1037 1040
f 1037 1041 1040
f 1042 1044 1043
f 1044 1045 1043
f 1043 1045 1046
f 1045 1047 1046
f 1047 1048 1046
f 1046 1048 1049
f 1048 1050 1049
f 1050 1051 1049
f 1049 1051 1052
f 1052 1051 1053
f 1051 1054 1053
f 1052 1053 1055
f 1056 1058 1057
f 1057 1058 1059
f 1058 1060 1059
f 1060 1061 1059
f 1059 1061 1062
f 1061 1063 1062
f 1062 1063 1064
f 1057 1065 1059
f 1065 1066 1059
f 1066 1067 1059
f 1059 1067 1062
f 1062 1067 1068
f 1067 1069 1068
f 1068 1069 1070
f 1070 1069 1071
f 1069 1072 1071
f 1065 1066 1073
f 1073 1066 1074
f 1074 1066 1075
f 1066 1067 1075
f 1075 1067 1076
f 1076 1067 1077
f 1077 1067 1078
f 1067 1069 1078
f 1078 1069 1072
f 1065 1079 1073
f 1079 1080 1073
f 1080 1081 1073
f 1073 1081 1074
f 1081 1082 1074
f 1074 1082 1075
f 1082 1083 1075
f 1083 1084 1075
f 1075 1084 1076
f 1079 1085 1080
f 1085 1086 1080
f 1086 1087 1080
f 1080 1087 1081
f 1087 1088 1081
f 1088 1089 1081
f 1081 1089 1082
f 1089 1090 1082
f 1082 1090 1083
f 1090 1091 1083
f 1085 1092 1079
f 1076 1077 1093
f 1093 1077 1094
f 1097 1095 1096
f 1095 1098 1096
f 1096 1098 1099
f 1098 1100 1099
f 1100 1101 1099
f 1099 1101 1102
f 1101 1103 1102
f 1095 1098 1104
f 1104 1098 1105
f 1098 1100 1105
f 1105 1100 1106
f 1106 1100 1107
f 1107 1100 1108
f 1108 1100 1109
f 1109 1100 1110
f 1100 1101 1110
f 1110 1101 1111
f 1111 1101 1112
f 1101 1103 1112
f 1106 1107 1113
f 1113 1107 1091
f 1091 1107 1114
f 1114 1107 1115
f 1107 1108 1115
f 1114 1116 1091
f 1091 1116 1090
f 1116 1117 1090
f 1117 1118 1090
f 1090 1118 1089
f 1118 1119 1089
f 1089 1119 1111
f 1119 1120 1111
f 1120 1121 1111
f 1111 1121 1110
f 1121 1122 1110
f 1110 1122 1109
f 1089 1088 1111
f 1111 1088 1112
f 1088 1087 1112
f 1087 1086 1112
f 1086 1123 1112
f 1123 1124 1112
f 1112 1124 1103
f 1124 1125 1103
f 1086 1123 1126
f 1126 1123 1124
f 1129 1127 1128
f 1127 1130 1128
f 1130 1131 1128
f 1128 1131 1132
f 1132 1131 1133
f 1131 1134 1133
f 1134 1135 1133
f 1133 1135 1136
f 1127 1137 1130
f 1137 1138 1130
f 1138 1134 1130
f 1130 1134 1131
f 1127 1139 1137
f 1139 1140 1137
f 1137 1140 1138
f 1140 1139 1141
f 1138 1142 1134
f 1134 1142 1135
f 1135 1142 1136
f 1142 1143 1136
f 1144 1146 1145
f 1145 1146 1147
f 1146 1148 1147
f 1148 1149 1147
f 1149 1150 1147
f 1147 1150 1145
f 1145 1150 1151
f 1150 1152 1151
f 1151 1152 1153
f 1154 1155 1156
f 1156 1155 1157
f 1155 1158 1157
f 1157 1158 1159
f 1159 1158 1160
f 1158 1161 1160
f 1160 1161 1162
f 1162 1161 1163
f 1163 1161 1164
f 1161 1165 1164
f 1164 1165 1166
f 1166 1165 1167
f 1167 1165 1168
f 1168 1165 1169
f 1165 1170 1169
f 1161 1165 1171
f 1165 1170 1171
f 1170 1172 1171
f 1171 1172 1161
f 1174 1175 1173
f 1173 1175 1176
f 1175 1177 1176
f 1177 1178 1176
f 1178 1179 1176
f 1176 1179 1180
f 1179 1181 1180
f 1181 1182 1180
f 1182 1183 1180
f 1180 1183 1184
f 1185 1186 1187
f 1186 1188 1187
f 1187 1188 1189
f 1188 1190 1189
f 1190 1191 1189
f 1189 1191 1192
f 1191 1193 1192
f 1193 1194 1192
f 1192 1194 1195
f 1194 1196 1195
f 1195 1196 1197
f 1196 1194 1198
f 1199 1200 1201
f 1200 1202 1201
f 1201 1202 1203
f 1202 1204 1203
f 1204 1205 1203
f 1203 1205 1206
f 1200 1207 1202
f 1207 1208 1202
f 1208 1209 1202
f 1209 1210 1202
f 1202 1210 1204
f 1210 1211 1204
f 1211 1212 1204
f 1204 1212 1205
f 1212 1213 1205
f 1213 1214 1205
f 1205 1214 1206
f 1208 1215 1209
f 1215 1216 1209
f 1209 1210 1217
f 1217 1210 1218
f 1218 1210 1219
f 1219 1210 1220
f 1220 1210 1221
f 1210 1211 1221
f 1217 1218 1222
f 1222 1218 1223
f 1223 1218 1224
f 1218 1219 1224
f 1221 1211 1225
f 1225 1211 1226
f 1226 1211 1227
f 1211 1212 1227
f 1212 1213 1227
f 1227 1213 1228
f 1228 1213 1229
f 1229 1213 1230
f 1213 1214 1230
f 1226 1227 1231
f 1227 1228 1231
f 1231 1228 1232
f 1232 1228 1233
f 1233 1228 1234
f 1228 1229 1234
f 1234 1229 1235
f 1229 1230 1235
f 1235 1230 1236
f 1230 1214 1236
f 1226 1231 1237
f 1237 1231 1238
f 1238 1231 1239
f 1231 1232 1239
f 1238 1240 1237
f 1237 1240 1241
f 1240 1242 1241
f 1242 1243 1241
f 1241 1243 1244
f 1243 1245 1244
f 1244 1245 1246
f 1245 1247 1246
f 1237 1241 1248
f 1248 1241 1249
f 1241 1244 1249
f 1249 1244 1250
f 1250 1244 1251
f 1251 1244 1252
f 1252 1244 1253
f 1244 1246 1253
f 1253 1246 1234
f 1234 1246 1254
f 1246 1247 1254
f 1250 1251 1255
f 1255 1251 1256
f 1256 1251 1257
f 1251 1252 1257
f 1257 1258 1256
f 1254 1259 1234
f 1234 1259 1233
f 1234 1253 1235
f 1253 1260 1235
f 1260 1261 1235
f 1261 1262 1235
f 1235 1262 1236
f 1236 1262 1263
f 1262 1261 1263
f 1260 1264 1253
f 1253 1264 1252
f 1265 1261 1260
f 1236 1266 1214
f 1214 1266 1206
f 1266 1267 1206
f 1221 1268 1220
f 1220 1268 1269
f 1272 1270 1271
f 1270 1273 1271
f 1273 1274 1271
f 1271 1274 1275
f 1274 1276 1275
f 1275 1276 1277
f 1270 1278 1273
f 1278 1279 1273
f 1279 1280 1273
f 1273 1280 1274
f 1280 1276 1274
f 1270 1278 1281
f 1281 1278 1282
f 1278 1279 1282
f 1282 1279 1283
f 1283 1279 1284
f 1279 1280 1284
f 1282 1283 1285
f 1283 1284 1285
f 1285 1284 1286
f 1287 1288 1289
f 1288 1290 1289
f 1290 1291 1289
f 1289 1291 1292
f 1291 1293 1292
f 1292 1293 1294
f 1288 1295 1290
f 1295 1296 1290
f 1290 1296 1291
f 1297 1298 1299
f 1298 1300 1299
f 1299 1300 1301
f 1300 1302 1301
f 1302 1303 1301
f 1301 1303 1304
f 1303 1305 1304
f 1305 1306 1304
f 1306 1307 1304
f 1307 1308 1304
f 1308 1309 1304
f 1304 1309 1310
f 1310 1309 1311
f 1309 1308 1311
f 1311 1308 1312
f 1312 1308 1313
f 1308 1314 1313
f 1307 1308 1315
f 1315 1308 1314
f 1318 1316 1317
f 1316 1319 1317
f 1319 1320 1317
f 1317 1320 1321
f 1320 1322 1321
f 1322 1323 1321
f 1321 1323 1324
f 1323 1325 1324
f 1325 1326 1324
f 1326 1327 1324
f 1324 1327 1328
f 1327 1329 1328
f 1328 1329 1330
f 1329 1331 1330
f 1331 1332 1330
f 1330 1332 1333
f 1332 1334 1333
f 1333 1334 1335
f 1336 1337 1338
f 1338 1337 1339
f 1339 1337 1340
f 1337 1341 1340
f 1340 1341 1342
f 1342 1341 1343
f 1341 1344 1343
f 1343 1344 1345
f 1345 1344 1346
f 1346 1344 1347
f 1344 1348 1347
f 1347 1348 1349
f 1348 1350 1349
f 1349 1350 1351
f 1351 1350 1352
f 1350 1353 1352
f 1352 1353 1354
f 1353 1355 1354
f 1356 1358 1357
f 1358 1359 1357
f 1357 1359 1360
f 1360 1359 1361
f 1359 1362 1361
f 1362 1363 1361
f 1361 1363 1364
f 1363 1365 1364
f 1360 1366 1357
f 1357 1366 1367
f 1366 1368 1367
f 1367 1368 1369
f 1368 1370 1369
f 1369 1370 1371
f 1371 1370 1372
f 1370 1373 1372
f 1372 1373 1374
f 1373 1375 1374
f 1374 1375 1365
f 1375 1364 1365
f 1378 1377 1376
f 1377 1379 1376
f 1376 1379 1380
f 1379 1381 1380
f 1381 1382 1380
f 1380 1382 1383
f 1382 1384 1383
f 1383 1384 1385
f 1376 1386 1380
f 1386 1387 1380
f 1387 1388 1380
f 1380 1388 1383
f 1388 1389 1383
f 1389 1390 1383
f 1383 1390 1385
f 1390 1391 1385
f 1376 1386 1392
f 1392 1386 1393
f 1393 1386 1394
f 1394 1386 1395
f 1386 1387 1395
f 1395 1387 1396
f 1396 1387 1397
f 1397 1387 1398
f 1387 1388 1398
f 1393 1394 1399
f 1399 1394 1400
f 1400 1394 1401
f 1394 1395 1401
f 1401 1395 1402
f 1395 1396 1402
f 1396 1403 1402
f 1402 1403 1404
f 1403 1405 1404
f 1404 1405 1406
f 1405 1407 1406
f 1400 1401 1408
f 1408 1401 1409
f 1401 1402 1409
f 1402 1404 1409
f 1409 1404 1410
f 1404 1406 1410
f 1410 1406 1411
f 1411 1406 1412
f 1412 1406 1413
f 1406 1407 1413
f 1408 1409 1414
f 1409 1410 1414
f 1414 1410 1415
f 1410 1411 1415
f 1415 1411 1391
f 1391 1411 1416
f 1411 1412 1416
f 1416 1412 1390
f 1390 1412 1389
f 1389 1412 1417
f 1412 1413 1417
f 1416 1390 1391
f 1389 1417 1388
f 1388 1417 1398
f 1420 1418 1419
f 1418 1421 1419
f 1421 1422 1419
f 1422 1423 1419
f 1419 1423 1424
f 1423 1425 1424
f 1424 1425 1426
f 1425 1427 1426
f 1426 1427 1428
f 1422 1421 1429
f 1421 1430 1429
f 1430 1431 1429
f 1429 1431 1432
f 1431 1433 1432
f 1432 1433 1434
f 1433 1435 1434
f 1434 1435 1436
f 1435 1437 1436
f 1436 1437 1427
f 1437 1428 1427
f 1438 1440 1439
f 1439 1440 1441
f 1441 1440 1442
f 1442 1440 1443
f 1440 1444 1443
f 1444 1445 1443
f 1443 1445 1446
f 1445 1447 1446
f 1446 1447 1448
f 1441 1449 1442
f 1449 1450 1442
f 1450 1451 1442
f 1451 1452 1442
f 1452 1453 1442
f 1442 1453 1443
f 1453 1454 1443
f 1443 1454 1446
f 1454 1455 1446
f 1446 1455 1448
f 1455 1456 1448
f 1450 1451 1457
f 1457 1451 1458
f 1458 1451 1459
f 1459 1451 1460
f 1451 1452 1460
f 1460 1452 1461
f 1461 1452 1462
f 1452 1453 1462
f 1462 1453 1463
f 1463 1453 1464
f 1453 1454 1464
f 1458 1459 1465
f 1465 1459 1466
f 1466 1459 1467
f 1459 1460 1467
f 1460 1461 1467
f 1461 1468 1467
f 1467 1468 1469
f 1468 1470 1469
f 1469 1470 1471
f 1465 1472 1466
f 1466 1472 1467
f 1467 1472 1469
f 1472 1473 1469
f 1473 1474 1469
f 1469 1474 1471
f 1471 1474 1475
f 1474 1476 1475
f 1475 1476 1464
f 1476 1454 1464
f 1465 1472 1477
f 1472 1473 1477
f 1477 1473 1478
f 1478 1473 1479
f 1473 1474 1479
f 1474 1476 1479
f 1479 1476 1455
f 1476 1454 1455
f 1478 1479 1456
f 1456 1479 1455
f 1480 1481 1482
f 1481 1483 1482
f 1483 1484 1482
f 1482 1484 1485
f 1484 1486 1485
f 1485 1486 1487
f 1486 1488 1487
f 1491 1490 1489
f 1489 1490 1492
f 1490 1493 1492
f 1492 1493 1494
f 1493 1495 1494
f 1495 1496 1494
f 1494 1496 1497
f 1500 1498 1499
f 1498 1501 1499
f 1499 1501 1502
f 1501 1503 1502
f 1504 1506 1505
f 1505 1506 1507
f 1506 1508 1507
f 1507 1508 1509
f 1508 1510 1509
f 1509 1510 1511
f 1510 1512 1511
f 1505 1507 1513
f 1507 1509 1513
f 1513 1509 1514
f 1509 1511 1514
f 1514 1511 1515
f 1515 1511 1516
f 1511 1512 1516
f 1512 1517 1516
f 1516 1517 1518
f 1517 1519 1518
f 1505 1513 1520
f 1520 1513 1521
f 1521 1513 1522
f 1513 1514 1522
f 1522 1514 1523
f 1514 1515 1523
f 1523 1515 1524
f 1524 1515 1525
f 1515 1516 1525
f 1525 1516 1526
f 1516 1518 1526
f 1521 1527 1520
f 1524 1525 1528
f 1525 1526 1528
f 1528 1526 1529
f 1529 1526 1530
f 1526 1518 1530
f 1530 1518 1531
f 1531 1518 1532
f 1518 1519 1532
f 1532 1519 1533
f 1519 1534 1533
f 1529 1530 1535
f 1530 1531 1535
f 1535 1531 1536
f 1536 1531 1537
f 1531 1532 1537
f 1537 1532 1538
f 1538 1532 1539
f 1532 1533 1539
f 1539 1533 1540
f 1540 1533 1541
f 1541 1533 1542
f 1533 1534 1542
f 1542 1534 1543
f 1536 1544 1537
f 1544 1538 1537
f 1544 1545 1536
f 1536 1545 1546
f 1546 1545 1540
f 1545 1539 1540
f 1540 1541 1546
f 1546 1541 1547
f 1547 1541 1548
f 1541 1542 1548
f 1548 1542 1549
f 1549 1542 1550
f 1542 1543 1550
f 1543 1551 1550
f 1550 1551 1552
f 1551 1553 1552
f 1547 1548 1554
f 1548 1549 1554
f 1554 1549 1555
f 1555 1549 1556
f 1549 1550 1556
f 1556 1550 1557
f 1550 1552 1557
f 1557 1552 1558
f 1552 1553 1558
f 1553 1559 1558
f 1558 1559 1560
f 1559 1561 1560
f 1555 1556 1562
f 1556 1557 1562
f 1562 1557 1563
f 1563 1557 1564
f 1557 1558 1564
f 1564 1558 1565
f 1558 1560 1565
f 1565 1560 1566
f 1566 1560 1567
f 1560 1561 1567
f 1567 1561 1568
f 1563 1569 1564
f 1564 1569 1565
f 1569 1570 1565
f 1565 1570 1566
f 1570 1571 1566
f 1574 1573 1572
f 1572 1573 1575
f 1575 1573 1576
f 1573 1577 1576
f 1576 1577 1578
f 1575 1579 1576
f 1579 1580 1576
f 1576 1580 1581
f 1575 1582 1579
f 1582 1580 1579
f 1583 1585 1584
f 1585 1586 1584
f 1584 1586 1587
f 1586 1588 1587
f 1587 1588 1589
f 1588 1590 1589
f 1590 1591 1589
f 1589 1591 1592
f 1591 1593 1592
f 1593 1594 1592
f 1592 1594 1595
f 1594 1596 1595
f 1595 1596 1597
f 1596 1598 1597
f 1598 1599 1597
f 1597 1599 1600
f 1599 1601 1600
f 1600 1601 1602
f 1601 1603 1602
f 1603 1604 1602
f 1604 1605 1602
f 1602 1605 1606
f 1606 1605 1607
f 1605 1608 1607
f 1608 1609 1607
f 1607 1609 1610
f 1611 1612 1613
f 1612 1614 1613
f 1613 1614 1615
f 1614 1616 1615
f 1615 1616 1617
f 1616 1618 1617
f 1617 1618 1619
f 1612 1620 1614
f 1614 1620 1616
f 1620 1621 1616
f 1621 1622 1616
f 1622 1623 1616
f 1623 1624 1616
f 1616 1624 1618
f 1624 1625 1618
f 1618 1625 1619
f 1612 1626 1620
f 1626 1627 1620
f 1620 1627 1621
f 1627 1628 1621
f 1628 1629 1621
f 1621 1629 1622
f 1622 1629 1623
f 1629 1630 1623
f 1630 1631 1623
f 1623 1631 1624
f 1627 1626 1632
f 1633 1634 1635
f 1634 1636 1635
f 1635 1636 1631
f 1631 1636 1624
f 1636 1637 1624
f 1637 1638 1624
f 1624 1638 1625
f 1625 1638 1619
f 1638 1639 1619
f 1636 1637 1634
f 1634 1637 1640
f 1640 1637 1641
f 1641 1637 1639
f 1637 1638 1639
f 1641 1642 1640
f 1643 1645 1644
f 1645 1646 1644
f 1644 1646 1647
f 1646 1648 1647
f 1647 1648 1649
f 1648 1650 1649
f 1653 1652 1651
f 1651 1652 1654
f 1652 1655 1654
f 1654 1655 1656
f 1655 1657 1656
f 1657 1658 1656
f 1656 1658 1659
f 1658 1660 1659
f 1651 1654 1661
f 1654 1656 1661
f 1661 1656 1662
f 1656 1659 1662
f 1662 1659 1663
f 1663 1659 1664
f 1659 1660 1664
f 1651 1661 1665
f 1665 1661 1663
f 1661 1662 1663
f 1665 1663 1666
f 1663 1664 1666
f 1664 1667 1666
f 1667 1668 1666
f 1668 1669 1666
f 1666 1669 1670
f 1669 1671 1670
f 1666 1670 1665
f 1674 1673 1672
f 1672 1673 1675
f 1673 1676 1675
f 1675 1676 1677
f 1676 1678 1677
f 1677 1678 1679
f 1679 1678 1680
f 1678 1681 1680
f 1672 1675 1682
f 1682 1675 1683
f 1675 1677 1683
f 1677 1679 1683
f 1683 1679 1684
f 1679 1680 1684
f 1684 1680 1685
f 1685 1680 1686
f 1686 1680 1687
f 1680 1688 1687
f 1682 1683 1689
f 1689 1683 1690
f 1690 1683 1691
f 1691 1683 1692
f 1683 1684 1692
f 1692 1684 1693
f 1684 1685 1693
f 1693 1685 1694
f 1694 1685 1695
f 1685 1686 1695
f 1689 1690 1696
f 1696 1690 1697
f 1690 1691 1697
f 1697 1691 1698
f 1698 1691 1699
f 1691 1692 1699
f 1699 1692 1700
f 1700 1692 1701
f 1692 1693 1701
f 1701 1693 1694
f 1696 1702 1697
f 1702 1703 1697
f 1697 1703 1698
f 1703 1704 1698
f 1704 1705 1698
f 1705 1706 1698
f 1698 1706 1699
f 1706 1707 1699
f 1707 1708 1699
f 1708 1709 1699
f 1699 1709 1700
f 1709 1710 1700
f 1710 1711 1700
f 1700 1711 1701
f 1705 1712 1706
f 1706 1712 1707
f 1712 1713 1707
f 1713 1714 1707
f 1714 1715 1707
f 1707 1715 1708
f 1708 1715 1709
f 1715 1716 1709
f 1716 1717 1709
f 1717 1718 1709
f 1709 1718 1710
f 1713 1719 1714
f 1719 1720 1714
f 1714 1720 1715
f 1720 1721 1715
f 1715 1721 1716
f 1721 1722 1716
f 1716 1722 1717
f 1722 1723 1717
f 1723 1724 1717
f 1717 1724 1718
f 1725 1719 1713
f 1724 1726 1718
f 1718 1726 1710
f 1726 1727 1710
f 1727 1728 1710
f 1710 1728 1711
f 1711 1728 1701
f 1701 1728 1694
f 1728 1729 1694
f 1694 1729 1695
f 1727 1730 1728
f 1730 1731 1728
f 1728 1731 1732
f 1729 1728 1733
f 1728 1734 1733
f 1733 1734 1735
f 1734 1736 1735
f 1735 1736 1737
f 1736 1738 1737
f 1737 1738 1739
f 1738 1688 1739
f 1739 1688 1687
f 1723 1722 1740
f 1740 1722 1741
f 1722 1721 1741
f 1680 1681 1742
f 1742 1681 1743
f 1746 1744 1745
f 1745 1744 1747
f 1744 1748 1747
f 1747 1748 1749
f 1750 1751 1752
f 1751 1753 1752
f 1752 1753 1754
f 1753 1755 1754
f 1755 1756 1754
f 1754 1756 1757
f 1758 1759 1760
f 1760 1759 1761
f 1761 1759 1762
f 1759 1763 1762
f 1762 1763 1764
f 1763 1765 1764
f 1764 1765 1766
f 1769 1767 1768
f 1768 1767 1770
f 1767 1771 1770
f 1770 1771 1772
f 1771 1773 1772
f 1773 1774 1772
f 1772 1774 1775
f 1778 1776 1777
f 1777 1776 1779
f 1776 1780 1779
f 1779 1780 1781
f 1784 1782 1783
f 1782 1785 1783
f 1785 1786 1783
f 1783 1786 1787
f 1786 1788 1787
f 1787 1788 1789
f 1782 1790 1785
f 1790 1791 1785
f 1785 1791 1786
f 1791 1792 1786
f 1792 1793 1786
f 1786 1793 1788
f 1790 1794 1791
f 1794 1795 1791
f 1791 1795 1792
f 1795 1796 1792
f 1796 1797 1792
f 1792 1797 1793
f 1794 1798 1795
f 1798 1799 1795
f 1795 1799 1796
f 1799 1800 1796
f 1800 1801 1796
f 1796 1801 1797
f 1798 1802 1799
f 1802 1803 1799
f 1803 1804 1799
f 1799 1804 1800
f 1804 1805 1800
f 1800 1805 1801
f 1802 1806 1803
f 1806 1807 1803
f 1807 1808 1803
f 1808 1809 1803
f 1803 1809 1804
f 1809 1810 1804
f 1804 1810 1805
f 1806 1811 1807
f 1811 1812 1807
f 1812 1813 1807
f 1813 1814 1807
f 1807 1814 1808
f 1814 1815 1808
f 1815 1816 1808
f 1808 1816 1809
f 1816 1810 1809
f 1806 1811 1817
f 1817 1811 1818
f 1818 1811 1819
f 1819 1811 1820
f 1811 1812 1820
f 1812 1821 1820
f 1820 1821 1822
f 1822 1821 1815
f 1821 1823 1815
f 1817 1818 1824
f 1824 1818 1825
f 1825 1818 1826
f 1826 1818 1827
f 1818 1819 1827
f 1827 1819 1828
f 1828 1819 1822
f 1819 1820 1822
f 1824 1825 1829
f 1829 1825 1830
f 1830 1825 1831
f 1831 1825 1832
f 1825 1826 1832
f 1832 1826 1833
f 1833 1826 1834
f 1826 1827 1834
f 1834 1827 1828
f 1829 1835 1830
f 1835 1836 1830
f 1830 1836 1831
f 1836 1837 1831
f 1837 1838 1831
f 1838 1839 1831
f 1831 1839 1832
f 1839 1833 1832
f 1835 1836 1840
f 1840 1836 1841
f 1841 1836 1842
f 1836 1837 1842
f 1842 1837 1843
f 1837 1838 1843
f 1840 1841 1844
f 1844 1841 1845
f 1845 1841 1846
f 1841 1842 1846
f 1846 1842 1847
f 1842 1843 1847
f 1845 1848 1844
f 1847 1849 1846
f 1815 1823 1814
f 1814 1823 1813
f 1852 1850 1851
f 1851 1850 1853
f 1850 1854 1853
f 1854 1855 1853
f 1853 1855 1856
f 1856 1855 1857
f 1855 1854 1857
f 1857 1854 1858
f 1850 1859 1854
f 1859 1860 1854
f 1863 1862 1861
f 1861 1862 1864
f 1862 1865 1864
f 1864 1865 1866
f 1865 1867 1866
f 1866 1867 1868
f 1868 1867 1869
f 1867 1870 1869
f 1869 1870 1871
f 1871 1870 1872
f 1870 1873 1872
f 1872 1873 1874
f 1873 1875 1874
f 1874 1875 1876
f 1876 1875 1877
f 1875 1878 1877
f 1877 1878 1879
f 1878 1880 1879
f 1879 1880 1881
f 1881 1880 1882
f 1882 1880 1883
f 1880 1884 1883
f 1884 1885 1883
f 1883 1885 1886
f 1886 1885 1887
f 1885 1888 1887
f 1889 1891 1890
f 1890 1891 1892
f 1892 1891 1893
f 1891 1894 1893
f 1893 1894 1895
f 1894 1896 1895
f 1890 1892 1897
f 1897 1892 1898
f 1892 1893 1898
f 1898 1893 1899
f 1893 1895 1899
f 1895 1900 1899
f 1900 1901 1899
f 1899 1901 1902
f 1902 1901 1903
f 1901 1904 1903
f 1897 1898 1905
f 1905 1898 1906
f 1906 1898 1907
f 1907 1898 1903
f 1903 1898 1902
f 1898 1899 1902
f 1905 1906 1908
f 1908 1906 1909
f 1906 1907 1909
f 1909 1907 1910
f 1910 1907 1911
f 1911 1907 1912
f 1912 1907 1913
f 1907 1903 1913
f 1913 1903 1904
f 1909 1908 1910
f 1908 1914 1910
f 1910 1914 1911
f 1914 1915 1911
f 1915 1916 1911
f 1916 1917 1911
f 1911 1917 1912
f 1917 1918 1912
f 1912 1918 1913
f 1916 1915 1919
f 1918 1917 1920
f 1921 1922 1923
f 1922 1924 1923
f 1923 1924 1925
f 1924 1926 1925
f 1925 1926 1927
f 1926 1928 1927
f 1931 1930 1929
f 1929 1930 1932
f 1932 1930 1933
f 1930 1934 1933
f 1933 1934 1935
f 1935 1934 1936
f 1934 1937 1936
f 1929 1932 1938
f 1938 1932 1939
f 1932 1933 1939
f 1939 1933 1940
f 1933 1935 1940
f 1940 1935 1941
f 1941 1935 1942
f 1935 1936 1942
f 1938 1939 1943
f 1943 1939 1944
f 1944 1939 1941
f 1939 1940 1941
f 1944 1941 1945
f 1945 1941 1942
f 1942 1946 1936
f 1946 1947 1936
f 1947 1948 1936
f 1936 1948 1937
f 1948 1949 1937
f 1952 1951 1950
f 1950 1951 1953
f 1951 1954 1953
f 1953 1954 1955
f 1954 1956 1955
f 1955 1956 1957
f 1956 1958 1957
f 1950 1953 1959
f 1959 1953 1960
f 1953 1955 1960
f 1960 1955 1961
f 1961 1955 1962
f 1962 1955 1963
f 1963 1955 1964
f 1955 1957 1964
f 1964 1957 1965
f 1957 1958 1965
f 1965 1958 1966
f 1959 1967 1960
f 1960 1967 1961
f 1967 1968 1961
f 1961 1968 1962
f 1968 1969 1962
f 1969 1970 1962
f 1962 1970 1963
f 1970 1971 1963
f 1971 1972 1963
f 1972 1973 1963
f 1963 1973 1964
f 1967 1974 1968
f 1968 1974 1975
f 1974 1976 1975
f 1966 1977 1965
f 1965 1977 1978
f 1977 1979 1978
f 1979 1980 1978
f 1978 1980 1981
f 1980 1982 1981
f 1981 1982 1983
f 1982 1984 1983
f 1965 1978 1964
f 1964 1978 1973
f 1978 1981 1973
f 1981 1983 1973
f 1973 1983 1985
f 1985 1983 1986
f 1986 1983 1987
f 1983 1984 1987
f 1987 1984 1988
f 1984 1989 1988
f 1973 1985 1990
f 1985 1986 1990
f 1990 1986 1991
f 1991 1986 1992
f 1992 1986 1993
f 1986 1987 1993
f 1993 1987 1988
f 1973 1972 1990
f 1972 1994 1990
f 1994 1995 1990
f 1995 1996 1990
f 1990 1996 1991
f 1996 1997 1991
f 1991 1997 1992
f 1992 1997 1998
f 1998 1997 1999
f 1997 2000 1999
f 1972 1994 2001
f 2001 1994 2002
f 2002 1994 2003
f 2003 1994 2004
f 1994 1995 2004
f 2004 1995 2005
f 1995 1996 2005
f 2005 1996 2000
f 1996 1997 2000
f 1972 2001 1971
f 2001 2002 1971
f 1971 2002 2006
f 2006 2002 2007
f 2007 2002 2008
f 2002 2009 2008
f 2008 2009 2010
f 2009 2011 2010
f 1971 2006 1970
f 1970 2006 1969
f 1969 2006 2012
f 2006 2007 2012
f 2012 2013 1969
f 1969 2013 1968
f 2013 2014 1968
f 1968 2014 2015
f 2014 2016 2015
f 2015 2016 2017
f 2016 2018 2017
f 2017 2018 2011
f 2018 2010 2011
f 2003 2019 2002
f 2019 2020 2002
f 2002 2020 2021
f 2022 2023 2024
f 2023 2025 2024
f 2024 2025 2026
f 2025 2027 2026
f 2028 2030 2029
f 2030 2031 2029
f 2029 2031 2032
f 2031 2033 2032
f 2033 2034 2032
f 2032 2034 2035
f 2036 2037 2038
f 2037 2039 2038
f 2042 2041 2040
f 2041 2043 2040
f 2043 2044 2040
f 2040 2044 2045
f 2048 2046 2047
f 2046 2049 2047
f 2049 2050 2047
f 2050 2051 2047
f 2047 2051 2052
f 2053 2054 2055
f 2054 2056 2055
f 2055 2056 2057
f 2059 2060 2058
f 2058 2060 2061
f 2060 2062 2061
f 2061 2062 2063
f 2063 2062 2064
f 2062 2065 2064
f 2066 2068 2067
f 2067 2068 2069
f 2071 2072 2070
f 2072 2073 2070
f 2073 2074 2070
f 2070 2074 2075
f 2076 2077 2078
f 2078 2077 2079
f 2079 2077 2080
f 2080 2077 2081
f 2077 2082 2081
f 2083 2085 2084
f 2085 2086 2084
f 2084 2086 2087
f 2090 2088 2089
f 2088 2091 2089
f 2089 2091 2092
f 2091 2093 2092
f 2093 2094 2092
f 2092 2094 2095
f 2096 2097 2098
f 2097 2099 2098
f 2098 2099 2100
f 2099 2101 2100
f 2100 2101 2102
f 2101 2103 2102
f 2104 2106 2105
f 2106 2107 2105
f 2105 2107 2108
f 2107 2109 2108
f 2108 2109 2110
f 2109 2111 2110
f 2113 2112 2114
f 2114 2112 2115
f 2115 2112 2116
f 2112 2117 2116
f 2116 2117 2118
f 2118 2117 2119
f 2117 2120 2119
f 2119 2120 2121
f 2115 2114 2122
f 2121 2119 2123
f 2119 2124 2123
f 2123 2124 2125
f 2124 2119 2126
f 2119 2127 2126
f 2126 2127 2128
f 2119 2118 2127
f 2118 2116 2129
f 2129 2116 2130
f 2116 2115 2130
f 2131 2133 2132
f 2133 2134 2132
f 2132 2134 2135
f 2134 2136 2135
f 2135 2136 2137
f 2137 2136 2138
f 2136 2139 2138
f 2132 2135 2140
f 2140 2135 2141
f 2135 2137 2141
f 2141 2137 2142
f 2142 2137 2143
f 2137 2138 2143
f 2143 2138 2144
f 2144 2138 2145
f 2138 2139 2145
f 2145 2139 2146
f 2139 2147 2146
f 2140 2141 2148
f 2148 2141 2149
f 2141 2142 2149
f 2149 2142 2150
f 2142 2143 2150
f 2150 2143 2151
f 2143 2144 2151
f 2151 2144 2152
f 2144 2145 2152
f 2152 2145 2153
f 2153 2145 2154
f 2154 2145 2155
f 2145 2146 2155
f 2149 2150 2156
f 2156 2150 2157
f 2157 2150 2158
f 2150 2151 2158
f 2158 2151 2159
f 2159 2151 2160
f 2151 2152 2160
f 2160 2152 2161
f 2161 2152 2162
f 2152 2153 2162
f 2157 2158 2163
f 2158 2159 2163
f 2163 2159 2164
f 2164 2159 2165
f 2159 2160 2165
f 2165 2160 2166
f 2166 2160 2167
f 2167 2160 2168
f 2160 2161 2168
f 2168 2161 2169
f 2161 2162 2169
f 2164 2165 2170
f 2170 2165 2171
f 2165 2166 2171
f 2171 2166 2172
f 2172 2166 2173
f 2166 2167 2173
f 2173 2167 2174
f 2174 2167 2175
f 2167 2168 2175
f 2170 2171 2172
f 2173 2176 2172
f 2175 2168 2177
f 2177 2168 2178
f 2168 2169 2178
f 2178 2169 2179
f 2169 2162 2179
f 2179 2162 2180
f 2162 2153 2180
f 2180 2153 2181
f 2153 2154 2181
f 2177 2178 2182
f 2182 2178 2183
f 2183 2178 2184
f 2178 2179 2184
f 2184 2179 2185
f 2179 2180 2185
f 2180 2181 2185
f 2185 2181 2186
f 2186 2181 2187
f 2187 2181 2188
f 2188 2181 2189
f 2181 2154 2189
f 2189 2154 2155
f 2183 2190 2184
f 2184 2190 2185
f 2190 2191 2185
f 2185 2191 2186
f 2191 2192 2186
f 2186 2192 2187
f 2192 2193 2187
f 2193 2194 2187
f 2187 2194 2188
f 2194 2195 2188
f 2188 2195 2189
f 2195 2196 2189
f 2196 2197 2189
f 2189 2197 2155
f 2197 2146 2155
f 2191 2192 2198
f 2198 2192 2199
f 2192 2193 2199
f 2197 2146 2200
f 2200 2146 2147
f 2203 2201 2202
f 2201 2204 2202
f 2202 2204 2205
f 2205 2204 2206
f 2204 2207 2206
f 2207 2208 2206
f 2206 2208 2209
f 2204 2201 2207
f 2201 2210 2207
f 2210 2211 2207
f 2207 2211 2208
f 2211 2212 2208
f 2212 2213 2208
f 2208 2213 2209
f 2209 2213 2214
f 2213 2215 2214
f 2214 2215 2216
f 2210 2217 2211
f 2217 2218 2211
f 2211 2218 2212
f 2218 2219 2212
f 2219 2220 2212
f 2212 2220 2213
f 2213 2220 2215
f 2215 2220 2221
f 2220 2222 2221
f 2217 2218 2223
f 2223 2218 2224
f 2224 2218 2225
f 2225 2218 2226
f 2218 2219 2226
f 2226 2219 2222
f 2219 2220 2222
f 2217 2223 2227
f 2227 2223 2228
f 2223 2224 2228
f 2228 2224 2229
f 2229 2224 2230
f 2230 2224 2231
f 2224 2225 2231
f 2231 2225 2232
f 2225 2226 2232
f 2232 2226 2222
f 2227 2233 2228
f 2233 2234 2228
f 2228 2234 2229
f 2234 2235 2229
f 2233 2234 2236
f 2236 2234 2237
f 2238 2239 2240
f 2239 2241 2240
f 2240 2241 2242
f 2241 2243 2242
f 2242 2243 2244
f 2243 2245 2244
f 2244 2245 2246
f 2239 2245 2241
f 2245 2243 2241
f 2239 2245 2247
f 2245 2246 2247
f 2247 2246 2248
f 2248 2246 2249
f 2249 2246 2250
f 2246 2251 2250
f 2239 2247 2252
f 2252 2247 2253
f 2247 2248 2253
f 2253 2248 2254
f 2254 2248 2255
f 2255 2248 2256
f 2248 2249 2256
f 2249 2257 2256
f 2256 2257 2258
f 2239 2259 2252
f 2259 2260 2252
f 2252 2260 2253
f 2260 2254 2253
f 2255 2256 2261
f 2261 2256 2262
f 2262 2256 2263
f 2256 2258 2263
f 2258 2264 2263
f 2264 2265 2263
f 2263 2265 2262
f 2266 2267 2268
f 2268 2267 2269
f 2267 2270 2269
f 2269 2270 2271
f 2270 2272 2271
f 2275 2274 2273
f 2274 2276 2273
f 2273 2276 2277
f 2276 2278 2277
f 2277 2278 2279
f 2278 2280 2279
f 2279 2280 2281
f 2280 2282 2281
f 2273 2277 2283
f 2283 2277 2284
f 2284 2277 2285
f 2277 2279 2285
f 2285 2279 2286
f 2286 2279 2287
f 2279 2281 2287
f 2284 2285 2288
f 2285 2286 2288
f 2288 2286 2289
f 2286 2287 2289
f 2281 2282 2290
f 2290 2282 2291
f 2282 2292 2291
f 2291 2292 2293
f 2293 2292 2294
f 2292 2295 2294
f 2298 2297 2296
f 2296 2297 2299
f 2297 2300 2299
f 2300 2301 2299
f 2301 2302 2299
f 2302 2303 2299
f 2299 2303 2296
f 2304 2305 2306
f 2305 2307 2306
f 2306 2307 2308
f 2311 2309 2310
f 2309 2312 2310
f 2310 2312 2313
f 2309 2314 2312
f 2312 2314 2315
f 2315 2314 2316
f 2316 2314 2317
f 2314 2318 2317
f 2318 2319 2317
f 2317 2319 2320
f 2314 2309 2318
f 2318 2321 2319
f 2321 2322 2319
f 2322 2323 2319
f 2323 2324 2319
f 2324 2325 2319
f 2319 2325 2320
f 2325 2326 2320
f 2327 2323 2324
f 2330 2329 2328
f 2328 2329 2331
f 2331 2329 2332
f 2329 2333 2332
f 2332 2333 2334
f 2333 2335 2334
f 2334 2335 2336
f 2331 2337 2332
f 2337 2338 2332
f 2332 2338 2334
f 2338 2339 2334
f 2334 2339 2336
f 2339 2340 2336
f 2336 2340 2341
f 2341 2340 2342
f 2340 2343 2342
f 2342 2343 2344
f 2337 2345 2338
f 2345 2346 2338
f 2338 2346 2339
f 2339 2346 2340
f 2346 2347 2340
f 2340 2347 2343
f 2347 2348 2343
f 2343 2348 2344
f 2344 2348 2349
f 2348 2350 2349
f 2349 2350 2351
f 2337 2352 2345
f 2352 2353 2345
f 2353 2354 2345
f 2345 2354 2346
f 2346 2354 2347
f 2354 2355 2347
f 2355 2356 2347
f 2347 2356 2348
f 2348 2356 2350
f 2356 2357 2350
f 2357 2358 2350
f 2350 2358 2351
f 2358 2359 2351
f 2352 2353 2360
f 2360 2353 2361
f 2361 2353 2362
f 2362 2353 2363
f 2363 2353 2355
f 2353 2354 2355
f 2352 2360 2364
f 2364 2360 2365
f 2365 2360 2366
f 2360 2361 2366
f 2366 2361 2367
f 2361 2362 2367
f 2367 2362 2368
f 2362 2363 2368
f 2368 2363 2369
f 2369 2363 2370
f 2363 2355 2370
f 2370 2355 2371
f 2355 2356 2371
f 2366 2367 2372
f 2372 2367 2373
f 2373 2367 2374
f 2367 2368 2374
f 2374 2368 2375
f 2375 2368 2376
f 2376 2368 2377
f 2368 2369 2377
f 2377 2369 2378
f 2369 2370 2378
f 2378 2370 2379
f 2370 2371 2379
f 2373 2374 2380
f 2374 2375 2380
f 2380 2375 2381
f 2381 2375 2382
f 2375 2376 2382
f 2382 2376 2383
f 2376 2377 2383
f 2383 2377 2384
f 2384 2377 2385
f 2377 2378 2385
f 2385 2378 2386
f 2378 2379 2386
f 2386 2379 2387
f 2379 2371 2387
f 2381 2382 2388
f 2388 2382 2389
f 2382 2383 2389
f 2371 2356 2387
f 2387 2356 2390
f 2356 2357 2390
f 2390 2357 2391
f 2391 2357 2359
f 2357 2358 2359
f 2387 2390 2392
f 2392 2390 2393
f 2390 2391 2393
f 2392 2394 2387
f 2387 2394 2386
f 2394 2395 2386
f 2395 2396 2386
f 2386 2396 2385
f 2396 2384 2385
f 2359 2397 2391
f 2400 2399 2398
f 2398 2399 2401
f 2401 2399 2402
f 2399 2403 2402
f 2402 2403 2404
f 2403 2405 2404
f 2398 2401 2406
f 2406 2401 2407
f 2401 2402 2407
f 2407 2402 2408
f 2402 2404 2408
f 2408 2404 2409
f 2409 2404 2410
f 2404 2405 2410
f 2410 2405 2411
f 2405 2412 2411
f 2411 2412 2413
f 2412 2414 2413
f 2407 2408 2415
f 2415 2408 2416
f 2408 2409 2416
f 2416 2409 2417
f 2417 2409 2418
f 2409 2410 2418
f 2418 2410 2419
f 2419 2410 2420
f 2420 2410 2421
f 2410 2411 2421
f 2421 2411 2413
f 2415 2422 2416
f 2422 2423 2416
f 2416 2423 2417
f 2423 2424 2417
f 2424 2425 2417
f 2417 2425 2418
f 2418 2425 2419
f 2425 2426 2419
f 2419 2426 2420
f 2426 2427 2420
f 2420 2427 2421
f 2423 2422 2428
f 2427 2429 2421
f 2429 2430 2421
f 2421 2430 2413
f 2430 2431 2413
f 2413 2431 2414
f 2414 2431 2432
f 2431 2433 2432
f 2431 2434 2430
f 2435 2437 2436
f 2436 2437 2438
f 2438 2437 2439
f 2439 2437 2440
f 2440 2437 2441
f 2437 2442 2441
f 2441 2442 2443
f 2436 2444 2438
f 2444 2445 2438
f 2438 2445 2439
f 2445 2446 2439
f 2446 2447 2439
f 2439 2447 2440
f 2447 2448 2440
f 2448 2449 2440
f 2440 2449 2441
f 2441 2449 2443
f 2449 2450 2443
f 2446 2444 2445
f 2449 2450 2448
f 2450 2451 2448
f 2448 2451 2452
f 2451 2453 2452
f 2453 2454 2452
f 2452 2454 2455
f 2454 2456 2455
f 2456 2457 2455
f 2455 2457 2458
f 2448 2459 2452
f 2459 2460 2452
f 2460 2458 2452
f 2452 2458 2455
f 2448 2447 2459
f 2459 2447 2461
f 2447 2462 2461
f 2463 2465 2464
f 2464 2465 2466
f 2465 2467 2466
f 2466 2467 2468
f 2467 2469 2468
f 2471 2470 2472
f 2472 2470 2473
f 2473 2470 2474
f 2470 2475 2474
f 2475 2476 2474
f 2474 2476 2477
f 2476 2478 2477
f 2477 2478 2479
f 2478 2480 2479
f 2473 2474 2481
f 2481 2474 2482
f 2474 2477 2482
f 2477 2479 2482
f 2482 2479 2483
f 2479 2480 2483
f 2481 2482 2484
f 2484 2482 2485
f 2482 2483 2485
f 2484 2485 2486
f 2485 2487 2486
f 2487 2488 2486
f 2486 2488 2489
f 2488 2490 2489
f 2490 2491 2489
f 2489 2491 2492
f 2495 2493 2494
f 2493 2496 2494
f 2494 2496 2497
f 2497 2496 2498
f 2498 2496 2499
f 2499 2496 2500
f 2496 2493 2500
f 2501 2503 2502
f 2503 2504 2502
f 2502 2504 2505
f 2508 2506 2507
f 2507 2506 2509
f 2509 2506 2510
f 2506 2511 2510
f 2510 2511 2512
f 2511 2513 2512
f 2512 2513 2514
f 2514 2513 2515
f 2513 2516 2515
f 2515 2516 2517
f 2506 2518 2511
f 2511 2518 2513
f 2513 2518 2516
f 2516 2518 2519
f 2518 2506 2519
f 2520 2522 2521
f 2521 2522 2523
f 2523 2522 2524
f 2524 2522 2525
f 2525 2522 2526
f 2522 2527 2526
f 2527 2528 2526
f 2526 2528 2529
f 2529 2528 2530
f 2528 2531 2530
f 2524 2525 2532
f 2532 2525 2529
f 2525 2526 2529
f 2532 2529 2533
f 2533 2529 2530
f 2536 2534 2535
f 2534 2537 2535
f 2537 2538 2535
f 2538 2539 2535
f 2539 2540 2535
f 2535 2540 2541
f 2538 2537 2542
f 2537 2543 2542
f 2538 2539 2544
f 2544 2539 2545
f 2546 2547 2548
f 2547 2549 2548
f 2550 2552 2551
f 2552 2553 2551
f 2551 2553 2554
f 2554 2553 2555
f 2553 2556 2555
f 2551 2554 2557
f 2554 2558 2557
f 2557 2558 2559
f 2557 2551 2560
f 2551 2561 2560
f 2562 2564 2563
f 2563 2564 2565
f 2566 2567 2568
f 2567 2569 2568
f 2571 2570 2572
f 2572 2570 2573
f 2570 2574 2573
f 2577 2576 2575
f 2575 2576 2578
f 2578 2576 2579
f 2576 2580 2579
f 2579 2580 2581
f 2580 2582 2581
f 2582 2583 2581
f 2581 2583 2584
f 2584 2583 2585
f 2583 2586 2585
f 2587 2589 2588
f 2588 2589 2590
f 2591 2592 2593
f 2592 2594 2593
f 2593 2594 2595
f 2594 2596 2595
f 2596 2597 2595
f 2595 2597 2598
f 2597 2599 2598
f 2598 2599 2600
f 2592 2601 2594
f 2594 2601 2596
f 2601 2602 2596
f 2596 2602 2597
f 2602 2603 2597
f 2603 2604 2597
f 2597 2604 2599
f 2604 2605 2599
f 2605 2606 2599
f 2599 2606 2600
f 2606 2607 2600
f 2592 2601 2608
f 2608 2601 2609
f 2601 2602 2609
f 2609 2602 2610
f 2602 2603 2610
f 2610 2603 2611
f 2603 2604 2611
f 2611 2604 2612
f 2612 2604 2613
f 2604 2605 2613
f 2614 2592 2608
f 2615 2609 2610
f 2609 2616 2608
f 2618 2613 2617
f 2613 2605 2617
f 2617 2605 2619
f 2605 2606 2619
f 2619 2606 2620
f 2606 2607 2620
f 2607 2621 2620
f 2620 2621 2622
f 2621 2623 2622
f 2617 2619 2624
f 2624 2619 2622
f 2619 2620 2622
f 2625 2617 2624
f 2622 2626 2624
f 2628 2627 2629
f 2629 2627 2630
f 2627 2631 2630
f 2632 2634 2633
f 2633 2634 2635
f 2638 2636 2637
f 2637 2636 2639
f 2636 2640 2639
f 2643 2642 2641
f 2642 2644 2641
f 2644 2645 2641
f 2641 2645 2646
f 2645 2647 2646
f 2646 2647 2648
f 2648 2647 2649
f 2647 2650 2649
f 2650 2651 2649
f 2649 2651 2652
f 2653 2654 2655
f 2654 2656 2655
f 2657 2659 2658
f 2658 2659 2660
f 2660 2659 2661
f 2661 2659 2662
f 2659 2663 2662
f 2658 2660 2664
f 2664 2660 2665
f 2660 2661 2665
f 2665 2661 2666
f 2666 2661 2667
f 2661 2662 2667
f 2667 2662 2668
f 2664 2669 2665
f 2665 2669 2666
f 2669 2670 2666
f 2670 2671 2666
f 2666 2671 2667
f 2671 2672 2667
f 2664 2669 2673
f 2673 2669 2674
f 2674 2669 2675
f 2669 2670 2675
f 2675 2670 2676
f 2670 2671 2676
f 2673 2674 2677
f 2677 2674 2678
f 2678 2674 2679
f 2674 2675 2679
f 2679 2675 2680
f 2680 2675 2681
f 2675 2676 2681
f 2677 2678 2682
f 2682 2678 2683
f 2683 2678 2684
f 2678 2679 2684
f 2684 2679 2685
f 2679 2680 2685
f 2685 2680 2686
f 2682 2687 2683
f 2687 2688 2683
f 2683 2688 2684
f 2688 2689 2684
f 2684 2689 2685
f 2689 2690 2685
f 2691 2687 2688
f 2689 2692 2688
f 2695 2694 2693
f 2694 2696 2693
f 2693 2696 2697
f 2700 2698 2699
f 2698 2701 2699
f 2701 2702 2699
f 2702 2703 2699
f 2699 2703 2704
f 2701 2705 2702
f 2705 2706 2702
f 2706 2707 2702
f 2702 2707 2703
f 2701 2708 2705
f 2708 2709 2705
f 2709 2710 2705
f 2705 2710 2706
f 2710 2711 2706
f 2711 2712 2706
f 2706 2712 2707
f 2707 2712 2713
f 2712 2714 2713
f 2708 2715 2701
f 2710 2711 2709
f 2709 2711 2716
f 2716 2711 2717
f 2717 2711 2718
f 2718 2711 2719
f 2711 2712 2719
f 2712 2714 2719
f 2719 2714 2720
f 2714 2721 2720
f 2720 2721 2722
f 2721 2723 2722
f 2717 2718 2724
f 2718 2719 2724
f 2719 2720 2724
f 2724 2720 2725
f 2720 2722 2725
f 2717 2724 2726
f 2724 2725 2726
f 2726 2725 2727
f 2730 2728 2729
f 2728 2731 2729
f 2731 2732 2729
f 2732 2733 2729
f 2729 2733 2734
f 2728 2735 2731
f 2735 2736 2731
f 2736 2737 2731
f 2731 2737 2732
f 2737 2738 2732
f 2732 2738 2739
f 2735 2740 2736
f 2740 2741 2736
f 2736 2741 2737
f 2737 2741 2738
f 2738 2741 2742
f 2741 2743 2742
f 2742 2743 2744
f 2743 2745 2744
f 2735 2740 2746
f 2746 2740 2747
f 2747 2740 2748
f 2748 2740 2743
f 2740 2741 2743
f 2747 2748 2749
f 2749 2748 2750
f 2748 2743 2750
f 2743 2745 2750
f 2750 2745 2751
f 2745 2752 2751
f 2751 2752 2753
f 2752 2754 2753
f 2747 2749 2755
f 2755 2749 2756
f 2756 2749 2753
f 2753 2749 2751
f 2749 2750 2751
f 2757 2755 2756
f 2758 2760 2759
f 2760 2761 2759
f 2759 2761 2762
f 2762 2761 2763
f 2761 2764 2763
f 2759 2762 2765
f 2765 2762 2766
f 2762 2763 2766
f 2766 2763 2767
f 2765 2759 2768
f 2759 2769 2768
f 2765 2766 2770
f 2770 2766 2771
f 2772 2773 2774
f 2774 2773 2775
f 2773 2776 2775
f 2776 2777 2775
f 2775 2777 2778
f 2777 2779 2778
f 2773 2776 2780
f 2780 2776 2781
f 2777 2776 2782
f 2776 2783 2782
f 2784 2786 2785
f 2786 2787 2785
f 2785 2787 2788
f 2788 2787 2789
f 2789 2787 2790
f 2787 2791 2790
f 2785 2788 2792
f 2792 2788 2793
f 2793 2788 2794
f 2788 2789 2794
f 2794 2789 2795
f 2795 2789 2796
f 2789 2790 2796
f 2797 2785 2792
f 2798 2800 2799
f 2799 2800 2801
f 2800 2802 2801
f 2801 2802 2803
f 2803 2802 2804
f 2802 2805 2804
f 2805 2793 2804
f 2804 2793 2794
f 2799 2806 2801
f 2806 2807 2801
f 2801 2807 2803
f 2807 2808 2803
f 2808 2809 2803
f 2803 2809 2804
f 2804 2809 2794
f 2794 2809 2795
f 2795 2809 2796
f 2796 2809 2810
f 2809 2811 2810
f 2806 2807 2812
f 2812 2807 2811
f 2807 2808 2811
f 2811 2808 2809
f 2813 2812 2806
f 2816 2814 2815
f 2814 2817 2815
f 2815 2817 2818
f 2817 2819 2818
f 2819 2820 2818
f 2818 2820 2821
f 2820 2822 2821
f 2814 2817 2823
f 2823 2817 2824
f 2817 2819 2824
f 2824 2819 2825
f 2819 2820 2825
f 2825 2820 2826
f 2826 2820 2827
f 2820 2822 2827
f 2827 2822 2828
f 2822 2829 2828
f 2823 2830 2814
f 2814 2830 2831
f 2833 2832 2823
f 2823 2832 2824
f 2824 2832 2825
f 2832 2834 2825
f 2825 2834 2826
f 2834 2835 2826
f 2835 2836 2826
f 2836 2837 2826
f 2826 2837 2827
f 2827 2837 2828
f 2837 2838 2828
f 2838 2839 2828
f 2839 2840 2828
f 2828 2840 2829
f 2837 2836 2838
f 2836 2841 2838
f 2838 2841 2839
f 2841 2842 2839
f 2843 2840 2829
f 2844 2846 2845
f 2845 2846 2847
f 2847 2846 2848
f 2848 2846 2849
f 2849 2846 2850
f 2846 2851 2850
f 2847 2848 2852
f 2852 2848 2853
f 2848 2849 2853
f 2849 2854 2853
f 2853 2854 2855
f 2856 2852 2847
f 2857 2853 2852
f 2858 2859 2860
f 2859 2861 2860
f 2861 2862 2860
f 2860 2862 2863
f 2862 2864 2863
f 2861 2862 2865
f 2865 2862 2866
f 2862 2867 2866
f 2861 2865 2868
f 2868 2865 2869
f 2872 2870 2871
f 2871 2870 2873
f 2870 2874 2873
f 2874 2875 2873
f 2875 2876 2873
f 2876 2877 2873
f 2873 2877 2878
f 2870 2879 2874
f 2879 2880 2874
f 2880 2881 2874
f 2874 2881 2875
f 2881 2882 2875
f 2882 2883 2875
f 2875 2883 2876
f 2876 2883 2884
f 2883 2885 2884
f 2870 2879 2886
f 2886 2879 2887
f 2888 2882 2881
f 2889 2880 2879
f 2890 2891 2882
f 2891 2892 2882
f 2882 2892 2883
f 2883 2892 2893
f 2892 2891 2893
f 2896 2895 2894
f 2894 2895 2897
f 2897 2895 2898
f 2898 2895 2899
f 2895 2900 2899
f 2899 2900 2901
f 2897 2902 2898
f 2902 2903 2898
f 2903 2904 2898
f 2898 2904 2899
f 2904 2905 2899
f 2897 2902 2906
f 2906 2902 2907
f 2907 2902 2908
f 2902 2903 2908
f 2908 2903 2909
f 2906 2897 2910
f 2897 2911 2910
f 2906 2907 2912
f 2912 2907 2913
f 2914 2908 2915
f 2908 2916 2915
f 2915 2916 2917
f 2917 2916 2907
f 2916 2908 2907
f 2920 2919 2918
f 2919 2921 2918
f 2918 2921 2922
f 2922 2921 2923
f 2923 2921 2924
f 2921 2925 2924
f 2922 2926 2918
f 2918 2926 2927
f 2922 2928 2923
f 2928 2929 2923
f 2932 2931 2930
f 2930 2931 2933
f 2933 2931 2934
f 2934 2931 2935
f 2931 2936 2935
f 2933 2934 2937
f 2934 2938 2937
f 2937 2938 2939
f 2937 2933 2940
f 2933 2941 2940
f 2942 2944 2943
f 2944 2945 2943
f 2943 2945 2946
f 2945 2947 2946
f 2950 2949 2948
f 2948 2949 2951
f 2949 2952 2951
f 2951 2952 2953
f 2956 2954 2955
f 2954 2957 2955
f 2957 2958 2955
f 2958 2959 2955
f 2955 2959 2960
f 2959 2961 2960
f 2962 2964 2963
f 2963 2964 2965
f 2964 2966 2965
f 2965 2966 2967
f 2970 2968 2969
f 2969 2968 2971
f 2968 2972 2971
f 2971 2972 2973
f 2976 2974 2975
f 2975 2974 2977
f 2977 2974 2978
f 2978 2974 2979
f 2974 2980 2979
f 2979 2980 2981
f 2982 2983 2984
f 2983 2985 2984
f 2985 2986 2984
f 2986 2987 2984
f 2987 2988 2984
f 2984 2988 2982
f 2982 2988 2989
f 2988 2990 2989
f 2989 2990 2991
f 2985 2992 2986
f 2992 2993 2986
f 2986 2993 2987
f 2993 2994 2987
f 2994 2995 2987
f 2987 2995 2988
f 2988 2995 2990
f 2995 2996 2990
f 2990 2996 2991
f 2991 2996 2997
f 2997 2996 2998
f 2996 2999 2998
f 2992 2993 3000
f 3000 2993 3001
f 2993 2994 3001
f 3001 2994 3002
f 3002 2994 3003
f 2994 2995 3003
f 3003 2995 2999
f 2995 2996 2999
f 3001 3002 3004
f 3004 3002 3005
f 3005 3002 3006
f 3006 3002 3007
f 3002 3003 3007
f 3007 3003 3008
f 3003 2999 3008
f 3006 3007 3009
f 3009 3007 3008
f 3012 3010 3011
f 3010 3013 3011
f 3013 3014 3011
f 3014 3015 3011
f 3015 3016 3011
f 3011 3016 3012
f 3010 3017 3013
f 3017 3018 3013
f 3018 3019 3013
f 3013 3019 3014
f 3019 3020 3014
f 3020 3021 3014
f 3014 3021 3015
f 3021 3022 3015
f 3015 3022 3016
f 3017 3023 3018
f 3023 3024 3018
f 3018 3024 3019
f 3024 3025 3019
f 3025 3026 3019
f 3019 3026 3020
f 3026 3027 3020
f 3027 3028 3020
f 3020 3028 3021
f 3028 3029 3021
f 3021 3029 3022
f 3023 3030 3024
f 3030 3031 3024
f 3024 3031 3025
f 3028 3027 3032
f 3032 3027 3033
f 3033 3027 3034
f 3027 3035 3034
f 3034 3035 3036
f 3036 3035 3037
f 3035 3026 3037
f 3037 3026 3025
f 3027 3026 3035
f 3040 3038 3039
f 3039 3038 3041
f 3041 3038 3042
f 3042 3038 3043
f 3043 3038 3044
f 3044 3038 3045
f 3038 3046 3045
f 3040 3038 3047
f 3047 3038 3048
f 3048 3038 3049
f 3049 3038 3050
f 3038 3046 3050
f 3053 3052 3051
f 3051 3052 3054
f 3054 3052 3055
f 3052 3056 3055
f 3055 3056 3057
f 3057 3056 3058
f 3056 3059 3058
f 3053 3051 3060
f 3060 3051 3061
f 3061 3051 3062
f 3062 3051 3063
f 3051 3054 3063
f 3054 3055 3063
f 3063 3055 3064
f 3055 3057 3064
f 3060 3061 3065
f 3065 3061 3066
f 3061 3062 3066
f 3060 3065 3067
f 3067 3065 3068
f 3068 3065 3069
f 3065 3066 3069
f 3066 3070 3069
f 3069 3070 3071
f 3070 3072 3071
f 3069 3071 3068
f 3068 3071 3073
f 3073 3071 3074
f 3074 3071 3075
f 3071 3072 3075
f 3075 3072 3076
f 3076 3072 3077
f 3077 3072 3078
f 3072 3079 3078
f 3075 3076 3074
f 3074 3076 3080
f 3080 3076 3081
f 3076 3077 3081
f 3081 3077 3082
f 3082 3077 3083
f 3077 3078 3083
f 3083 3078 3084
f 3084 3078 3085
f 3078 3079 3085
f 3085 3079 3086
f 3079 3087 3086
f 3080 3081 3084
f 3084 3081 3088
f 3081 3082 3088
f 3088 3082 3089
f 3082 3083 3089
f 3083 3084 3089
f 3089 3084 3088
f 3080 3090 3084
f 3084 3090 3085
f 3090 3091 3085
f 3085 3091 3086
f 3091 3092 3086
f 3092 3093 3086
f 3093 3094 3086
f 3086 3094 3087
f 3094 3095 3087
f 3095 3096 3087
f 3096 3097 3087
f 3087 3097 3098
f 3092 3099 3093
f 3099 3100 3093
f 3100 3101 3093
f 3093 3101 3094
f 3101 3102 3094
f 3094 3102 3095
f 3102 3103 3095
f 3103 3104 3095
f 3095 3104 3096
f 3099 3105 3100
f 3105 3106 3100
f 3106 3107 3100
f 3100 3107 3101
f 3101 3107 3102
f 3102 3107 3103
f 3107 3106 3103
f 3103 3106 3104
f 3104 3106 3096
f 3106 3105 3096
f 3096 3105 3097
f 3105 3108 3097
f 3108 3109 3097
f 3109 3110 3097
f 3097 3110 3098
f 3105 3099 3108
f 3110 3111 3098
f 3098 3111 3112
f 3111 3113 3112
f 3113 3114 3112
f 3114 3115 3112
f 3115 3116 3112
f 3112 3116 3117
f 3110 3109 3111
f 3109 3118 3111
f 3118 3119 3111
f 3111 3119 3113
f 3119 3120 3113
f 3120 3121 3113
f 3113 3121 3114
f 3121 3122 3114
f 3122 3123 3114
f 3114 3123 3115
f 3118 3124 3119
f 3124 3125 3119
f 3119 3125 3120
f 3125 3126 3120
f 3126 3122 3120
f 3120 3122 3121
f 3124 3127 3125
f 3127 3128 3125
f 3125 3128 3126
f 3128 3123 3126
f 3126 3123 3122
f 3124 3129 3127
f 3129 3116 3127
f 3116 3115 3127
f 3127 3115 3128
f 3115 3123 3128
f 3129 3116 3130
f 3130 3116 3131
f 3116 3117 3131
f 3131 3117 3132
f 3117 3063 3132
f 3132 3063 3064
f 3130 3059 3131
f 3059 3058 3131
f 3131 3058 3132
f 3058 3133 3132
f 3132 3133 3064
f 3133 3134 3064
f 3064 3134 3057
f 3134 3135 3057
f 3057 3135 3058
f 3135 3136 3058
f 3058 3136 3133
f 3133 3136 3134
f 3136 3135 3134
f 3139 3138 3137
f 3137 3138 3140
f 3138 3141 3140
f 3140 3141 3142
f 3141 3143 3142
f 3142 3143 3144
f 3143 3145 3144
f 3139 3137 3146
f 3146 3137 3147
f 3147 3137 3148
f 3148 3137 3149
f 3149 3137 3150
f 3137 3140 3150
f 3150 3140 3151
f 3140 3142 3151
f 3146 3147 3152
f 3147 3148 3152
f 3148 3153 3152
f 3152 3153 3154
f 3153 3155 3154
f 3155 3156 3154
f 3154 3156 3157
f 3146 3157 3152
f 3157 3154 3152
f 3151 3142 3158
f 3158 3142 3159
f 3142 3144 3159
f 3159 3144 3160
f 3160 3144 3161
f 3161 3144 3162
f 3144 3145 3162
f 3162 3145 3163
f 3159 3158 3160
f 3158 3164 3160
f 3164 3165 3160
f 3165 3166 3160
f 3160 3166 3161
f 3166 3167 3161
f 3167 3168 3161
f 3168 3169 3161
f 3161 3169 3162
f 3164 3170 3165
f 3170 3171 3165
f 3171 3172 3165
f 3172 3173 3165
f 3173 3174 3165
f 3165 3174 3166
f 3166 3174 3167
f 3174 3175 3167
f 3175 3176 3167
f 3167 3176 3168
f 3170 3177 3171
f 3177 3178 3171
f 3171 3178 3172
f 3178 3179 3172
f 3179 3180 3172
f 3172 3180 3173
f 3180 3181 3173
f 3181 3182 3173
f 3173 3182 3174
f 3182 3183 3174
f 3174 3183 3175
f 3183 3176 3175
f 3177 3178 3184
f 3178 3179 3184
f 3184 3179 3185
f 3185 3179 3186
f 3179 3180 3186
f 3186 3180 3187
f 3187 3180 3188
f 3180 3181 3188
f 3177 3184 3189
f 3189 3184 3190
f 3184 3185 3190
f 3190 3185 3191
f 3191 3185 3192
f 3185 3186 3192
f 3192 3186 3193
f 3186 3187 3193
f 3193 3187 3194
f 3194 3187 3195
f 3187 3188 3195
f 3189 3190 3196
f 3196 3190 3197
f 3197 3190 3198
f 3190 3191 3198
f 3191 3192 3198
f 3198 3192 3199
f 3199 3192 3200
f 3192 3193 3200
f 3200 3193 3201
f 3193 3194 3201
f 3196 3197 3202
f 3202 3197 3203
f 3203 3197 3204
f 3204 3197 3205
f 3205 3197 3206
f 3197 3198 3206
f 3206 3198 3207
f 3198 3199 3207
f 3207 3199 3208
f 3208 3199 3209
f 3199 3200 3209
f 3203 3204 3210
f 3204 3205 3210
f 3210 3205 3211
f 3211 3205 3212
f 3212 3205 3213
f 3205 3206 3213
f 3213 3206 3214
f 3206 3207 3214
f 3214 3207 3215
f 3215 3207 3216
f 3216 3207 3217
f 3207 3208 3217
f 3217 3208 3218
f 3218 3208 3219
f 3219 3208 3220
f 3208 3209 3220
f 3214 3215 3221
f 3221 3215 3222
f 3215 3216 3222
f 3222 3216 3223
f 3223 3216 3224
f 3216 3217 3224
f 3217 3218 3224
f 3224 3218 3225
f 3225 3218 3226
f 3218 3219 3226
f 3226 3219 3227
f 3219 3220 3227
f 3221 3222 3228
f 3228 3222 3229
f 3222 3223 3229
f 3223 3224 3229
f 3224 3225 3229
f 3225 3226 3229
f 3229 3226 3230
f 3226 3227 3230
f 3230 3227 3231
f 3231 3227 3232
f 3227 3220 3232
f 3232 3220 3233
f 3233 3220 3234
f 3220 3209 3234
f 3230 3231 3229
f 3229 3231 3235
f 3235 3231 3236
f 3231 3232 3236
f 3236 3232 3233
f 3233 3237 3234
f 3237 3238 3234
f 3238 3239 3234
f 3239 3240 3234
f 3234 3240 3209
f 3240 3241 3209
f 3209 3241 3200
f 3241 3201 3200
f 3237 3238 3242
f 3242 3238 3243
f 3243 3238 3244
f 3238 3239 3244
f 3244 3239 3245
f 3245 3239 3246
f 3239 3240 3246
f 3246 3240 3247
f 3247 3240 3248
f 3240 3241 3248
f 3248 3241 3249
f 3241 3201 3249
f 3201 3194 3249
f 3249 3194 3250
f 3194 3195 3250
f 3245 3246 3251
f 3251 3246 3252
f 3246 3247 3252
f 3252 3247 3253
f 3253 3247 3254
f 3247 3248 3254
f 3248 3249 3254
f 3249 3250 3254
f 3250 3195 3254
f 3254 3195 3253
f 3195 3188 3253
f 3245 3251 3255
f 3255 3251 3256
f 3256 3251 3257
f 3251 3252 3257
f 3257 3252 3258
f 3252 3253 3258
f 3258 3253 3259
f 3253 3188 3259
f 3259 3188 3260
f 3188 3181 3260
f 3255 3256 3261
f 3261 3256 3262
f 3256 3257 3262
f 3262 3257 3263
f 3263 3257 3264
f 3264 3257 3265
f 3257 3258 3265
f 3265 3258 3266
f 3266 3258 3260
f 3258 3259 3260
f 3261 3262 3267
f 3267 3262 3263
f 3266 3268 3260
f 3268 3269 3260
f 3269 3270 3260
f 3260 3270 3181
f 3270 3271 3181
f 3181 3271 3182
f 3271 3272 3182
f 3182 3272 3183
f 3266 3273 3268
f 3273 3274 3268
f 3274 3275 3268
f 3268 3275 3269
f 3275 3276 3269
f 3276 3277 3269
f 3277 3278 3269
f 3269 3278 3270
f 3266 3279 3273
f 3279 3280 3273
f 3280 3281 3273
f 3273 3281 3274
f 3281 3282 3274
f 3282 3283 3274
f 3283 3284 3274
f 3274 3284 3275
f 3266 3265 3279
f 3265 3285 3279
f 3285 3286 3279
f 3279 3286 3280
f 3286 3287 3280
f 3287 3288 3280
f 3280 3288 3281
f 3265 3264 3285
f 3264 3289 3285
f 3289 3287 3285
f 3285 3287 3286
f 3282 3290 3283
f 3290 3291 3283
f 3283 3291 3284
f 3291 3292 3284
f 3292 3163 3284
f 3284 3163 3275
f 3163 3162 3275
f 3275 3162 3276
f 3290 3293 3291
f 3293 3292 3291
f 3162 3276 3169
f 3169 3276 3168
f 3276 3277 3168
f 3168 3277 3176
f 3277 3278 3176
f 3176 3278 3272
f 3278 3270 3272
f 3272 3270 3271
f 3183 3272 3176
f 3296 3294 3295
f 3294 3297 3295
f 3297 3298 3295
f 3298 3299 3295
f 3299 3300 3295
f 3300 3301 3295
f 3301 3302 3295
f 3295 3302 3296
f 3294 3303 3297
f 3303 3304 3297
f 3304 3305 3297
f 3297 3305 3298
f 3303 3306 3304
f 3306 3307 3304
f 3307 3308 3304
f 3308 3309 3304
f 3304 3309 3305
f 3306 3310 3307
f 3310 3311 3307
f 3311 3312 3307
f 3312 3313 3307
f 3307 3313 3308
f 3308 3313 3309
f 3309 3313 3314
f 3313 3315 3314
f 3314 3315 3316
f 3310 3317 3311
f 3317 3318 3311
f 3318 3319 3311
f 3319 3320 3311
f 3311 3320 3312
f 3320 3321 3312
f 3321 3322 3312
f 3322 3323 3312
f 3312 3323 3313
f 3323 3315 3313
f 3317 3318 3324
f 3324 3318 3325
f 3325 3318 3326
f 3326 3318 3327
f 3318 3319 3327
f 3327 3319 3328
f 3328 3319 3321
f 3319 3320 3321
f 3317 3324 3329
f 3329 3324 3330
f 3330 3324 3331
f 3324 3325 3331
f 3331 3325 3332
f 3332 3325 3333
f 3333 3325 3334
f 3325 3326 3334
f 3329 3330 3335
f 3335 3330 3336
f 3330 3331 3336
f 3336 3331 3332
f 3326 3334 3337
f 3334 3338 3337
f 3338 3339 3337
f 3339 3340 3337
f 3340 3341 3337
f 3337 3341 3326
f 3341 3327 3326
f 3334 3338 3342
f 3342 3338 3343
f 3343 3338 3344
f 3338 3339 3344
f 3344 3339 3345
f 3345 3339 3346
f 3339 3340 3346
f 3334 3342 3333
f 3333 3342 3347
f 3347 3342 3348
f 3342 3343 3348
f 3343 3344 3348
f 3348 3344 3349
f 3344 3345 3349
f 3345 3346 3350
f 3350 3346 3351
f 3351 3346 3352
f 3352 3346 3353
f 3353 3346 3354
f 3346 3340 3354
f 3350 3351 3355
f 3355 3351 3356
f 3351 3352 3356
f 3356 3352 3357
f 3352 3353 3357
f 3357 3353 3358
f 3358 3353 3359
f 3353 3354 3359
f 3359 3354 3360
f 3360 3354 3361
f 3354 3340 3361
f 3361 3340 3362
f 3340 3341 3362
f 3358 3359 3363
f 3363 3359 3364
f 3359 3360 3364
f 3364 3360 3365
f 3365 3360 3366
f 3360 3361 3366
f 3366 3361 3367
f 3367 3361 3368
f 3361 3362 3368
f 3368 3362 3341
f 3358 3369 3363
f 3369 3370 3363
f 3370 3371 3363
f 3363 3371 3364
f 3371 3372 3364
f 3372 3373 3364
f 3364 3373 3365
f 3373 3374 3365
f 3365 3374 3366
f 3374 3375 3366
f 3366 3375 3367
f 3369 3376 3370
f 3376 3377 3370
f 3377 3378 3370
f 3370 3378 3371
f 3378 3379 3371
f 3379 3380 3371
f 3371 3380 3372
f 3380 3381 3372
f 3381 3382 3372
f 3382 3383 3372
f 3372 3383 3373
f 3383 3384 3373
f 3373 3384 3374
f 3384 3385 3374
f 3374 3385 3375
f 3385 3367 3375
f 3379 3380 3386
f 3386 3380 3387
f 3387 3380 3388
f 3380 3381 3388
f 3388 3381 3389
f 3389 3381 3390
f 3390 3381 3391
f 3381 3382 3391
f 3379 3386 3392
f 3392 3386 3393
f 3386 3387 3393
f 3393 3387 3394
f 3394 3387 3395
f 3387 3388 3395
f 3388 3389 3395
f 3395 3389 3396
f 3396 3389 3397
f 3389 3390 3397
f 3397 3390 3398
f 3390 3391 3398
f 3392 3393 3399
f 3399 3393 3400
f 3393 3394 3400
f 3394 3395 3400
f 3395 3396 3400
f 3396 3397 3400
f 3400 3397 3401
f 3397 3398 3401
f 3401 3398 3402
f 3402 3398 3403
f 3398 3391 3403
f 3401 3402 3400
f 3400 3402 3404
f 3404 3402 3405
f 3402 3403 3405
f 3405 3403 3406
f 3403 3391 3406
f 3406 3391 3407
f 3407 3391 3408
f 3391 3382 3408
f 3408 3382 3409
f 3382 3383 3409
f 3409 3383 3410
f 3383 3384 3410
f 3406 3407 3411
f 3411 3407 3412
f 3412 3407 3413
f 3407 3408 3413
f 3413 3408 3414
f 3414 3408 3415
f 3408 3409 3415
f 3415 3409 3416
f 3416 3409 3417
f 3409 3410 3417
f 3411 3412 3418
f 3418 3412 3419
f 3419 3412 3420
f 3420 3412 3421
f 3412 3413 3421
f 3421 3413 3422
f 3422 3413 3423
f 3423 3413 3424
f 3413 3414 3424
f 3422 3420 3421
f 3424 3414 3425
f 3425 3414 3426
f 3426 3414 3416
f 3414 3415 3416
f 3425 3426 3427
f 3427 3426 3428
f 3428 3426 3429
f 3426 3416 3429
f 3416 3417 3429
f 3429 3417 3430
f 3430 3417 3431
f 3417 3410 3431
f 3427 3428 3432
f 3432 3428 3433
f 3428 3429 3433
f 3429 3430 3433
f 3433 3430 3434
f 3434 3430 3435
f 3435 3430 3368
f 3430 3431 3368
f 3427 3432 3316
f 3316 3432 3315
f 3432 3433 3315
f 3433 3434 3315
f 3315 3434 3436
f 3436 3434 3437
f 3434 3435 3437
f 3437 3435 3438
f 3438 3435 3439
f 3439 3435 3341
f 3435 3368 3341
f 3315 3436 3323
f 3323 3436 3322
f 3322 3436 3440
f 3440 3436 3441
f 3436 3437 3441
f 3441 3437 3442
f 3437 3438 3442
f 3438 3439 3442
f 3442 3439 3443
f 3443 3439 3327
f 3439 3341 3327
f 3322 3440 3444
f 3440 3441 3444
f 3441 3442 3444
f 3442 3443 3444
f 3444 3443 3328
f 3443 3327 3328
f 3322 3444 3321
f 3321 3444 3328
f 3368 3367 3431
f 3367 3385 3431
f 3431 3385 3410
f 3385 3384 3410
f 3301 3302 3445
f 3302 3446 3445
f 3445 3446 3447
f 3446 3448 3447
f 3448 3449 3447
f 3447 3449 3450
f 3301 3300 3445
f 3300 3450 3445
f 3445 3450 3447
f 3453 3451 3452
f 3451 3454 3452
f 3454 3455 3452
f 3455 3456 3452
f 3456 3457 3452
f 3457 3458 3452
f 3458 3459 3452
f 3459 3460 3452
f 3460 3461 3452
f 3461 3462 3452
f 3462 3463 3452
f 3452 3463 3453
f 3466 3464 3465
f 3464 3467 3465
f 3467 3468 3465
f 3468 3469 3465
f 3469 3470 3465
f 3465 3470 3466
f 3473 3471 3472
f 3471 3474 3472
f 3474 3475 3472
f 3475 3476 3472
f 3476 3477 3472
f 3477 3478 3472
f 3478 3479 3472
f 3479 3480 3472
f 3480 3481 3472
f 3481 3482 3472
f 3482 3483 3472
f 3472 3483 3473
f 3486 3484 3485
f 3484 3487 3485
f 3487 3488 3485
f 3488 3489 3485
f 3489 3490 3485
f 3485 3490 3486
f 3493 3491 3492
f 3492 3491 3494
f 3494 3491 3495
f 3495 3491 3496
f 3496 3491 3497
f 3497 3491 3498
f 3491 3499 3498
f 3493 3491 3500
f 3500 3491 3501
f 3501 3491 3502
f 3502 3491 3503
f 3491 3499 3503
f 3506 3505 3504
f 3504 3505 3507
f 3505 3508 3507
f 3507 3508 3509
f 3504 3506 3510
f 3510 3506 3511
f 3506 3512 3511
f 3511 3512 3513
f 3513 3512 3514
f 3512 3515 3514
f 3515 3516 3514
f 3514 3516 3517
f 3506 3518 3512
f 3512 3518 3515
f 3518 3519 3515
f 3515 3519 3516
f 3519 3520 3516
f 3520 3521 3516
f 3521 3522 3516
f 3516 3522 3517
f 3522 3523 3517
f 3506 3518 3524
f 3518 3519 3524
f 3524 3519 3525
f 3519 3520 3525
f 3525 3520 3526
f 3520 3521 3526
f 3526 3521 3527
f 3527 3521 3528
f 3521 3522 3528
f 3528 3522 3529
f 3522 3523 3529
f 3529 3523 3530
f 3530 3523 3531
f 3523 3532 3531
f 3531 3532 3533
f 3532 3534 3533
f 3527 3528 3535
f 3528 3529 3535
f 3535 3529 3509
f 3529 3530 3509
f 3509 3530 3536
f 3536 3530 3537
f 3530 3531 3537
f 3537 3531 3538
f 3538 3531 3539
f 3531 3533 3539
f 3539 3533 3540
f 3540 3533 3541
f 3533 3534 3541
f 3536 3507 3509
f 3539 3540 3538
f 3538 3540 3542
f 3542 3540 3543
f 3540 3541 3543
f 3543 3541 3544
f 3541 3534 3544
f 3544 3534 3545
f 3534 3546 3545
f 3545 3546 3547
f 3542 3548 3543
f 3548 3549 3543
f 3543 3549 3544
f 3544 3549 3545
f 3549 3550 3545
f 3550 3551 3545
f 3545 3551 3547
f 3547 3551 3552
f 3551 3553 3552
f 3552 3553 3554
f 3548 3555 3549
f 3549 3555 3550
f 3555 3556 3550
f 3550 3556 3551
f 3553 3557 3554
f 3554 3557 3558
f 3557 3537 3558
f 3558 3537 3536
f 3561 3559 3560
f 3560 3559 3562
f 3559 3563 3562
f 3562 3563 3564
f 3563 3565 3564
f 3564 3565 3566
f 3565 3567 3566
f 3566 3567 3568
f 3567 3569 3568
f 3568 3569 3570
f 3569 3571 3570
f 3570 3571 3572
f 3571 3573 3572
f 3572 3573 3574
f 3573 3561 3574
f 3574 3561 3560
f 3575 3576 3577
f 3577 3576 3578
f 3578 3576 3579
f 3576 3580 3579
f 3579 3580 3581
f 3581 3580 3582
f 3582 3580 3583
f 3580 3584 3583
f 3583 3584 3585
f 3585 3584 3586
f 3584 3575 3586
f 3586 3575 3577
f 3589 3587 3588
f 3587 3590 3588
f 3590 3591 3588
f 3591 3592 3588
f 3592 3593 3588
f 3588 3593 3594
f 3587 3589 3595
f 3589 3596 3595
f 3596 3597 3595
f 3595 3597 3598
f 3597 3599 3598
f 3599 3600 3598
f 3598 3600 3601
f 3600 3602 3601
f 3601 3602 3603
f 3602 3604 3603
f 3603 3604 3605
f 3597 3606 3599
f 3606 3607 3599
f 3607 3608 3599
f 3599 3608 3600
f 3600 3608 3609
f 3608 3610 3609
f 3610 3611 3609
f 3609 3611 3612
f 3597 3613 3606
f 3613 3614 3606
f 3614 3615 3606
f 3606 3615 3607
f 3607 3615 3616
f 3615 3617 3616
f 3616 3617 3618
f 3613 3619 3614
f 3619 3620 3614
f 3614 3620 3615
f 3615 3620 3617
f 3620 3621 3617
f 3621 3622 3617
f 3622 3623 3617
f 3617 3623 3618
f 3623 3592 3618
f 3618 3592 3624
f 3592 3591 3624
f 3619 3620 3625
f 3620 3621 3625
f 3625 3621 3626
f 3621 3622 3626
f 3626 3622 3594
f 3594 3622 3593
f 3622 3623 3593
f 3593 3623 3592
f 3607 3627 3608
f 3627 3628 3608
f 3608 3628 3610
f 3610 3628 3611
f 3628 3629 3611
f 3629 3630 3611
f 3611 3630 3612
f 3630 3631 3612
f 3627 3628 3632
f 3628 3629 3632
f 3632 3629 3633
f 3629 3630 3633
f 3633 3630 3634
f 3630 3631 3634
f 3631 3635 3634
f 3634 3635 3636
f 3635 3637 3636
f 3636 3637 3638
f 3632 3639 3633
f 3633 3639 3634
f 3634 3639 3636
f 3636 3639 3638
f 3639 3640 3638
f 3640 3605 3638
f 3638 3605 3604
f 3632 3641 3639
f 3641 3640 3639
f 3642 3644 3643
f 3644 3645 3643
f 3643 3645 3646
f 3645 3647 3646
f 3646 3647 3648
f 3647 3649 3648
f 3648 3649 3650
f 3649 3651 3650
f 3650 3651 3652
f 3651 3653 3652
f 3652 3653 3654
f 3653 3655 3654
f 3654 3655 3656
f 3655 3657 3656
f 3656 3657 3642
f 3657 3644 3642
f 3660 3659 3658
f 3658 3659 3661
f 3659 3662 3661
f 3661 3662 3663
f 3663 3662 3664
f 3664 3662 3665
f 3662 3666 3665
f 3665 3666 3667
f 3667 3666 3668
f 3666 3669 3668
f 3668 3669 3660
f 3669 3659 3660
f 3670 3672 3671
f 3672 3673 3671
f 3671 3673 3674
f 3673 3675 3674
f 3674 3675 3676
f 3675 3677 3676
f 3676 3677 3678
f 3677 3679 3678
f 3678 3679 3680
f 3679 3681 3680
f 3680 3681 3682
f 3681 3683 3682
f 3682 3683 3684
f 3683 3685 3684
f 3684 3685 3670
f 3685 3672 3670
f 3688 3687 3686
f 3687 3689 3686
f 3686 3689 3690
f 3689 3691 3690
f 3690 3691 3692
f 3691 3693 3692
f 3692 3693 3694
f 3693 3695 3694
f 3694 3695 3696
f 3695 3697 3696
f 3696 3697 3698
f 3697 3699 3698
f 3698 3699 3700
f 3699 3701 3700
f 3700 3701 3688
f 3701 3687 3688
f 3704 3703 3702
f 3702 3703 3705
f 3705 3703 3706
f 3706 3703 3707
f 3703 3704 3707
f 3704 3708 3707
f 3707 3708 3709
f 3708 3710 3709
f 3702 3705 3711
f 3711 3705 3712
f 3705 3706 3712
f 3711 3712 3713
f 3713 3712 3714
f 3712 3706 3714
f 3714 3706 3715
f 3715 3706 3716
f 3716 3706 3717
f 3717 3706 3718
f 3718 3706 3719
f 3706 3707 3719
f 3714 3715 3720
f 3720 3715 3721
f 3715 3716 3721
f 3721 3716 3722
f 3716 3717 3722
f 3717 3718 3722
f 3722 3718 3723
f 3723 3718 3724
f 3718 3719 3724
f 3723 3724 3725
f 3725 3724 3726
f 3724 3719 3726
f 3725 3726 3727
f 3727 3726 3728
f 3726 3719 3728
f 3727 3728 3729
f 3729 3728 3730
f 3728 3719 3730
f 3729 3730 3731
f 3731 3730 3732
f 3730 3719 3732
f 3732 3719 3733
f 3733 3719 3734
f 3734 3719 3735
f 3735 3719 3709
f 3719 3707 3709
f 3732 3733 3736
f 3736 3733 3737
f 3733 3734 3737
f 3737 3734 3710
f 3734 3735 3710
f 3710 3735 3709
f 3 1 2
f 1 4 2
f 2 4 5
f 4 6 5
f 5 6 7
f 6 8 7
f 7 8 9
f 1 10 4
f 10 11 4
f 4 11 6
f 11 12 6
f 6 12 8
f 12 13 8
f 8 13 9
f 9 13 14
f 13 15 14
f 1 10 16
f 16 10 17
f 10 11 17
f 11 12 17
f 17 12 18
f 12 13 18
f 13 15 18
f 15 19 18
f 18 19 17
f 20 21 22
f 22 21 23
f 21 24 23
f 25 27 26
f 27 28 26
f 26 28 29
f 28 30 29
f 30 31 29
f 29 31 32
f 32 31 33
f 31 34 33
f 33 34 35
f 34 36 35
f 39 38 37
f 37 38 40
f 40 38 41
f 38 42 41
f 37 40 43
f 40 41 43
f 43 41 44
f 37 45 43
f 45 46 43
f 46 47 43
f 43 47 48
f 45 49 46
f 49 50 46
f 46 50 47
f 50 51 47
f 49 50 52
f 52 50 53
f 54 55 56
f 55 57 56
f 56 57 58
f 58 57 59
f 57 60 59
f 59 60 61
f 55 62 57
f 62 63 57
f 57 63 60
f 63 64 60
f 60 64 65
f 65 64 66
f 64 67 66
f 66 67 68
f 67 69 68
f 62 63 70
f 70 63 71
f 71 63 72
f 63 64 72
f 64 67 72
f 72 67 73
f 67 69 73
f 74 70 71
f 71 72 75
f 75 72 76
f 79 77 78
f 78 77 80
f 80 77 81
f 77 82 81
f 85 84 83
f 84 86 83
f 86 87 83
f 83 87 88
f 91 89 90
f 89 92 90
f 92 93 90
f 93 94 90
f 90 94 95
f 92 96 93
f 96 97 93
f 97 98 93
f 98 99 93
f 93 99 94
f 96 100 97
f 100 101 97
f 101 102 97
f 97 102 98
f 102 103 98
f 96 100 104
f 104 100 105
f 105 100 106
f 106 100 107
f 100 101 107
f 104 105 108
f 108 105 109
f 109 105 110
f 110 105 111
f 105 106 111
f 110 112 109
f 115 114 113
f 113 114 116
f 116 114 117
f 114 118 117
f 117 118 119
f 118 120 119
f 119 120 121
f 120 122 121
f 113 116 123
f 116 117 123
f 123 117 124
f 123 113 125
f 126 122 121
f 128 127 117
f 117 127 119
f 119 127 121
f 127 129 121
f 130 132 131
f 131 132 133
f 132 134 133
f 133 134 135
f 134 136 135
f 135 136 137
f 136 138 137
f 131 133 139
f 139 133 140
f 140 133 141
f 133 135 141
f 141 135 142
f 142 135 143
f 135 137 143
f 137 144 143
f 143 144 145
f 140 146 141
f 141 147 142
f 147 148 142
f 148 149 142
f 142 149 143
f 143 149 150
f 150 149 151
f 151 149 152
f 149 148 152
f 153 155 154
f 154 155 156
f 156 155 157
f 155 158 157
f 160 159 161
f 161 159 162
f 162 159 163
f 159 164 163
f 167 166 165
f 166 168 165
f 165 168 169
f 168 170 169
f 169 170 171
f 171 170 172
f 170 173 172
f 172 173 174
f 173 175 174
f 165 169 176
f 176 169 177
f 177 169 178
f 169 171 178
f 178 171 179
f 179 171 180
f 171 172 180
f 181 165 176
f 178 179 182
f 180 172 183
f 183 172 184
f 172 174 184
f 184 174 185
f 185 174 186
f 186 174 187
f 174 175 187
f 188 186 187
f 191 190 189
f 189 190 192
f 192 190 193
f 193 190 194
f 190 195 194
f 194 195 196
f 189 197 192
f 197 198 192
f 192 198 193
f 198 199 193
f 199 200 193
f 200 201 193
f 193 201 194
f 201 202 194
f 197 198 203
f 203 198 204
f 198 199 204
f 199 200 204
f 200 205 204
f 204 205 206
f 205 207 206
f 197 203 208
f 208 203 209
f 203 204 209
f 204 206 209
f 209 206 210
f 206 211 210
f 209 212 208
f 215 214 213
f 214 216 213
f 216 217 213
f 213 217 218
f 218 217 219
f 217 220 219
f 220 221 219
f 219 221 222
f 223 224 225
f 224 226 225
f 225 226 227
f 226 228 227
f 228 229 227
f 227 229 230
f 229 231 230
f 224 226 232
f 232 226 233
f 226 228 233
f 233 228 234
f 228 229 234
f 234 229 235
f 235 229 236
f 229 231 236
f 236 231 237
f 231 238 237
f 237 238 239
f 232 240 233
f 240 234 233
f 240 241 232
f 239 242 237
f 237 242 243
f 242 244 243
f 243 244 245
f 245 244 246
f 244 247 246
f 246 247 248
f 243 237 245
f 237 236 245
f 236 249 245
f 245 249 246
f 249 250 246
f 250 251 246
f 246 251 248
f 251 252 248
f 236 249 253
f 249 250 253
f 253 250 254
f 254 250 255
f 250 251 255
f 236 253 235
f 235 253 256
f 253 254 256
f 256 254 257
f 254 255 257
f 257 255 258
f 256 235 259
f 259 235 260
f 235 234 260
f 262 261 263
f 261 264 263
f 263 264 265
f 264 266 265
f 265 267 263
f 268 270 269
f 269 270 271
f 270 272 271
f 271 272 273
f 273 272 274
f 272 275 274
f 275 276 274
f 274 276 277
f 269 278 271
f 271 278 273
f 278 279 273
f 273 279 274
f 279 280 274
f 280 281 274
f 274 281 277
f 281 282 277
f 269 278 283
f 278 279 283
f 283 279 284
f 284 279 285
f 279 280 285
f 285 280 286
f 286 280 287
f 280 281 287
f 281 288 287
f 287 288 289
f 269 290 283
f 290 291 283
f 291 292 283
f 283 292 284
f 292 293 284
f 284 293 285
f 269 294 290
f 290 294 295
f 294 296 295
f 297 269 294
f 290 291 298
f 298 291 299
f 291 292 299
f 299 292 300
f 292 293 300
f 300 293 301
f 301 293 302
f 302 293 303
f 293 285 303
f 303 285 304
f 304 285 305
f 285 286 305
f 305 286 287
f 302 306 303
f 303 306 304
f 306 307 304
f 304 307 305
f 307 308 305
f 308 309 305
f 305 309 287
f 287 309 289
f 289 309 310
f 309 311 310
f 302 306 312
f 312 306 313
f 306 307 313
f 313 307 314
f 314 307 315
f 307 308 315
f 315 308 316
f 308 309 316
f 309 311 316
f 311 317 316
f 316 317 315
f 313 318 314
f 318 315 314
f 313 318 319
f 320 322 321
f 321 322 323
f 322 324 323
f 323 324 325
f 325 324 326
f 324 327 326
f 321 323 328
f 328 323 329
f 323 325 329
f 329 325 330
f 325 326 330
f 328 329 331
f 329 330 331
f 331 330 332
f 330 333 332
f 333 334 332
f 332 334 335
f 328 336 331
f 336 337 331
f 337 338 331
f 331 338 332
f 338 339 332
f 332 339 335
f 339 340 335
f 335 340 341
f 340 342 341
f 341 342 343
f 337 344 338
f 344 345 338
f 345 346 338
f 338 346 339
f 346 347 339
f 339 347 340
f 340 347 342
f 347 348 342
f 337 344 349
f 349 344 350
f 350 344 351
f 351 344 352
f 344 345 352
f 352 345 353
f 353 345 354
f 345 346 354
f 346 347 354
f 347 348 354
f 354 348 355
f 348 356 355
f 352 353 351
f 355 357 354
f 354 357 353
f 360 358 359
f 358 361 359
f 361 362 359
f 359 362 363
f 361 364 362
f 367 365 366
f 365 368 366
f 368 369 366
f 369 370 366
f 370 371 366
f 371 372 366
f 366 372 373
f 365 374 368
f 374 375 368
f 368 375 369
f 375 376 369
f 369 376 370
f 376 377 370
f 377 378 370
f 378 379 370
f 370 379 371
f 371 379 380
f 379 381 380
f 374 375 382
f 375 376 382
f 382 376 383
f 383 376 384
f 376 377 384
f 384 377 385
f 377 378 385
f 385 378 386
f 386 378 381
f 378 379 381
f 374 382 387
f 387 382 388
f 388 382 389
f 389 382 390
f 382 383 390
f 390 383 391
f 391 383 392
f 383 384 392
f 392 384 393
f 393 384 394
f 394 384 395
f 384 385 395
f 396 389 390
f 392 393 391
f 391 393 397
f 397 393 398
f 398 393 399
f 393 394 399
f 399 394 400
f 394 395 400
f 400 395 401
f 395 385 401
f 391 397 402
f 402 397 403
f 403 397 404
f 404 397 405
f 397 398 405
f 405 398 406
f 398 399 406
f 402 407 391
f 391 407 390
f 406 405 408
f 405 404 408
f 401 385 409
f 409 385 386
f 401 400 410
f 410 400 411
f 400 399 411
f 399 412 411
f 412 413 411
f 411 413 414
f 399 406 412
f 406 413 412
f 371 372 415
f 415 372 416
f 417 418 419
f 418 420 419
f 420 421 419
f 419 421 422
f 421 423 422
f 423 424 422
f 424 425 422
f 422 425 426
f 418 427 420
f 427 428 420
f 420 428 421
f 421 428 423
f 428 429 423
f 429 430 423
f 423 430 424
f 430 431 424
f 431 432 424
f 424 432 425
f 418 433 427
f 433 434 427
f 434 435 427
f 427 435 428
f 428 435 429
f 435 436 429
f 436 437 429
f 429 437 430
f 437 438 430
f 430 438 431
f 438 439 431
f 433 434 440
f 440 434 441
f 441 434 442
f 434 435 442
f 442 435 443
f 435 436 443
f 443 436 444
f 444 436 445
f 445 436 446
f 436 437 446
f 446 437 447
f 437 438 447
f 441 442 448
f 448 442 449
f 442 443 449
f 449 443 450
f 443 444 450
f 450 444 451
f 451 444 452
f 452 444 453
f 444 445 453
f 448 449 454
f 454 449 455
f 449 450 455
f 455 450 456
f 450 451 456
f 456 451 457
f 451 452 457
f 457 452 458
f 458 452 459
f 459 452 460
f 452 453 460
f 460 453 461
f 453 445 461
f 461 445 462
f 445 446 462
f 462 446 447
f 459 458 463
f 464 465 466
f 465 467 466
f 466 467 468
f 467 469 468
f 468 469 470
f 469 471 470
f 470 471 472
f 471 473 472
f 473 474 472
f 472 474 475
f 474 476 475
f 475 476 477
f 476 478 477
f 481 480 479
f 479 480 482
f 482 480 483
f 480 484 483
f 483 484 485
f 484 486 485
f 485 486 487
f 479 488 482
f 488 489 482
f 482 489 483
f 489 490 483
f 483 490 485
f 490 491 485
f 485 491 487
f 487 491 492
f 491 493 492
f 492 493 494
f 479 495 488
f 495 496 488
f 488 496 489
f 496 497 489
f 489 497 490
f 497 498 490
f 498 499 490
f 490 499 491
f 491 499 493
f 499 500 493
f 500 501 493
f 493 501 494
f 495 502 496
f 502 503 496
f 496 503 497
f 503 504 497
f 497 504 498
f 504 505 498
f 505 506 498
f 506 507 498
f 498 507 499
f 507 500 499
f 495 502 508
f 508 502 509
f 509 502 510
f 502 503 510
f 510 503 511
f 503 504 511
f 511 504 512
f 504 505 512
f 512 505 513
f 505 506 513
f 495 508 514
f 511 515 510
f 513 506 516
f 516 506 517
f 506 507 517
f 517 507 518
f 518 507 519
f 507 500 519
f 519 500 520
f 500 501 520
f 516 517 521
f 517 518 521
f 521 518 522
f 522 518 523
f 523 518 524
f 518 519 524
f 524 519 520
f 525 523 522
f 528 526 527
f 527 526 529
f 526 530 529
f 529 530 531
f 530 532 531
f 531 532 533
f 532 534 533
f 533 534 535
f 535 534 536
f 534 537 536
f 536 537 538
f 537 539 538
f 538 539 540
f 541 542 543
f 542 544 543
f 544 545 543
f 545 546 543
f 543 546 541
f 542 547 544
f 547 548 544
f 548 549 544
f 544 549 545
f 549 550 545
f 550 551 545
f 545 551 546
f 546 551 552
f 551 553 552
f 552 553 554
f 547 555 548
f 555 556 548
f 556 557 548
f 557 558 548
f 548 558 549
f 558 559 549
f 549 559 550
f 559 560 550
f 560 561 550
f 550 561 551
f 555 562 556
f 556 562 557
f 562 563 557
f 563 564 557
f 564 565 557
f 557 565 558
f 558 565 559
f 565 566 559
f 559 566 560
f 566 567 560
f 560 567 561
f 555 568 562
f 568 569 562
f 569 570 562
f 562 570 563
f 570 571 563
f 571 572 563
f 572 573 563
f 573 574 563
f 563 574 564
f 570 569 571
f 569 575 571
f 575 576 571
f 576 577 571
f 571 577 572
f 572 577 573
f 577 578 573
f 578 579 573
f 573 579 574
f 579 580 574
f 580 581 574
f 574 581 564
f 575 582 576
f 582 583 576
f 576 583 577
f 583 584 577
f 584 585 577
f 577 585 578
f 585 586 578
f 578 586 579
f 586 587 579
f 579 587 580
f 587 588 580
f 580 588 581
f 582 589 583
f 589 590 583
f 583 590 584
f 590 591 584
f 591 592 584
f 592 593 584
f 584 593 585
f 585 593 586
f 586 593 587
f 593 594 587
f 587 594 588
f 594 595 588
f 595 596 588
f 596 597 588
f 588 597 581
f 591 598 592
f 598 594 592
f 592 594 593
f 591 599 598
f 599 595 598
f 598 595 594
f 599 600 595
f 595 600 596
f 600 601 596
f 596 601 597
f 601 602 597
f 602 603 597
f 603 604 597
f 597 604 581
f 604 605 581
f 581 605 564
f 605 606 564
f 606 566 564
f 564 566 565
f 603 607 604
f 607 608 604
f 604 608 605
f 608 609 605
f 609 610 605
f 605 610 606
f 610 567 606
f 606 567 566
f 607 611 608
f 608 611 609
f 611 612 609
f 612 613 609
f 613 614 609
f 609 614 610
f 610 614 567
f 567 614 561
f 561 614 551
f 614 553 551
f 612 613 553
f 553 613 614
f 553 612 554
f 774 775 776
f 777 778 779
f 778 780 779
f 780 781 779
f 779 781 782
f 781 783 782
f 782 783 784
f 783 785 784
f 788 787 786
f 786 787 789
f 787 790 789
f 789 790 791
f 790 792 791
f 789 793 786
f 794 796 795
f 796 797 795
f 797 798 795
f 795 798 799
f 798 800 799
f 799 800 801
f 804 802 803
f 802 805 803
f 805 806 803
f 803 806 807
f 806 808 807
f 808 809 807
f 807 809 810
f 811 812 813
f 813 812 814
f 814 812 815
f 812 816 815
f 815 816 817
f 816 818 817
f 817 818 819
f 822 820 821
f 820 823 821
f 821 823 824
f 820 825 823
f 823 825 826
f 825 827 826
f 828 830 829
f 829 830 831
f 831 830 832
f 830 833 832
f 832 833 834
f 833 835 834
f 837 836 838
f 836 839 838
f 839 840 838
f 838 840 841
f 840 842 841
f 842 843 841
f 841 843 844
f 845 846 847
f 846 848 847
f 848 849 847
f 847 849 850
f 849 851 850
f 850 851 852
f 846 853 848
f 853 854 848
f 848 854 849
f 854 855 849
f 849 855 851
f 851 855 856
f 855 857 856
f 856 857 858
f 857 859 858
f 858 859 860
f 853 861 854
f 861 862 854
f 854 862 855
f 855 862 857
f 862 863 857
f 857 863 859
f 863 864 859
f 864 865 859
f 859 865 860
f 860 865 866
f 865 867 866
f 861 862 868
f 862 863 868
f 863 864 868
f 868 864 869
f 869 864 870
f 870 864 871
f 864 865 871
f 871 865 872
f 865 867 872
f 867 873 872
f 872 873 874
f 874 873 875
f 873 876 875
f 875 876 877
f 870 878 871
f 878 879 871
f 879 874 871
f 871 874 872
f 878 880 879
f 880 881 879
f 879 881 874
f 874 881 875
f 881 882 875
f 875 882 877
f 877 882 883
f 882 884 883
f 883 884 885
f 884 886 885
f 885 886 887
f 880 888 881
f 888 889 881
f 881 889 882
f 882 889 884
f 889 890 884
f 884 890 886
f 890 891 886
f 891 892 886
f 886 892 887
f 888 893 889
f 889 893 890
f 893 894 890
f 890 894 891
f 894 895 891
f 895 896 891
f 891 896 892
f 897 898 899
f 898 900 899
f 900 901 899
f 899 901 902
f 901 903 902
f 902 903 904
f 903 905 904
f 905 906 904
f 906 907 904
f 904 907 908
f 907 909 908
f 908 909 910
f 909 911 910
f 911 912 910
f 910 912 913
f 912 914 913
f 914 915 913
f 913 915 916
f 916 915 917
f 915 918 917
f 918 919 917
f 917 919 920
f 919 921 920
f 921 922 920
f 920 922 923
f 922 924 923
f 923 924 925
f 924 926 925
f 926 927 925
f 927 928 925
f 925 928 929
f 928 930 929
f 933 932 931
f 932 934 931
f 931 934 935
f 934 936 935
f 935 936 937
f 936 938 937
f 937 938 939
f 942 940 941
f 941 940 943
f 940 944 943
f 943 944 945
f 944 946 945
f 946 947 945
f 945 947 948
f 948 947 949
f 947 950 949
f 949 950 951
f 954 952 953
f 952 955 953
f 955 956 953
f 953 956 957
f 956 958 957
f 957 958 959
f 952 960 955
f 960 961 955
f 961 962 955
f 962 963 955
f 963 964 955
f 955 964 956
f 964 958 956
f 962 965 961
f 964 966 963
f 966 967 963
f 963 967 968
f 967 969 968
f 969 970 968
f 968 970 971
f 970 972 971
f 972 962 971
f 962 963 971
f 971 963 968
f 975 973 974
f 973 976 974
f 976 977 974
f 974 977 978
f 977 976 979
f 976 980 979
f 979 980 981
f 982 983 984
f 983 985 984
f 984 985 986
f 986 985 987
f 985 988 987
f 988 989 987
f 987 989 990
f 992 993 991
f 993 994 991
f 991 994 995
f 995 994 996
f 994 997 996
f 996 997 998
f 993 999 994
f 999 1000 994
f 1000 1001 994
f 994 1001 997
f 1001 1002 997
f 997 1002 1003
f 1002 1004 1003
f 993 999 1005
f 1005 999 1006
f 999 1000 1006
f 1006 1007 1005
f 1000 1001 1008
f 1008 1001 1009
f 1009 1001 1010
f 1001 1002 1010
f 1002 1004 1010
f 1004 1011 1010
f 1010 1011 1009
f 1012 1013 1014
f 1014 1013 1015
f 1013 1016 1015
f 1016 1017 1015
f 1015 1017 1018
f 1017 1019 1018
f 1016 1020 1013
f 1021 1023 1022
f 1023 1024 1022
f 1022 1024 1025
f 1025 1024 1026
f 1024 1027 1026
f 1027 1028 1026
f 1026 1028 1029
f 1031 1032 1030
f 1032 1033 1030
f 1030 1033 1034
f 1034 1033 1035
f 1035 1033 1036
f 1033 1037 1036
f 1036 1037 1038
f 1038 1037 1039
f 1039 1037 1040
f 1037 1041 1040
f 1042 1044 1043
f 1044 1045 1043
f 1043 1045 1046
f 1045 1047 1046
f 1047 1048 1046
f 1046 1048 1049
f 1048 1050 1049
f 1050 1051 1049
f 1049 1051 1052
f 1052 1051 1053
f 1051 1054 1053
f 1052 1053 1055
f 1056 1058 1057
f 1057 1058 1059
f 1058 1060 1059
f 1060 1061 1059
f 1059 1061 1062
f 1061 1063 1062
f 1062 1063 1064
f 1057 1065 1059
f 1065 1066 1059
f 1066 1067 1059
f 1059 1067 1062
f 1062 1067 1068
f 1067 1069 1068
f 1068 1069 1070
f 1070 1069 1071
f 1069 1072 1071
f 1065 1066 1073
f 1073 1066 1074
f 1074 1066 1075
f 1066 1067 1075
f 1075 1067 1076
f 1076 1067 1077
f 1077 1067 1078
f 1067 1069 1078
f 1078 1069 1072
f 1065 1079 1073
f 1079 1080 1073
f 1080 1081 1073
f 1073 1081 1074
f 1081 1082 1074
f 1074 1082 1075
f 1082 1083 1075
f 1083 1084 1075
f 1075 1084 1076
f 1079 1085 1080
f 1085 1086 1080
f 1086 1087 1080
f 1080 1087 1081
f 1087 1088 1081
f 1088 1089 1081
f 1081 1089 1082
f 1089 1090 1082
f 1082 1090 1083
f 1090 1091 1083
f 1085 1092 1079
f 1076 1077 1093
f 1093 1077 1094
f 1097 1095 1096
f 1095 1098 1096
f 1096 1098 1099
f 1098 1100 1099
f 1100 1101 1099
f 1099 1101 1102
f 1101 1103 1102
f 1095 1098 1104
f 1104 1098 1105
f 1098 1100 1105
f 1105 1100 1106
f 1106 1100 1107
f 1107 1100 1108
f 1108 1100 1109
f 1109 1100 1110
f 1100 1101 1110
f 1110 1101 1111
f 1111 1101 1112
f 1101 1103 1112
f 1106 1107 1113
f 1113 1107 1091
f 1091 1107 1114
f 1114 1107 1115
f 1107 1108 1115
f 1114 1116 1091
f 1091 1116 1090
f 1116 1117 1090
f 1117 1118 1090
f 1090 1118 1089
f 1118 1119 1089
f 1089 1119 1111
f 1119 1120 1111
f 1120 1121 1111
f 1111 1121 1110
f 1121 1122 1110
f 1110 1122 1109
f 1089 1088 1111
f 1111 1088 1112
f 1088 1087 1112
f 1087 1086 1112
f 1086 1123 1112
f 1123 1124 1112
f 1112 1124 1103
f 1124 1125 1103
f 1086 1123 1126
f 1126 1123 1124
f 1129 1127 1128
f 1127 1130 1128
f 1130 1131 1128
f 1128 1131 1132
f 1132 1131 1133
f 1131 1134 1133
f 1134 1135 1133
f 1133 1135 1136
f 1127 1137 1130
f 1137 1138 1130
f 1138 1134 1130
f 1130 1134 1131
f 1127 1139 1137
f 1139 1140 1137
f 1137 1140 1138
f 1140 1139 1141
f 1138 1142 1134
f 1134 1142 1135
f 1135 1142 1136
f 1142 1143 1136
f 1144 1146 1145
f 1145 1146 1147
f 1146 1148 1147
f 1148 1149 1147
f 1149 1150 1147
f 1147 1150 1145
f 1145 1150 1151
f 1150 1152 1151
f 1151 1152 1153
f 1154 1155 1156
f 1156 1155 1157
f 1155 1158 1157
f 1157 1158 1159
f 1159 1158 1160
f 1158 1161 1160
f 1160 1161 1162
f 1162 1161 1163
f 1163 1161 1164
f 1161 1165 1164
f 1164 1165 1166
f 1166 1165 1167
f 1167 1165 1168
f 1168 1165 1169
f 1165 1170 1169
f 1161 1165 1171
f 1165 1170 1171
f 1170 1172 1171
f 1171 1172 1161
f 1174 1175 1173
f 1173 1175 1176
f 1175 1177 1176
f 1177 1178 1176
f 1178 1179 1176
f 1176 1179 1180
f 1179 1181 1180
f 1181 1182 1180
f 1182 1183 1180
f 1180 1183 1184
f 1185 1186 1187
f 1186 1188 1187
f 1187 1188 1189
f 1188 1190 1189
f 1190 1191 1189
f 1189 1191 1192
f 1191 1193 1192
f 1193 1194 1192
f 1192 1194 1195
f 1194 1196 1195
f 1195 1196 1197
f 1196 1194 1198
f 1199 1200 1201
f 1200 1202 1201
f 1201 1202 1203
f 1202 1204 1203
f 1204 1205 1203
f 1203 1205 1206
f 1200 1207 1202
f 1207 1208 1202
f 1208 1209 1202
f 1209 1210 1202
f 1202 1210 1204
f 1210 1211 1204
f 1211 1212 1204
f 1204 1212 1205
f 1212 1213 1205
f 1213 1214 1205
f 1205 1214 1206
f 1208 1215 1209
f 1215 1216 1209
f 1209 1210 1217
f 1217 1210 1218
f 1218 1210 1219
f 1219 1210 1220
f 1220 1210 1221
f 1210 1211 1221
f 1217 1218 1222
f 1222 1218 1223
f 1223 1218 1224
f 1218 1219 1224
f 1221 1211 1225
f 1225 1211 1226
f 1226 1211 1227
f 1211 1212 1227
f 1212 1213 1227
f 1227 1213 1228
f 1228 1213 1229
f 1229 1213 1230
f 1213 1214 1230
f 1226 1227 1231
f 1227 1228 1231
f 1231 1228 1232
f 1232 1228 1233
f 1233 1228 1234
f 1228 1229 1234
f 1234 1229 1235
f 1229 1230 1235
f 1235 1230 1236
f 1230 1214 1236
f 1226 1231 1237
f 1237 1231 1238
f 1238 1231 1239
f 1231 1232 1239
f 1238 1240 1237
f 1237 1240 1241
f 1240 1242 1241
f 1242 1243 1241
f 1241 1243 1244
f 1243 1245 1244
f 1244 1245 1246
f 1245 1247 1246
f 1237 1241 1248
f 1248 1241 1249
f 1241 1244 1249
f 1249 1244 1250
f 1250 1244 1251
f 1251 1244 1252
f 1252 1244 1253
f 1244 1246 1253
f 1253 1246 1234
f 1234 1246 1254
f 1246 1247 1254
f 1250 1251 1255
f 1255 1251 1256
f 1256 1251 1257
f 1251 1252 1257
f 1257 1258 1256
f 1254 1259 1234
f 1234 1259 1233
f 1234 1253 1235
f 1253 1260 1235
f 1260 1261 1235
f 1261 1262 1235
f 1235 1262 1236
f 1236 1262 1263
f 1262 1261 1263
f 1260 1264 1253
f 1253 1264 1252
f 1265 1261 1260
f 1236 1266 1214
f 1214 1266 1206
f 1266 1267 1206
f 1221 1268 1220
f 1220 1268 1269
f 1272 1270 1271
f 1270 1273 1271
f 1273 1274 1271
f 1271 1274 1275
f 1274 1276 1275
f 1275 1276 1277
f 1270 1278 1273
f 1278 1279 1273
f 1279 1280 1273
f 1273 1280 1274
f 1280 1276 1274
f 1270 1278 1281
f 1281 1278 1282
f 1278 1279 1282
f 1282 1279 1283
f 1283 1279 1284
f 1279 1280 1284
f 1282 1283 1285
f 1283 1284 1285
f 1285 1284 1286
f 1287 1288 1289
f 1288 1290 1289
f 1290 1291 1289
f 1289 1291 1292
f 1291 1293 1292
f 1292 1293 1294
f 1288 1295 1290
f 1295 1296 1290
f 1290 1296 1291
f 1297 1298 1299
f 1298 1300 1299
f 1299 1300 1301
f 1300 1302 1301
f 1302 1303 1301
f 1301 1303 1304
f 1303 1305 1304
f 1305 1306 1304
f 1306 1307 1304
f 1307 1308 1304
f 1308 1309 1304
f 1304 1309 1310
f 1310 1309 1311
f 1309 1308 1311
f 1311 1308 1312
f 1312 1308 1313
f 1308 1314 1313
f 1307 1308 1315
f 1315 1308 1314
f 1318 1316 1317
f 1316 1319 1317
f 1319 1320 1317
f 1317 1320 1321
f 1320 1322 1321
f 1322 1323 1321
f 1321 1323 1324
f 1323 1325 1324
f 1325 1326 1324
f 1326 1327 1324
f 1324 1327 1328
f 1327 1329 1328
f 1328 1329 1330
f 1329 1331 1330
f 1331 1332 1330
f 1330 1332 1333
f 1332 1334 1333
f 1333 1334 1335
f 1336 1337 1338
f 1338 1337 1339
f 1339 1337 1340
f 1337 1341 1340
f 1340 1341 1342
f 1342 1341 1343
f 1341 1344 1343
f 1343 1344 1345
f 1345 1344 1346
f 1346 1344 1347
f 1344 1348 1347
f 1347 1348 1349
f 1348 1350 1349
f 1349 1350 1351
f 1351 1350 1352
f 1350 1353 1352
f 1352 1353 1354
f 1353 1355 1354
f 1356 1358 1357
f 1358 1359 1357
f 1357 1359 1360
f 1360 1359 1361
f 1359 1362 1361
f 1362 1363 1361
f 1361 1363 1364
f 1363 1365 1364
f 1360 1366 1357
f 1357 1366 1367
f 1366 1368 1367
f 1367 1368 1369
f 1368 1370 1369
f 1369 1370 1371
f 1371 1370 1372
f 1370 1373 1372
f 1372 1373 1374
f 1373 1375 1374
f 1374 1375 1365
f 1375 1364 1365
f 1378 1377 1376
f 1377 1379 1376
f 1376 1379 1380
f 1379 1381 1380
f 1381 1382 1380
f 1380 1382 1383
f 1382 1384 1383
f 1383 1384 1385
f 1376 1386 1380
f 1386 1387 1380
f 1387 1388 1380
f 1380 1388 1383
f 1388 1389 1383
f 1389 1390 1383
f 1383 1390 1385
f 1390 1391 1385
f 1376 1386 1392
f 1392 1386 1393
f 1393 1386 1394
f 1394 1386 1395
f 1386 1387 1395
f 1395 1387 1396
f 1396 1387 1397
f 1397 1387 1398
f 1387 1388 1398
f 1393 1394 1399
f 1399 1394 1400
f 1400 1394 1401
f 1394 1395 1401
f 1401 1395 1402
f 1395 1396 1402
f 1396 1403 1402
f 1402 1403 1404
f 1403 1405 1404
f 1404 1405 1406
f 1405 1407 1406
f 1400 1401 1408
f 1408 1401 1409
f 1401 1402 1409
f 1402 1404 1409
f 1409 1404 1410
f 1404 1406 1410
f 1410 1406 1411
f 1411 1406 1412
f 1412 1406 1413
f 1406 1407 1413
f 1408 1409 1414
f 1409 1410 1414
f 1414 1410 1415
f 1410 1411 1415
f 1415 1411 1391
f 1391 1411 1416
f 1411 1412 1416
f 1416 1412 1390
f 1390 1412 1389
f 1389 1412 1417
f 1412 1413 1417
f 1416 1390 1391
f 1389 1417 1388
f 1388 1417 1398
f 1420 1418 1419
f 1418 1421 1419
f 1421 1422 1419
f 1422 1423 1419
f 1419 1423 1424
f 1423 1425 1424
f 1424 1425 1426
f 1425 1427 1426
f 1426 1427 1428
f 1422 1421 1429
f 1421 1430 1429
f 1430 1431 1429
f 1429 1431 1432
f 1431 1433 1432
f 1432 1433 1434
f 1433 1435 1434
f 1434 1435 1436
f 1435 1437 1436
f 1436 1437 1427
f 1437 1428 1427
f 1438 1440 1439
f 1439 1440 1441
f 1441 1440 1442
f 1442 1440 1443
f 1440 1444 1443
f 1444 1445 1443
f 1443 1445 1446
f 1445 1447 1446
f 1446 1447 1448
f 1441 1449 1442
f 1449 1450 1442
f 1450 1451 1442
f 1451 1452 1442
f 1452 1453 1442
f 1442 1453 1443
f 1453 1454 1443
f 1443 1454 1446
f 1454 1455 1446
f 1446 1455 1448
f 1455 1456 1448
f 1450 1451 1457
f 1457 1451 1458
f 1458 1451 1459
f 1459 1451 1460
f 1451 1452 1460
f 1460 1452 1461
f 1461 1452 1462
f 1452 1453 1462
f 1462 1453 1463
f 1463 1453 1464
f 1453 1454 1464
f 1458 1459 1465
f 1465 1459 1466
f 1466 1459 1467
f 1459 1460 1467
f 1460 1461 1467
f 1461 1468 1467
f 1467 1468 1469
f 1468 1470 1469
f 1469 1470 1471
f 1465 1472 1466
f 1466 1472 1467
f 1467 1472 1469
f 1472 1473 1469
f 1473 1474 1469
f 1469 1474 1471
f 1471 1474 1475
f 1474 1476 1475
f 1475 1476 1464
f 1476 1454 1464
f 1465 1472 1477
f 1472 1473 1477
f 1477 1473 1478
f 1478 1473 1479
f 1473 1474 1479
f 1474 1476 1479
f 1479 1476 1455
f 1476 1454 1455
f 1478 1479 1456
f 1456 1479 1455
f 1480 1481 1482
f 1481 1483 1482
f 1483 1484 1482
f 1482 1484 1485
f 1484 1486 1485
f 1485 1486 1487
f 1486 1488 1487
f 1491 1490 1489
f 1489 1490 1492
f 1490 1493 1492
f 1492 1493 1494
f 1493 1495 1494
f 1495 1496 1494
f 1494 1496 1497
f 1500 1498 1499
f 1498 1501 1499
f 1499 1501 1502
f 1501 1503 1502
f 1504 1506 1505
f 1505 1506 1507
f 1506 1508 1507
f 1507 1508 1509
f 1508 1510 1509
f 1509 1510 1511
f 1510 1512 1511
f 1505 1507 1513
f 1507 1509 1513
f 1513 1509 1514
f 1509 1511 1514
f 1514 1511 1515
f 1515 1511 1516
f 1511 1512 1516
f 1512 1517 1516
f 1516 1517 1518
f 1517 1519 1518
f 1505 1513 1520
f 1520 1513 1521
f 1521 1513 1522
f 1513 1514 1522
f 1522 1514 1523
f 1514 1515 1523
f 1523 1515 1524
f 1524 1515 1525
f 1515 1516 1525
f 1525 1516 1526
f 1516 1518 1526
f 1521 1527 1520
f 1524 1525 1528
f 1525 1526 1528
f 1528 1526 1529
f 1529 1526 1530
f 1526 1518 1530
f 1530 1518 1531
f 1531 1518 1532
f 1518 1519 1532
f 1532 1519 1533
f 1519 1534 1533
f 1529 1530 1535
f 1530 1531 1535
f 1535 1531 1536
f 1536 1531 1537
f 1531 1532 1537
f 1537 1532 1538
f 1538 1532 1539
f 1532 1533 1539
f 1539 1533 1540
f 1540 1533 1541
f 1541 1533 1542
f 1533 1534 1542
f 1542 1534 1543
f 1536 1544 1537
f 1544 1538 1537
f 1544 1545 1536
f 1536 1545 1546
f 1546 1545 1540
f 1545 1539 1540
f 1540 1541 1546
f 1546 1541 1547
f 1547 1541 1548
f 1541 1542 1548
f 1548 1542 1549
f 1549 1542 1550
f 1542 1543 1550
f 1543 1551 1550
f 1550 1551 1552
f 1551 1553 1552
f 1547 1548 1554
f 1548 1549 1554
f 1554 1549 1555
f 1555 1549 1556
f 1549 1550 1556
f 1556 1550 1557
f 1550 1552 1557
f 1557 1552 1558
f 1552 1553 1558
f 1553 1559 1558
f 1558 1559 1560
f 1559 1561 1560
f 1555 1556 1562
f 1556 1557 1562
f 1562 1557 1563
f 1563 1557 1564
f 1557 1558 1564
f 1564 1558 1565
f 1558 1560 1565
f 1565 1560 1566
f 1566 1560 1567
f 1560 1561 1567
f 1567 1561 1568
f 1563 1569 1564
f 1564 1569 1565
f 1569 1570 1565
f 1565 1570 1566
f 1570 1571 1566
f 1574 1573 1572
f 1572 1573 1575
f 1575 1573 1576
f 1573 1577 1576
f 1576 1577 1578
f 1575 1579 1576
f 1579 1580 1576
f 1576 1580 1581
f 1575 1582 1579
f 1582 1580 1579
f 1583 1585 1584
f 1585 1586 1584
f 1584 1586 1587
f 1586 1588 1587
f 1587 1588 1589
f 1588 1590 1589
f 1590 1591 1589
f 1589 1591 1592
f 1591 1593 1592
f 1593 1594 1592
f 1592 1594 1595
f 1594 1596 1595
f 1595 1596 1597
f 1596 1598 1597
f 1598 1599 1597
f 1597 1599 1600
f 1599 1601 1600
f 1600 1601 1602
f 1601 1603 1602
f 1603 1604 1602
f 1604 1605 1602
f 1602 1605 1606
f 1606 1605 1607
f 1605 1608 1607
f 1608 1609 1607
f 1607 1609 1610
f 1611 1612 1613
f 1612 1614 1613
f 1613 1614 1615
f 1614 1616 1615
f 1615 1616 1617
f 1616 1618 1617
f 1617 1618 1619
f 1612 1620 1614
f 1614 1620 1616
f 1620 1621 1616
f 1621 1622 1616
f 1622 1623 1616
f 1623 1624 1616
f 1616 1624 1618
f 1624 1625 1618
f 1618 1625 1619
f 1612 1626 1620
f 1626 1627 1620
f 1620 1627 1621
f 1627 1628 1621
f 1628 1629 1621
f 1621 1629 1622
f 1622 1629 1623
f 1629 1630 1623
f 1630 1631 1623
f 1623 1631 1624
f 1627 1626 1632
f 1633 1634 1635
f 1634 1636 1635
f 1635 1636 1631
f 1631 1636 1624
f 1636 1637 1624
f 1637 1638 1624
f 1624 1638 1625
f 1625 1638 1619
f 1638 1639 1619
f 1636 1637 1634
f 1634 1637 1640
f 1640 1637 1641
f 1641 1637 1639
f 1637 1638 1639
f 1641 1642 1640
f 1643 1645 1644
f 1645 1646 1644
f 1644 1646 1647
f 1646 1648 1647
f 1647 1648 1649
f 1648 1650 1649
f 1653 1652 1651
f 1651 1652 1654
f 1652 1655 1654
f 1654 1655 1656
f 1655 1657 1656
f 1657 1658 1656
f 1656 1658 1659
f 1658 1660 1659
f 1651 1654 1661
f 1654 1656 1661
f 1661 1656 1662
f 1656 1659 1662
f 1662 1659 1663
f 1663 1659 1664
f 1659 1660 1664
f 1651 1661 1665
f 1665 1661 1663
f 1661 1662 1663
f 1665 1663 1666
f 1663 1664 1666
f 1664 1667 1666
f 1667 1668 1666
f 1668 1669 1666
f 1666 1669 1670
f 1669 1671 1670
f 1666 1670 1665
f 1674 1673 1672
f 1672 1673 1675
f 1673 1676 1675
f 1675 1676 1677
f 1676 1678 1677
f 1677 1678 1679
f 1679 1678 1680
f 1678 1681 1680
f 1672 1675 1682
f 1682 1675 1683
f 1675 1677 1683
f 1677 1679 1683
f 1683 1679 1684
f 1679 1680 1684
f 1684 1680 1685
f 1685 1680 1686
f 1686 1680 1687
f 1680 1688 1687
f 1682 1683 1689
f 1689 1683 1690
f 1690 1683 1691
f 1691 1683 1692
f 1683 1684 1692
f 1692 1684 1693
f 1684 1685 1693
f 1693 1685 1694
f 1694 1685 1695
f 1685 1686 1695
f 1689 1690 1696
f 1696 1690 1697
f 1690 1691 1697
f 1697 1691 1698
f 1698 1691 1699
f 1691 1692 1699
f 1699 1692 1700
f 1700 1692 1701
f 1692 1693 1701
f 1701 1693 1694
f 1696 1702 1697
f 1702 1703 1697
f 1697 1703 1698
f 1703 1704 1698
f 1704 1705 1698
f 1705 1706 1698
f 1698 1706 1699
f 1706 1707 1699
f 1707 1708 1699
f 1708 1709 1699
f 1699 1709 1700
f 1709 1710 1700
f 1710 1711 1700
f 1700 1711 1701
f 1705 1712 1706
f 1706 1712 1707
f 1712 1713 1707
f 1713 1714 1707
f 1714 1715 1707
f 1707 1715 1708
f 1708 1715 1709
f 1715 1716 1709
f 1716 1717 1709
f 1717 1718 1709
f 1709 1718 1710
f 1713 1719 1714
f 1719 1720 1714
f 1714 1720 1715
f 1720 1721 1715
f 1715 1721 1716
f 1721 1722 1716
f 1716 1722 1717
f 1722 1723 1717
f 1723 1724 1717
f 1717 1724 1718
f 1725 1719 1713
f 1724 1726 1718
f 1718 1726 1710
f 1726 1727 1710
f 1727 1728 1710
f 1710 1728 1711
f 1711 1728 1701
f 1701 1728 1694
f 1728 1729 1694
f 1694 1729 1695
f 1727 1730 1728
f 1730 1731 1728
f 1728 1731 1732
f 1729 1728 1733
f 1728 1734 1733
f 1733 1734 1735
f 1734 1736 1735
f 1735 1736 1737
f 1736 1738 1737
f 1737 1738 1739
f 1738 1688 1739
f 1739 1688 1687
f 1723 1722 1740
f 1740 1722 1741
f 1722 1721 1741
f 1680 1681 1742
f 1742 1681 1743
f 1746 1744 1745
f 1745 1744 1747
f 1744 1748 1747
f 1747 1748 1749
f 1750 1751 1752
f 1751 1753 1752
f 1752 1753 1754
f 1753 1755 1754
f 1755 1756 1754
f 1754 1756 1757
f 1758 1759 1760
f 1760 1759 1761
f 1761 1759 1762
f 1759 1763 1762
f 1762 1763 1764
f 1763 1765 1764
f 1764 1765 1766
f 1769 1767 1768
f 1768 1767 1770
f 1767 1771 1770
f 1770 1771 1772
f 1771 1773 1772
f 1773 1774 1772
f 1772 1774 1775
f 1778 1776 1777
f 1777 1776 1779
f 1776 1780 1779
f 1779 1780 1781
f 1784 1782 1783
f 1782 1785 1783
f 1785 1786 1783
f 1783 1786 1787
f 1786 1788 1787
f 1787 1788 1789
f 1782 1790 1785
f 1790 1791 1785
f 1785 1791 1786
f 1791 1792 1786
f 1792 1793 1786
f 1786 1793 1788
f 1790 1794 1791
f 1794 1795 1791
f 1791 1795 1792
f 1795 1796 1792
f 1796 1797 1792
f 1792 1797 1793
f 1794 1798 1795
f 1798 1799 1795
f 1795 1799 1796
f 1799 1800 1796
f 1800 1801 1796
f 1796 1801 1797
f 1798 1802 1799
f 1802 1803 1799
f 1803 1804 1799
f 1799 1804 1800
f 1804 1805 1800
f 1800 1805 1801
f 1802 1806 1803
f 1806 1807 1803
f 1807 1808 1803
f 1808 1809 1803
f 1803 1809 1804
f 1809 1810 1804
f 1804 1810 1805
f 1806 1811 1807
f 1811 1812 1807
f 1812 1813 1807
f 1813 1814 1807
f 1807 1814 1808
f 1814 1815 1808
f 1815 1816 1808
f 1808 1816 1809
f 1816 1810 1809
f 1806 1811 1817
f 1817 1811 1818
f 1818 1811 1819
f 1819 1811 1820
f 1811 1812 1820
f 1812 1821 1820
f 1820 1821 1822
f 1822 1821 1815
f 1821 1823 1815
f 1817 1818 1824
f 1824 1818 1825
f 1825 1818 1826
f 1826 1818 1827
f 1818 1819 1827
f 1827 1819 1828
f 1828 1819 1822
f 1819 1820 1822
f 1824 1825 1829
f 1829 1825 1830
f 1830 1825 1831
f 1831 1825 1832
f 1825 1826 1832
f 1832 1826 1833
f 1833 1826 1834
f 1826 1827 1834
f 1834 1827 1828
f 1829 1835 1830
f 1835 1836 1830
f 1830 1836 1831
f 1836 1837 1831
f 1837 1838 1831
f 1838 1839 1831
f 1831 1839 1832
f 1839 1833 1832
f 1835 1836 1840
f 1840 1836 1841
f 1841 1836 1842
f 1836 1837 1842
f 1842 1837 1843
f 1837 1838 1843
f 1840 1841 1844
f 1844 1841 1845
f 1845 1841 1846
f 1841 1842 1846
f 1846 1842 1847
f 1842 1843 1847
f 1845 1848 1844
f 1847 1849 1846
f 1815 1823 1814
f 1814 1823 1813
f 1852 1850 1851
f 1851 1850 1853
f 1850 1854 1853
f 1854 1855 1853
f 1853 1855 1856
f 1856 1855 1857
f 1855 1854 1857
f 1857 1854 1858
f 1850 1859 1854
f 1859 1860 1854
f 1863 1862 1861
f 1861 1862 1864
f 1862 1865 1864
f 1864 1865 1866
f 1865 1867 1866
f 1866 1867 1868
f 1868 1867 1869
f 1867 1870 1869
f 1869 1870 1871
f 1871 1870 1872
f 1870 1873 1872
f 1872 1873 1874
f 1873 1875 1874
f 1874 1875 1876
f 1876 1875 1877
f 1875 1878 1877
f 1877 1878 1879
f 1878 1880 1879
f 1879 1880 1881
f 1881 1880 1882
f 1882 1880 1883
f 1880 1884 1883
f 1884 1885 1883
f 1883 1885 1886
f 1886 1885 1887
f 1885 1888 1887
f 1889 1891 1890
f 1890 1891 1892
f 1892 1891 1893
f 1891 1894 1893
f 1893 1894 1895
f 1894 1896 1895
f 1890 1892 1897
f 1897 1892 1898
f 1892 1893 1898
f 1898 1893 1899
f 1893 1895 1899
f 1895 1900 1899
f 1900 1901 1899
f 1899 1901 1902
f 1902 1901 1903
f 1901 1904 1903
f 1897 1898 1905
f 1905 1898 1906
f 1906 1898 1907
f 1907 1898 1903
f 1903 1898 1902
f 1898 1899 1902
f 1905 1906 1908
f 1908 1906 1909
f 1906 1907 1909
f 1909 1907 1910
f 1910 1907 1911
f 1911 1907 1912
f 1912 1907 1913
f 1907 1903 1913
f 1913 1903 1904
f 1909 1908 1910
f 1908 1914 1910
f 1910 1914 1911
f 1914 1915 1911
f 1915 1916 1911
f 1916 1917 1911
f 1911 1917 1912
f 1917 1918 1912
f 1912 1918 1913
f 1916 1915 1919
f 1918 1917 1920
f 1921 1922 1923
f 1922 1924 1923
f 1923 1924 1925
f 1924 1926 1925
f 1925 1926 1927
f 1926 1928 1927
f 1931 1930 1929
f 1929 1930 1932
f 1932 1930 1933
f 1930 1934 1933
f 1933 1934 1935
f 1935 1934 1936
f 1934 1937 1936
f 1929 1932 1938
f 1938 1932 1939
f 1932 1933 1939
f 1939 1933 1940
f 1933 1935 1940
f 1940 1935 1941
f 1941 1935 1942
f 1935 1936 1942
f 1938 1939 1943
f 1943 1939 1944
f 1944 1939 1941
f 1939 1940 1941
f 1944 1941 1945
f 1945 1941 1942
f 1942 1946 1936
f 1946 1947 1936
f 1947 1948 1936
f 1936 1948 1937
f 1948 1949 1937
f 1952 1951 1950
f 1950 1951 1953
f 1951 1954 1953
f 1953 1954 1955
f 1954 1956 1955
f 1955 1956 1957
f 1956 1958 1957
f 1950 1953 1959
f 1959 1953 1960
f 1953 1955 1960
f 1960 1955 1961
f 1961 1955 1962
f 1962 1955 1963
f 1963 1955 1964
f 1955 1957 1964
f 1964 1957 1965
f 1957 1958 1965
f 1965 1958 1966
f 1959 1967 1960
f 1960 1967 1961
f 1967 1968 1961
f 1961 1968 1962
f 1968 1969 1962
f 1969 1970 1962
f 1962 1970 1963
f 1970 1971 1963
f 1971 1972 1963
f 1972 1973 1963
f 1963 1973 1964
f 1967 1974 1968
f 1968 1974 1975
f 1974 1976 1975
f 1966 1977 1965
f 1965 1977 1978
f 1977 1979 1978
f 1979 1980 1978
f 1978 1980 1981
f 1980 1982 1981
f 1981 1982 1983
f 1982 1984 1983
f 1965 1978 1964
f 1964 1978 1973
f 1978 1981 1973
f 1981 1983 1973
f 1973 1983 1985
f 1985 1983 1986
f 1986 1983 1987
f 1983 1984 1987
f 1987 1984 1988
f 1984 1989 1988
f 1973 1985 1990
f 1985 1986 1990
f 1990 1986 1991
f 1991 1986 1992
f 1992 1986 1993
f 1986 1987 1993
f 1993 1987 1988
f 1973 1972 1990
f 1972 1994 1990
f 1994 1995 1990
f 1995 1996 1990
f 1990 1996 1991
f 1996 1997 1991
f 1991 1997 1992
f 1992 1997 1998
f 1998 1997 1999
f 1997 2000 1999
f 1972 1994 2001
f 2001 1994 2002
f 2002 1994 2003
f 2003 1994 2004
f 1994 1995 2004
f 2004 1995 2005
f 1995 1996 2005
f 2005 1996 2000
f 1996 1997 2000
f 1972 2001 1971
f 2001 2002 1971
f 1971 2002 2006
f 2006 2002 2007
f 2007 2002 2008
f 2002 2009 2008
f 2008 2009 2010
f 2009 2011 2010
f 1971 2006 1970
f 1970 2006 1969
f 1969 2006 2012
f 2006 2007 2012
f 2012 2013 1969
f 1969 2013 1968
f 2013 2014 1968
f 1968 2014 2015
f 2014 2016 2015
f 2015 2016 2017
f 2016 2018 2017
f 2017 2018 2011
f 2018 2010 2011
f 2003 2019 2002
f 2019 2020 2002
f 2002 2020 2021
f 2022 2023 2024
f 2023 2025 2024
f 2024 2025 2026
f 2025 2027 2026
f 2028 2030 2029
f 2030 2031 2029
f 2029 2031 2032
f 2031 2033 2032
f 2033 2034 2032
f 2032 2034 2035
f 2036 2037 2038
f 2037 2039 2038
f 2042 2041 2040
f 2041 2043 2040
f 2043 2044 2040
f 2040 2044 2045
f 2048 2046 2047
f 2046 2049 2047
f 2049 2050 2047
f 2050 2051 2047
f 2047 2051 2052
f 2053 2054 2055
f 2054 2056 2055
f 2055 2056 2057
f 2059 2060 2058
f 2058 2060 2061
f 2060 2062 2061
f 2061 2062 2063
f 2063 2062 2064
f 2062 2065 2064
f 2066 2068 2067
f 2067 2068 2069
f 2071 2072 2070
f 2072 2073 2070
f 2073 2074 2070
f 2070 2074 2075
f 2076 2077 2078
f 2078 2077 2079
f 2079 2077 2080
f 2080 2077 2081
f 2077 2082 2081
f 2083 2085 2084
f 2085 2086 2084
f 2084 2086 2087
f 2090 2088 2089
f 2088 2091 2089
f 2089 2091 2092
f 2091 2093 2092
f 2093 2094 2092
f 2092 2094 2095
f 2096 2097 2098
f 2097 2099 2098
f 2098 2099 2100
f 2099 2101 2100
f 2100 2101 2102
f 2101 2103 2102
f 2104 2106 2105
f 2106 2107 2105
f 2105 2107 2108
f 2107 2109 2108
f 2108 2109 2110
f 2109 2111 2110
f 2113 2112 2114
f 2114 2112 2115
f 2115 2112 2116
f 2112 2117 2116
f 2116 2117 2118
f 2118 2117 2119
f 2117 2120 2119
f 2119 2120 2121
f 2115 2114 2122
f 2121 2119 2123
f 2119 2124 2123
f 2123 2124 2125
f 2124 2119 2126
f 2119 2127 2126
f 2126 2127 2128
f 2119 2118 2127
f 2118 2116 2129
f 2129 2116 2130
f 2116 2115 2130
f 2131 2133 2132
f 2133 2134 2132
f 2132 2134 2135
f 2134 2136 2135
f 2135 2136 2137
f 2137 2136 2138
f 2136 2139 2138
f 2132 2135 2140
f 2140 2135 2141
f 2135 2137 2141
f 2141 2137 2142
f 2142 2137 2143
f 2137 2138 2143
f 2143 2138 2144
f 2144 2138 2145
f 2138 2139 2145
f 2145 2139 2146
f 2139 2147 2146
f 2140 2141 2148
f 2148 2141 2149
f 2141 2142 2149
f 2149 2142 2150
f 2142 2143 2150
f 2150 2143 2151
f 2143 2144 2151
f 2151 2144 2152
f 2144 2145 2152
f 2152 2145 2153
f 2153 2145 2154
f 2154 2145 2155
f 2145 2146 2155
f 2149 2150 2156
f 2156 2150 2157
f 2157 2150 2158
f 2150 2151 2158
f 2158 2151 2159
f 2159 2151 2160
f 2151 2152 2160
f 2160 2152 2161
f 2161 2152 2162
f 2152 2153 2162
f 2157 2158 2163
f 2158 2159 2163
f 2163 2159 2164
f 2164 2159 2165
f 2159 2160 2165
f 2165 2160 2166
f 2166 2160 2167
f 2167 2160 2168
f 2160 2161 2168
f 2168 2161 2169
f 2161 2162 2169
f 2164 2165 2170
f 2170 2165 2171
f 2165 2166 2171
f 2171 2166 2172
f 2172 2166 2173
f 2166 2167 2173
f 2173 2167 2174
f 2174 2167 2175
f 2167 2168 2175
f 2170 2171 2172
f 2173 2176 2172
f 2175 2168 2177
f 2177 2168 2178
f 2168 2169 2178
f 2178 2169 2179
f 2169 2162 2179
f 2179 2162 2180
f 2162 2153 2180
f 2180 2153 2181
f 2153 2154 2181
f 2177 2178 2182
f 2182 2178 2183
f 2183 2178 2184
f 2178 2179 2184
f 2184 2179 2185
f 2179 2180 2185
f 2180 2181 2185
f 2185 2181 2186
f 2186 2181 2187
f 2187 2181 2188
f 2188 2181 2189
f 2181 2154 2189
f 2189 2154 2155
f 2183 2190 2184
f 2184 2190 2185
f 2190 2191 2185
f 2185 2191 2186
f 2191 2192 2186
f 2186 2192 2187
f 2192 2193 2187
f 2193 2194 2187
f 2187 2194 2188
f 2194 2195 2188
f 2188 2195 2189
f 2195 2196 2189
f 2196 2197 2189
f 2189 2197 2155
f 2197 2146 2155
f 2191 2192 2198
f 2198 2192 2199
f 2192 2193 2199
f 2197 2146 2200
f 2200 2146 2147
f 2203 2201 2202
f 2201 2204 2202
f 2202 2204 2205
f 2205 2204 2206
f 2204 2207 2206
f 2207 2208 2206
f 2206 2208 2209
f 2204 2201 2207
f 2201 2210 2207
f 2210 2211 2207
f 2207 2211 2208
f 2211 2212 2208
f 2212 2213 2208
f 2208 2213 2209
f 2209 2213 2214
f 2213 2215 2214
f 2214 2215 2216
f 2210 2217 2211
f 2217 2218 2211
f 2211 2218 2212
f 2218 2219 2212
f 2219 2220 2212
f 2212 2220 2213
f 2213 2220 2215
f 2215 2220 2221
f 2220 2222 2221
f 2217 2218 2223
f 2223 2218 2224
f 2224 2218 2225
f 2225 2218 2226
f 2218 2219 2226
f 2226 2219 2222
f 2219 2220 2222
f 2217 2223 2227
f 2227 2223 2228
f 2223 2224 2228
f 2228 2224 2229
f 2229 2224 2230
f 2230 2224 2231
f 2224 2225 2231
f 2231 2225 2232
f 2225 2226 2232
f 2232 2226 2222
f 2227 2233 2228
f 2233 2234 2228
f 2228 2234 2229
f 2234 2235 2229
f 2233 2234 2236
f 2236 2234 2237
f 2238 2239 2240
f 2239 2241 2240
f 2240 2241 2242
f 2241 2243 2242
f 2242 2243 2244
f 2243 2245 2244
f 2244 2245 2246
f 2239 2245 2241
f 2245 2243 2241
f 2239 2245 2247
f 2245 2246 2247
f 2247 2246 2248
f 2248 2246 2249
f 2249 2246 2250
f 2246 2251 2250
f 2239 2247 2252
f 2252 2247 2253
f 2247 2248 2253
f 2253 2248 2254
f 2254 2248 2255
f 2255 2248 2256
f 2248 2249 2256
f 2249 2257 2256
f 2256 2257 2258
f 2239 2259 2252
f 2259 2260 2252
f 2252 2260 2253
f 2260 2254 2253
f 2255 2256 2261
f 2261 2256 2262
f 2262 2256 2263
f 2256 2258 2263
f 2258 2264 2263
f 2264 2265 2263
f 2263 2265 2262
f 2266 2267 2268
f 2268 2267 2269
f 2267 2270 2269
f 2269 2270 2271
f 2270 2272 2271
f 2275 2274 2273
f 2274 2276 2273
f 2273 2276 2277
f 2276 2278 2277
f 2277 2278 2279
f 2278 2280 2279
f 2279 2280 2281
f 2280 2282 2281
f 2273 2277 2283
f 2283 2277 2284
f 2284 2277 2285
f 2277 2279 2285
f 2285 2279 2286
f 2286 2279 2287
f 2279 2281 2287
f 2284 2285 2288
f 2285 2286 2288
f 2288 2286 2289
f 2286 2287 2289
f 2281 2282 2290
f 2290 2282 2291
f 2282 2292 2291
f 2291 2292 2293
f 2293 2292 2294
f 2292 2295 2294
f 2298 2297 2296
f 2296 2297 2299
f 2297 2300 2299
f 2300 2301 2299
f 2301 2302 2299
f 2302 2303 2299
f 2299 2303 2296
f 2304 2305 2306
f 2305 2307 2306
f 2306 2307 2308
f 2311 2309 2310
f 2309 2312 2310
f 2310 2312 2313
f 2309 2314 2312
f 2312 2314 2315
f 2315 2314 2316
f 2316 2314 2317
f 2314 2318 2317
f 2318 2319 2317
f 2317 2319 2320
f 2314 2309 2318
f 2318 2321 2319
f 2321 2322 2319
f 2322 2323 2319
f 2323 2324 2319
f 2324 2325 2319
f 2319 2325 2320
f 2325 2326 2320
f 2327 2323 2324
f 2330 2329 2328
f 2328 2329 2331
f 2331 2329 2332
f 2329 2333 2332
f 2332 2333 2334
f 2333 2335 2334
f 2334 2335 2336
f 2331 2337 2332
f 2337 2338 2332
f 2332 2338 2334
f 2338 2339 2334
f 2334 2339 2336
f 2339 2340 2336
f 2336 2340 2341
f 2341 2340 2342
f 2340 2343 2342
f 2342 2343 2344
f 2337 2345 2338
f 2345 2346 2338
f 2338 2346 2339
f 2339 2346 2340
f 2346 2347 2340
f 2340 2347 2343
f 2347 2348 2343
f 2343 2348 2344
f 2344 2348 2349
f 2348 2350 2349
f 2349 2350 2351
f 2337 2352 2345
f 2352 2353 2345
f 2353 2354 2345
f 2345 2354 2346
f 2346 2354 2347
f 2354 2355 2347
f 2355 2356 2347
f 2347 2356 2348
f 2348 2356 2350
f 2356 2357 2350
f 2357 2358 2350
f 2350 2358 2351
f 2358 2359 2351
f 2352 2353 2360
f 2360 2353 2361
f 2361 2353 2362
f 2362 2353 2363
f 2363 2353 2355
f 2353 2354 2355
f 2352 2360 2364
f 2364 2360 2365
f 2365 2360 2366
f 2360 2361 2366
f 2366 2361 2367
f 2361 2362 2367
f 2367 2362 2368
f 2362 2363 2368
f 2368 2363 2369
f 2369 2363 2370
f 2363 2355 2370
f 2370 2355 2371
f 2355 2356 2371
f 2366 2367 2372
f 2372 2367 2373
f 2373 2367 2374
f 2367 2368 2374
f 2374 2368 2375
f 2375 2368 2376
f 2376 2368 2377
f 2368 2369 2377
f 2377 2369 2378
f 2369 2370 2378
f 2378 2370 2379
f 2370 2371 2379
f 2373 2374 2380
f 2374 2375 2380
f 2380 2375 2381
f 2381 2375 2382
f 2375 2376 2382
f 2382 2376 2383
f 2376 2377 2383
f 2383 2377 2384
f 2384 2377 2385
f 2377 2378 2385
f 2385 2378 2386
f 2378 2379 2386
f 2386 2379 2387
f 2379 2371 2387
f 2381 2382 2388
f 2388 2382 2389
f 2382 2383 2389
f 2371 2356 2387
f 2387 2356 2390
f 2356 2357 2390
f 2390 2357 2391
f 2391 2357 2359
f 2357 2358 2359
f 2387 2390 2392
f 2392 2390 2393
f 2390 2391 2393
f 2392 2394 2387
f 2387 2394 2386
f 2394 2395 2386
f 2395 2396 2386
f 2386 2396 2385
f 2396 2384 2385
f 2359 2397 2391
f 2400 2399 2398
f 2398 2399 2401
f 2401 2399 2402
f 2399 2403 2402
f 2402 2403 2404
f 2403 2405 2404
f 2398 2401 2406
f 2406 2401 2407
f 2401 2402 2407
f 2407 2402 2408
f 2402 2404 2408
f 2408 2404 2409
f 2409 2404 2410
f 2404 2405 2410
f 2410 2405 2411
f 2405 2412 2411
f 2411 2412 2413
f 2412 2414 2413
f 2407 2408 2415
f 2415 2408 2416
f 2408 2409 2416
f 2416 2409 2417
f 2417 2409 2418
f 2409 2410 2418
f 2418 2410 2419
f 2419 2410 2420
f 2420 2410 2421
f 2410 2411 2421
f 2421 2411 2413
f 2415 2422 2416
f 2422 2423 2416
f 2416 2423 2417
f 2423 2424 2417
f 2424 2425 2417
f 2417 2425 2418
f 2418 2425 2419
f 2425 2426 2419
f 2419 2426 2420
f 2426 2427 2420
f 2420 2427 2421
f 2423 2422 2428
f 2427 2429 2421
f 2429 2430 2421
f 2421 2430 2413
f 2430 2431 2413
f 2413 2431 2414
f 2414 2431 2432
f 2431 2433 2432
f 2431 2434 2430
f 2435 2437 2436
f 2436 2437 2438
f 2438 2437 2439
f 2439 2437 2440
f 2440 2437 2441
f 2437 2442 2441
f 2441 2442 2443
f 2436 2444 2438
f 2444 2445 2438
f 2438 2445 2439
f 2445 2446 2439
f 2446 2447 2439
f 2439 2447 2440
f 2447 2448 2440
f 2448 2449 2440
f 2440 2449 2441
f 2441 2449 2443
f 2449 2450 2443
f 2446 2444 2445
f 2449 2450 2448
f 2450 2451 2448
f 2448 2451 2452
f 2451 2453 2452
f 2453 2454 2452
f 2452 2454 2455
f 2454 2456 2455
f 2456 2457 2455
f 2455 2457 2458
f 2448 2459 2452
f 2459 2460 2452
f 2460 2458 2452
f 2452 2458 2455
f 2448 2447 2459
f 2459 2447 2461
f 2447 2462 2461
f 2463 2465 2464
f 2464 2465 2466
f 2465 2467 2466
f 2466 2467 2468
f 2467 2469 2468
f 2471 2470 2472
f 2472 2470 2473
f 2473 2470 2474
f 2470 2475 2474
f 2475 2476 2474
f 2474 2476 2477
f 2476 2478 2477
f 2477 2478 2479
f 2478 2480 2479
f 2473 2474 2481
f 2481 2474 2482
f 2474 2477 2482
f 2477 2479 2482
f 2482 2479 2483
f 2479 2480 2483
f 2481 2482 2484
f 2484 2482 2485
f 2482 2483 2485
f 2484 2485 2486
f 2485 2487 2486
f 2487 2488 2486
f 2486 2488 2489
f 2488 2490 2489
f 2490 2491 2489
f 2489 2491 2492
f 2495 2493 2494
f 2493 2496 2494
f 2494 2496 2497
f 2497 2496 2498
f 2498 2496 2499
f 2499 2496 2500
f 2496 2493 2500
f 2501 2503 2502
f 2503 2504 2502
f 2502 2504 2505
f 2508 2506 2507
f 2507 2506 2509
f 2509 2506 2510
f 2506 2511 2510
f 2510 2511 2512
f 2511 2513 2512
f 2512 2513 2514
f 2514 2513 2515
f 2513 2516 2515
f 2515 2516 2517
f 2506 2518 2511
f 2511 2518 2513
f 2513 2518 2516
f 2516 2518 2519
f 2518 2506 2519
f 2520 2522 2521
f 2521 2522 2523
f 2523 2522 2524
f 2524 2522 2525
f 2525 2522 2526
f 2522 2527 2526
f 2527 2528 2526
f 2526 2528 2529
f 2529 2528 2530
f 2528 2531 2530
f 2524 2525 2532
f 2532 2525 2529
f 2525 2526 2529
f 2532 2529 2533
f 2533 2529 2530
f 2536 2534 2535
f 2534 2537 2535
f 2537 2538 2535
f 2538 2539 2535
f 2539 2540 2535
f 2535 2540 2541
f 2538 2537 2542
f 2537 2543 2542
f 2538 2539 2544
f 2544 2539 2545
f 2546 2547 2548
f 2547 2549 2548
f 2550 2552 2551
f 2552 2553 2551
f 2551 2553 2554
f 2554 2553 2555
f 2553 2556 2555
f 2551 2554 2557
f 2554 2558 2557
f 2557 2558 2559
f 2557 2551 2560
f 2551 2561 2560
f 2562 2564 2563
f 2563 2564 2565
f 2566 2567 2568
f 2567 2569 2568
f 2571 2570 2572
f 2572 2570 2573
f 2570 2574 2573
f 2577 2576 2575
f 2575 2576 2578
f 2578 2576 2579
f 2576 2580 2579
f 2579 2580 2581
f 2580 2582 2581
f 2582 2583 2581
f 2581 2583 2584
f 2584 2583 2585
f 2583 2586 2585
f 2587 2589 2588
f 2588 2589 2590
f 2591 2592 2593
f 2592 2594 2593
f 2593 2594 2595
f 2594 2596 2595
f 2596 2597 2595
f 2595 2597 2598
f 2597 2599 2598
f 2598 2599 2600
f 2592 2601 2594
f 2594 2601 2596
f 2601 2602 2596
f 2596 2602 2597
f 2602 2603 2597
f 2603 2604 2597
f 2597 2604 2599
f 2604 2605 2599
f 2605 2606 2599
f 2599 2606 2600
f 2606 2607 2600
f 2592 2601 2608
f 2608 2601 2609
f 2601 2602 2609
f 2609 2602 2610
f 2602 2603 2610
f 2610 2603 2611
f 2603 2604 2611
f 2611 2604 2612
f 2612 2604 2613
f 2604 2605 2613
f 2614 2592 2608
f 2615 2609 2610
f 2609 2616 2608
f 2618 2613 2617
f 2613 2605 2617
f 2617 2605 2619
f 2605 2606 2619
f 2619 2606 2620
f 2606 2607 2620
f 2607 2621 2620
f 2620 2621 2622
f 2621 2623 2622
f 2617 2619 2624
f 2624 2619 2622
f 2619 2620 2622
f 2625 2617 2624
f 2622 2626 2624
f 2628 2627 2629
f 2629 2627 2630
f 2627 2631 2630
f 2632 2634 2633
f 2633 2634 2635
f 2638 2636 2637
f 2637 2636 2639
f 2636 2640 2639
f 2643 2642 2641
f 2642 2644 2641
f 2644 2645 2641
f 2641 2645 2646
f 2645 2647 2646
f 2646 2647 2648
f 2648 2647 2649
f 2647 2650 2649
f 2650 2651 2649
f 2649 2651 2652
f 2653 2654 2655
f 2654 2656 2655
f 2657 2659 2658
f 2658 2659 2660
f 2660 2659 2661
f 2661 2659 2662
f 2659 2663 2662
f 2658 2660 2664
f 2664 2660 2665
f 2660 2661 2665
f 2665 2661 2666
f 2666 2661 2667
f 2661 2662 2667
f 2667 2662 2668
f 2664 2669 2665
f 2665 2669 2666
f 2669 2670 2666
f 2670 2671 2666
f 2666 2671 2667
f 2671 2672 2667
f 2664 2669 2673
f 2673 2669 2674
f 2674 2669 2675
f 2669 2670 2675
f 2675 2670 2676
f 2670 2671 2676
f 2673 2674 2677
f 2677 2674 2678
f 2678 2674 2679
f 2674 2675 2679
f 2679 2675 2680
f 2680 2675 2681
f 2675 2676 2681
f 2677 2678 2682
f 2682 2678 2683
f 2683 2678 2684
f 2678 2679 2684
f 2684 2679 2685
f 2679 2680 2685
f 2685 2680 2686
f 2682 2687 2683
f 2687 2688 2683
f 2683 2688 2684
f 2688 2689 2684
f 2684 2689 2685
f 2689 2690 2685
f 2691 2687 2688
f 2689 2692 2688
f 2695 2694 2693
f 2694 2696 2693
f 2693 2696 2697
f 2700 2698 2699
f 2698 2701 2699
f 2701 2702 2699
f 2702 2703 2699
f 2699 2703 2704
f 2701 2705 2702
f 2705 2706 2702
f 2706 2707 2702
f 2702 2707 2703
f 2701 2708 2705
f 2708 2709 2705
f 2709 2710 2705
f 2705 2710 2706
f 2710 2711 2706
f 2711 2712 2706
f 2706 2712 2707
f 2707 2712 2713
f 2712 2714 2713
f 2708 2715 2701
f 2710 2711 2709
f 2709 2711 2716
f 2716 2711 2717
f 2717 2711 2718
f 2718 2711 2719
f 2711 2712 2719
f 2712 2714 2719
f 2719 2714 2720
f 2714 2721 2720
f 2720 2721 2722
f 2721 2723 2722
f 2717 2718 2724
f 2718 2719 2724
f 2719 2720 2724
f 2724 2720 2725
f 2720 2722 2725
f 2717 2724 2726
f 2724 2725 2726
f 2726 2725 2727
f 2730 2728 2729
f 2728 2731 2729
f 2731 2732 2729
f 2732 2733 2729
f 2729 2733 2734
f 2728 2735 2731
f 2735 2736 2731
f 2736 2737 2731
f 2731 2737 2732
f 2737 2738 2732
f 2732 2738 2739
f 2735 2740 2736
f 2740 2741 2736
f 2736 2741 2737
f 2737 2741 2738
f 2738 2741 2742
f 2741 2743 2742
f 2742 2743 2744
f 2743 2745 2744
f 2735 2740 2746
f 2746 2740 2747
f 2747 2740 2748
f 2748 2740 2743
f 2740 2741 2743
f 2747 2748 2749
f 2749 2748 2750
f 2748 2743 2750
f 2743 2745 2750
f 2750 2745 2751
f 2745 2752 2751
f 2751 2752 2753
f 2752 2754 2753
f 2747 2749 2755
f 2755 2749 2756
f 2756 2749 2753
f 2753 2749 2751
f 2749 2750 2751
f 2757 2755 2756
f 2758 2760 2759
f 2760 2761 2759
f 2759 2761 2762
f 2762 2761 2763
f 2761 2764 2763
f 2759 2762 2765
f 2765 2762 2766
f 2762 2763 2766
f 2766 2763 2767
f 2765 2759 2768
f 2759 2769 2768
f 2765 2766 2770
f 2770 2766 2771
f 2772 2773 2774
f 2774 2773 2775
f 2773 2776 2775
f 2776 2777 2775
f 2775 2777 2778
f 2777 2779 2778
f 2773 2776 2780
f 2780 2776 2781
f 2777 2776 2782
f 2776 2783 2782
f 2784 2786 2785
f 2786 2787 2785
f 2785 2787 2788
f 2788 2787 2789
f 2789 2787 2790
f 2787 2791 2790
f 2785 2788 2792
f 2792 2788 2793
f 2793 2788 2794
f 2788 2789 2794
f 2794 2789 2795
f 2795 2789 2796
f 2789 2790 2796
f 2797 2785 2792
f 2798 2800 2799
f 2799 2800 2801
f 2800 2802 2801
f 2801 2802 2803
f 2803 2802 2804
f 2802 2805 2804
f 2805 2793 2804
f 2804 2793 2794
f 2799 2806 2801
f 2806 2807 2801
f 2801 2807 2803
f 2807 2808 2803
f 2808 2809 2803
f 2803 2809 2804
f 2804 2809 2794
f 2794 2809 2795
f 2795 2809 2796
f 2796 2809 2810
f 2809 2811 2810
f 2806 2807 2812
f 2812 2807 2811
f 2807 2808 2811
f 2811 2808 2809
f 2813 2812 2806
f 2816 2814 2815
f 2814 2817 2815
f 2815 2817 2818
f 2817 2819 2818
f 2819 2820 2818
f 2818 2820 2821
f 2820 2822 2821
f 2814 2817 2823
f 2823 2817 2824
f 2817 2819 2824
f 2824 2819 2825
f 2819 2820 2825
f 2825 2820 2826
f 2826 2820 2827
f 2820 2822 2827
f 2827 2822 2828
f 2822 2829 2828
f 2823 2830 2814
f 2814 2830 2831
f 2833 2832 2823
f 2823 2832 2824
f 2824 2832 2825
f 2832 2834 2825
f 2825 2834 2826
f 2834 2835 2826
f 2835 2836 2826
f 2836 2837 2826
f 2826 2837 2827
f 2827 2837 2828
f 2837 2838 2828
f 2838 2839 2828
f 2839 2840 2828
f 2828 2840 2829
f 2837 2836 2838
f 2836 2841 2838
f 2838 2841 2839
f 2841 2842 2839
f 2843 2840 2829
f 2844 2846 2845
f 2845 2846 2847
f 2847 2846 2848
f 2848 2846 2849
f 2849 2846 2850
f 2846 2851 2850
f 2847 2848 2852
f 2852 2848 2853
f 2848 2849 2853
f 2849 2854 2853
f 2853 2854 2855
f 2856 2852 2847
f 2857 2853 2852
f 2858 2859 2860
f 2859 2861 2860
f 2861 2862 2860
f 2860 2862 2863
f 2862 2864 2863
f 2861 2862 2865
f 2865 2862 2866
f 2862 2867 2866
f 2861 2865 2868
f 2868 2865 2869
f 2872 2870 2871
f 2871 2870 2873
f 2870 2874 2873
f 2874 2875 2873
f 2875 2876 2873
f 2876 2877 2873
f 2873 2877 2878
f 2870 2879 2874
f 2879 2880 2874
f 2880 2881 2874
f 2874 2881 2875
f 2881 2882 2875
f 2882 2883 2875
f 2875 2883 2876
f 2876 2883 2884
f 2883 2885 2884
f 2870 2879 2886
f 2886 2879 2887
f 2888 2882 2881
f 2889 2880 2879
f 2890 2891 2882
f 2891 2892 2882
f 2882 2892 2883
f 2883 2892 2893
f 2892 2891 2893
f 2896 2895 2894
f 2894 2895 2897
f 2897 2895 2898
f 2898 2895 2899
f 2895 2900 2899
f 2899 2900 2901
f 2897 2902 2898
f 2902 2903 2898
f 2903 2904 2898
f 2898 2904 2899
f 2904 2905 2899
f 2897 2902 2906
f 2906 2902 2907
f 2907 2902 2908
f 2902 2903 2908
f 2908 2903 2909
f 2906 2897 2910
f 2897 2911 2910
f 2906 2907 2912
f 2912 2907 2913
f 2914 2908 2915
f 2908 2916 2915
f 2915 2916 2917
f 2917 2916 2907
f 2916 2908 2907
f 2920 2919 2918
f 2919 2921 2918
f 2918 2921 2922
f 2922 2921 2923
f 2923 2921 2924
f 2921 2925 2924
f 2922 2926 2918
f 2918 2926 2927
f 2922 2928 2923
f 2928 2929 2923
f 2932 2931 2930
f 2930 2931 2933
f 2933 2931 2934
f 2934 2931 2935
f 2931 2936 2935
f 2933 2934 2937
f 2934 2938 2937
f 2937 2938 2939
f 2937 2933 2940
f 2933 2941 2940
f 2942 2944 2943
f 2944 2945 2943
f 2943 2945 2946
f 2945 2947 2946
f 2950 2949 2948
f 2948 2949 2951
f 2949 2952 2951
f 2951 2952 2953
f 2956 2954 2955
f 2954 2957 2955
f 2957 2958 2955
f 2958 2959 2955
f 2955 2959 2960
f 2959 2961 2960
f 2962 2964 2963
f 2963 2964 2965
f 2964 2966 2965
f 2965 2966 2967
f 2970 2968 2969
f 2969 2968 2971
f 2968 2972 2971
f 2971 2972 2973
f 2976 2974 2975
f 2975 2974 2977
f 2977 2974 2978
f 2978 2974 2979
f 2974 2980 2979
f 2979 2980 2981
f 2982 2983 2984
f 2983 2985 2984
f 2985 2986 2984
f 2986 2987 2984
f 2987 2988 2984
f 2984 2988 2982
f 2982 2988 2989
f 2988 2990 2989
f 2989 2990 2991
f 2985 2992 2986
f 2992 2993 2986
f 2986 2993 2987
f 2993 2994 2987
f 2994 2995 2987
f 2987 2995 2988
f 2988 2995 2990
f 2995 2996 2990
f 2990 2996 2991
f 2991 2996 2997
f 2997 2996 2998
f 2996 2999 2998
f 2992 2993 3000
f 3000 2993 3001
f 2993 2994 3001
f 3001 2994 3002
f 3002 2994 3003
f 2994 2995 3003
f 3003 2995 2999
f 2995 2996 2999
f 3001 3002 3004
f 3004 3002 3005
f 3005 3002 3006
f 3006 3002 3007
f 3002 3003 3007
f 3007 3003 3008
f 3003 2999 3008
f 3006 3007 3009
f 3009 3007 3008
f 3012 3010 3011
f 3010 3013 3011
f 3013 3014 3011
f 3014 3015 3011
f 3015 3016 3011
f 3011 3016 3012
f 3010 3017 3013
f 3017 3018 3013
f 3018 3019 3013
f 3013 3019 3014
f 3019 3020 3014
f 3020 3021 3014
f 3014 3021 3015
f 3021 3022 3015
f 3015 3022 3016
f 3017 3023 3018
f 3023 3024 3018
f 3018 3024 3019
f 3024 3025 3019
f 3025 3026 3019
f 3019 3026 3020
f 3026 3027 3020
f 3027 3028 3020
f 3020 3028 3021
f 3028 3029 3021
f 3021 3029 3022
f 3023 3030 3024
f 3030 3031 3024
f 3024 3031 3025
f 3028 3027 3032
f 3032 3027 3033
f 3033 3027 3034
f 3027 3035 3034
f 3034 3035 3036
f 3036 3035 3037
f 3035 3026 3037
f 3037 3026 3025
f 3027 3026 3035
f 3040 3038 3039
f 3039 3038 3041
f 3041 3038 3042
f 3042 3038 3043
f 3043 3038 3044
f 3044 3038 3045
f 3038 3046 3045
f 3040 3038 3047
f 3047 3038 3048
f 3048 3038 3049
f 3049 3038 3050
f 3038 3046 3050
f 3053 3052 3051
f 3051 3052 3054
f 3054 3052 3055
f 3052 3056 3055
f 3055 3056 3057
f 3057 3056 3058
f 3056 3059 3058
f 3053 3051 3060
f 3060 3051 3061
f 3061 3051 3062
f 3062 3051 3063
f 3051 3054 3063
f 3054 3055 3063
f 3063 3055 3064
f 3055 3057 3064
f 3060 3061 3065
f 3065 3061 3066
f 3061 3062 3066
f 3060 3065 3067
f 3067 3065 3068
f 3068 3065 3069
f 3065 3066 3069
f 3066 3070 3069
f 3069 3070 3071
f 3070 3072 3071
f 3069 3071 3068
f 3068 3071 3073
f 3073 3071 3074
f 3074 3071 3075
f 3071 3072 3075
f 3075 3072 3076
f 3076 3072 3077
f 3077 3072 3078
f 3072 3079 3078
f 3075 3076 3074
f 3074 3076 3080
f 3080 3076 3081
f 3076 3077 3081
f 3081 3077 3082
f 3082 3077 3083
f 3077 3078 3083
f 3083 3078 3084
f 3084 3078 3085
f 3078 3079 3085
f 3085 3079 3086
f 3079 3087 3086
f 3080 3081 3084
f 3084 3081 3088
f 3081 3082 3088
f 3088 3082 3089
f 3082 3083 3089
f 3083 3084 3089
f 3089 3084 3088
f 3080 3090 3084
f 3084 3090 3085
f 3090 3091 3085
f 3085 3091 3086
f 3091 3092 3086
f 3092 3093 3086
f 3093 3094 3086
f 3086 3094 3087
f 3094 3095 3087
f 3095 3096 3087
f 3096 3097 3087
f 3087 3097 3098
f 3092 3099 3093
f 3099 3100 3093
f 3100 3101 3093
f 3093 3101 3094
f 3101 3102 3094
f 3094 3102 3095
f 3102 3103 3095
f 3103 3104 3095
f 3095 3104 3096
f 3099 3105 3100
f 3105 3106 3100
f 3106 3107 3100
f 3100 3107 3101
f 3101 3107 3102
f 3102 3107 3103
f 3107 3106 3103
f 3103 3106 3104
f 3104 3106 3096
f 3106 3105 3096
f 3096 3105 3097
f 3105 3108 3097
f 3108 3109 3097
f 3109 3110 3097
f 3097 3110 3098
f 3105 3099 3108
f 3110 3111 3098
f 3098 3111 3112
f 3111 3113 3112
f 3113 3114 3112
f 3114 3115 3112
f 3115 3116 3112
f 3112 3116 3117
f 3110 3109 3111
f 3109 3118 3111
f 3118 3119 3111
f 3111 3119 3113
f 3119 3120 3113
f 3120 3121 3113
f 3113 3121 3114
f 3121 3122 3114
f 3122 3123 3114
f 3114 3123 3115
f 3118 3124 3119
f 3124 3125 3119
f 3119 3125 3120
f 3125 3126 3120
f 3126 3122 3120
f 3120 3122 3121
f 3124 3127 3125
f 3127 3128 3125
f 3125 3128 3126
f 3128 3123 3126
f 3126 3123 3122
f 3124 3129 3127
f 3129 3116 3127
f 3116 3115 3127
f 3127 3115 3128
f 3115 3123 3128
f 3129 3116 3130
f 3130 3116 3131
f 3116 3117 3131
f 3131 3117 3132
f 3117 3063 3132
f 3132 3063 3064
f 3130 3059 3131
f 3059 3058 3131
f 3131 3058 3132
f 3058 3133 3132
f 3132 3133 3064
f 3133 3134 3064
f 3064 3134 3057
f 3134 3135 3057
f 3057 3135 3058
f 3135 3136 3058
f 3058 3136 3133
f 3133 3136 3134
f 3136 3135 3134
f 3139 3138 3137
f 3137 3138 3140
f 3138 3141 3140
f 3140 3141 3142
f 3141 3143 3142
f 3142 3143 3144
f 3143 3145 3144
f 3139 3137 3146
f 3146 3137 3147
f 3147 3137 3148
f 3148 3137 3149
f 3149 3137 3150
f 3137 3140 3150
f 3150 3140 3151
f 3140 3142 3151
f 3146 3147 3152
f 3147 3148 3152
f 3148 3153 3152
f 3152 3153 3154
f 3153 3155 3154
f 3155 3156 3154
f 3154 3156 3157
f 3146 3157 3152
f 3157 3154 3152
f 3151 3142 3158
f 3158 3142 3159
f 3142 3144 3159
f 3159 3144 3160
f 3160 3144 3161
f 3161 3144 3162
f 3144 3145 3162
f 3162 3145 3163
f 3159 3158 3160
f 3158 3164 3160
f 3164 3165 3160
f 3165 3166 3160
f 3160 3166 3161
f 3166 3167 3161
f 3167 3168 3161
f 3168 3169 3161
f 3161 3169 3162
f 3164 3170 3165
f 3170 3171 3165
f 3171 3172 3165
f 3172 3173 3165
f 3173 3174 3165
f 3165 3174 3166
f 3166 3174 3167
f 3174 3175 3167
f 3175 3176 3167
f 3167 3176 3168
f 3170 3177 3171
f 3177 3178 3171
f 3171 3178 3172
f 3178 3179 3172
f 3179 3180 3172
f 3172 3180 3173
f 3180 3181 3173
f 3181 3182 3173
f 3173 3182 3174
f 3182 3183 3174
f 3174 3183 3175
f 3183 3176 3175
f 3177 3178 3184
f 3178 3179 3184
f 3184 3179 3185
f 3185 3179 3186
f 3179 3180 3186
f 3186 3180 3187
f 3187 3180 3188
f 3180 3181 3188
f 3177 3184 3189
f 3189 3184 3190
f 3184 3185 3190
f 3190 3185 3191
f 3191 3185 3192
f 3185 3186 3192
f 3192 3186 3193
f 3186 3187 3193
f 3193 3187 3194
f 3194 3187 3195
f 3187 3188 3195
f 3189 3190 3196
f 3196 3190 3197
f 3197 3190 3198
f 3190 3191 3198
f 3191 3192 3198
f 3198 3192 3199
f 3199 3192 3200
f 3192 3193 3200
f 3200 3193 3201
f 3193 3194 3201
f 3196 3197 3202
f 3202 3197 3203
f 3203 3197 3204
f 3204 3197 3205
f 3205 3197 3206
f 3197 3198 3206
f 3206 3198 3207
f 3198 3199 3207
f 3207 3199 3208
f 3208 3199 3209
f 3199 3200 3209
f 3203 3204 3210
f 3204 3205 3210
f 3210 3205 3211
f 3211 3205 3212
f 3212 3205 3213
f 3205 3206 3213
f 3213 3206 3214
f 3206 3207 3214
f 3214 3207 3215
f 3215 3207 3216
f 3216 3207 3217
f 3207 3208 3217
f 3217 3208 3218
f 3218 3208 3219
f 3219 3208 3220
f 3208 3209 3220
f 3214 3215 3221
f 3221 3215 3222
f 3215 3216 3222
f 3222 3216 3223
f 3223 3216 3224
f 3216 3217 3224
f 3217 3218 3224
f 3224 3218 3225
f 3225 3218 3226
f 3218 3219 3226
f 3226 3219 3227
f 3219 3220 3227
f 3221 3222 3228
f 3228 3222 3229
f 3222 3223 3229
f 3223 3224 3229
f 3224 3225 3229
f 3225 3226 3229
f 3229 3226 3230
f 3226 3227 3230
f 3230 3227 3231
f 3231 3227 3232
f 3227 3220 3232
f 3232 3220 3233
f 3233 3220 3234
f 3220 3209 3234
f 3230 3231 3229
f 3229 3231 3235
f 3235 3231 3236
f 3231 3232 3236
f 3236 3232 3233
f 3233 3237 3234
f 3237 3238 3234
f 3238 3239 3234
f 3239 3240 3234
f 3234 3240 3209
f 3240 3241 3209
f 3209 3241 3200
f 3241 3201 3200
f 3237 3238 3242
f 3242 3238 3243
f 3243 3238 3244
f 3238 3239 3244
f 3244 3239 3245
f 3245 3239 3246
f 3239 3240 3246
f 3246 3240 3247
f 3247 3240 3248
f 3240 3241 3248
f 3248 3241 3249
f 3241 3201 3249
f 3201 3194 3249
f 3249 3194 3250
f 3194 3195 3250
f 3245 3246 3251
f 3251 3246 3252
f 3246 3247 3252
f 3252 3247 3253
f 3253 3247 3254
f 3247 3248 3254
f 3248 3249 3254
f 3249 3250 3254
f 3250 3195 3254
f 3254 3195 3253
f 3195 3188 3253
f 3245 3251 3255
f 3255 3251 3256
f 3256 3251 3257
f 3251 3252 3257
f 3257 3252 3258
f 3252 3253 3258
f 3258 3253 3259
f 3253 3188 3259
f 3259 3188 3260
f 3188 3181 3260
f 3255 3256 3261
f 3261 3256 3262
f 3256 3257 3262
f 3262 3257 3263
f 3263 3257 3264
f 3264 3257 3265
f 3257 3258 3265
f 3265 3258 3266
f 3266 3258 3260
f 3258 3259 3260
f 3261 3262 3267
f 3267 3262 3263
f 3266 3268 3260
f 3268 3269 3260
f 3269 3270 3260
f 3260 3270 3181
f 3270 3271 3181
f 3181 3271 3182
f 3271 3272 3182
f 3182 3272 3183
f 3266 3273 3268
f 3273 3274 3268
f 3274 3275 3268
f 3268 3275 3269
f 3275 3276 3269
f 3276 3277 3269
f 3277 3278 3269
f 3269 3278 3270
f 3266 3279 3273
f 3279 3280 3273
f 3280 3281 3273
f 3273 3281 3274
f 3281 3282 3274
f 3282 3283 3274
f 3283 3284 3274
f 3274 3284 3275
f 3266 3265 3279
f 3265 3285 3279
f 3285 3286 3279
f 3279 3286 3280
f 3286 3287 3280
f 3287 3288 3280
f 3280 3288 3281
f 3265 3264 3285
f 3264 3289 3285
f 3289 3287 3285
f 3285 3287 3286
f 3282 3290 3283
f 3290 3291 3283
f 3283 3291 3284
f 3291 3292 3284
f 3292 3163 3284
f 3284 3163 3275
f 3163 3162 3275
f 3275 3162 3276
f 3290 3293 3291
f 3293 3292 3291
f 3162 3276 3169
f 3169 3276 3168
f 3276 3277 3168
f 3168 3277 3176
f 3277 3278 3176
f 3176 3278 3272
f 3278 3270 3272
f 3272 3270 3271
f 3183 3272 3176
f 3296 3294 3295
f 3294 3297 3295
f 3297 3298 3295
f 3298 3299 3295
f 3299 3300 3295
f 3300 3301 3295
f 3301 3302 3295
f 3295 3302 3296
f 3294 3303 3297
f 3303 3304 3297
f 3304 3305 3297
f 3297 3305 3298
f 3303 3306 3304
f 3306 3307 3304
f 3307 3308 3304
f 3308 3309 3304
f 3304 3309 3305
f 3306 3310 3307
f 3310 3311 3307
f 3311 3312 3307
f 3312 3313 3307
f 3307 3313 3308
f 3308 3313 3309
f 3309 3313 3314
f 3313 3315 3314
f 3314 3315 3316
f 3310 3317 3311
f 3317 3318 3311
f 3318 3319 3311
f 3319 3320 3311
f 3311 3320 3312
f 3320 3321 3312
f 3321 3322 3312
f 3322 3323 3312
f 3312 3323 3313
f 3323 3315 3313
f 3317 3318 3324
f 3324 3318 3325
f 3325 3318 3326
f 3326 3318 3327
f 3318 3319 3327
f 3327 3319 3328
f 3328 3319 3321
f 3319 3320 3321
f 3317 3324 3329
f 3329 3324 3330
f 3330 3324 3331
f 3324 3325 3331
f 3331 3325 3332
f 3332 3325 3333
f 3333 3325 3334
f 3325 3326 3334
f 3329 3330 3335
f 3335 3330 3336
f 3330 3331 3336
f 3336 3331 3332
f 3326 3334 3337
f 3334 3338 3337
f 3338 3339 3337
f 3339 3340 3337
f 3340 3341 3337
f 3337 3341 3326
f 3341 3327 3326
f 3334 3338 3342
f 3342 3338 3343
f 3343 3338 3344
f 3338 3339 3344
f 3344 3339 3345
f 3345 3339 3346
f 3339 3340 3346
f 3334 3342 3333
f 3333 3342 3347
f 3347 3342 3348
f 3342 3343 3348
f 3343 3344 3348
f 3348 3344 3349
f 3344 3345 3349
f 3345 3346 3350
f 3350 3346 3351
f 3351 3346 3352
f 3352 3346 3353
f 3353 3346 3354
f 3346 3340 3354
f 3350 3351 3355
f 3355 3351 3356
f 3351 3352 3356
f 3356 3352 3357
f 3352 3353 3357
f 3357 3353 3358
f 3358 3353 3359
f 3353 3354 3359
f 3359 3354 3360
f 3360 3354 3361
f 3354 3340 3361
f 3361 3340 3362
f 3340 3341 3362
f 3358 3359 3363
f 3363 3359 3364
f 3359 3360 3364
f 3364 3360 3365
f 3365 3360 3366
f 3360 3361 3366
f 3366 3361 3367
f 3367 3361 3368
f 3361 3362 3368
f 3368 3362 3341
f 3358 3369 3363
f 3369 3370 3363
f 3370 3371 3363
f 3363 3371 3364
f 3371 3372 3364
f 3372 3373 3364
f 3364 3373 3365
f 3373 3374 3365
f 3365 3374 3366
f 3374 3375 3366
f 3366 3375 3367
f 3369 3376 3370
f 3376 3377 3370
f 3377 3378 3370
f 3370 3378 3371
f 3378 3379 3371
f 3379 3380 3371
f 3371 3380 3372
f 3380 3381 3372
f 3381 3382 3372
f 3382 3383 3372
f 3372 3383 3373
f 3383 3384 3373
f 3373 3384 3374
f 3384 3385 3374
f 3374 3385 3375
f 3385 3367 3375
f 3379 3380 3386
f 3386 3380 3387
f 3387 3380 3388
f 3380 3381 3388
f 3388 3381 3389
f 3389 3381 3390
f 3390 3381 3391
f 3381 3382 3391
f 3379 3386 3392
f 3392 3386 3393
f 3386 3387 3393
f 3393 3387 3394
f 3394 3387 3395
f 3387 3388 3395
f 3388 3389 3395
f 3395 3389 3396
f 3396 3389 3397
f 3389 3390 3397
f 3397 3390 3398
f 3390 3391 3398
f 3392 3393 3399
f 3399 3393 3400
f 3393 3394 3400
f 3394 3395 3400
f 3395 3396 3400
f 3396 3397 3400
f 3400 3397 3401
f 3397 3398 3401
f 3401 3398 3402
f 3402 3398 3403
f 3398 3391 3403
f 3401 3402 3400
f 3400 3402 3404
f 3404 3402 3405
f 3402 3403 3405
f 3405 3403 3406
f 3403 3391 3406
f 3406 3391 3407
f 3407 3391 3408
f 3391 3382 3408
f 3408 3382 3409
f 3382 3383 3409
f 3409 3383 3410
f 3383 3384 3410
f 3406 3407 3411
f 3411 3407 3412
f 3412 3407 3413
f 3407 3408 3413
f 3413 3408 3414
f 3414 3408 3415
f 3408 3409 3415
f 3415 3409 3416
f 3416 3409 3417
f 3409 3410 3417
f 3411 3412 3418
f 3418 3412 3419
f 3419 3412 3420
f 3420 3412 3421
f 3412 3413 3421
f 3421 3413 3422
f 3422 3413 3423
f 3423 3413 3424
f 3413 3414 3424
f 3422 3420 3421
f 3424 3414 3425
f 3425 3414 3426
f 3426 3414 3416
f 3414 3415 3416
f 3425 3426 3427
f 3427 3426 3428
f 3428 3426 3429
f 3426 3416 3429
f 3416 3417 3429
f 3429 3417 3430
f 3430 3417 3431
f 3417 3410 3431
f 3427 3428 3432
f 3432 3428 3433
f 3428 3429 3433
f 3429 3430 3433
f 3433 3430 3434
f 3434 3430 3435
f 3435 3430 3368
f 3430 3431 3368
f 3427 3432 3316
f 3316 3432 3315
f 3432 3433 3315
f 3433 3434 3315
f 3315 3434 3436
f 3436 3434 3437
f 3434 3435 3437
f 3437 3435 3438
f 3438 3435 3439
f 3439 3435 3341
f 3435 3368 3341
f 3315 3436 3323
f 3323 3436 3322
f 3322 3436 3440
f 3440 3436 3441
f 3436 3437 3441
f 3441 3437 3442
f 3437 3438 3442
f 3438 3439 3442
f 3442 3439 3443
f 3443 3439 3327
f 3439 3341 3327
f 3322 3440 3444
f 3440 3441 3444
f 3441 3442 3444
f 3442 3443 3444
f 3444 3443 3328
f 3443 3327 3328
f 3322 3444 3321
f 3321 3444 3328
f 3368 3367 3431
f 3367 3385 3431
f 3431 3385 3410
f 3385 3384 3410
f 3301 3302 3445
f 3302 3446 3445
f 3445 3446 3447
f 3446 3448 3447
f 3448 3449 3447
f 3447 3449 3450
f 3301 3300 3445
f 3300 3450 3445
f 3445 3450 3447
f 3453 3451 3452
f 3451 3454 3452
f 3454 3455 3452
f 3455 3456 3452
f 3456 3457 3452
f 3457 3458 3452
f 3458 3459 3452
f 3459 3460 3452
f 3460 3461 3452
f 3461 3462 3452
f 3462 3463 3452
f 3452 3463 3453
f 3466 3464 3465
f 3464 3467 3465
f 3467 3468 3465
f 3468 3469 3465
f 3469 3470 3465
f 3465 3470 3466
f 3473 3471 3472
f 3471 3474 3472
f 3474 3475 3472
f 3475 3476 3472
f 3476 3477 3472
f 3477 3478 3472
f 3478 3479 3472
f 3479 3480 3472
f 3480 3481 3472
f 3481 3482 3472
f 3482 3483 3472
f 3472 3483 3473
f 3486 3484 3485
f 3484 3487 3485
f 3487 3488 3485
f 3488 3489 3485
f 3489 3490 3485
f 3485 3490 3486
f 3493 3491 3492
f 3492 3491 3494
f 3494 3491 3495
f 3495 3491 3496
f 3496 3491 3497
f 3497 3491 3498
f 3491 3499 3498
f 3493 3491 3500
f 3500 3491 3501
f 3501 3491 3502
f 3502 3491 3503
f 3491 3499 3503
f 3506 3505 3504
f 3504 3505 3507
f 3505 3508 3507
f 3507 3508 3509
f 3504 3506 3510
f 3510 3506 3511
f 3506 3512 3511
f 3511 3512 3513
f 3513 3512 3514
f 3512 3515 3514
f 3515 3516 3514
f 3514 3516 3517
f 3506 3518 3512
f 3512 3518 3515
f 3518 3519 3515
f 3515 3519 3516
f 3519 3520 3516
f 3520 3521 3516
f 3521 3522 3516
f 3516 3522 3517
f 3522 3523 3517
f 3506 3518 3524
f 3518 3519 3524
f 3524 3519 3525
f 3519 3520 3525
f 3525 3520 3526
f 3520 3521 3526
f 3526 3521 3527
f 3527 3521 3528
f 3521 3522 3528
f 3528 3522 3529
f 3522 3523 3529
f 3529 3523 3530
f 3530 3523 3531
f 3523 3532 3531
f 3531 3532 3533
f 3532 3534 3533
f 3527 3528 3535
f 3528 3529 3535
f 3535 3529 3509
f 3529 3530 3509
f 3509 3530 3536
f 3536 3530 3537
f 3530 3531 3537
f 3537 3531 3538
f 3538 3531 3539
f 3531 3533 3539
f 3539 3533 3540
f 3540 3533 3541
f 3533 3534 3541
f 3536 3507 3509
f 3539 3540 3538
f 3538 3540 3542
f 3542 3540 3543
f 3540 3541 3543
f 3543 3541 3544
f 3541 3534 3544
f 3544 3534 3545
f 3534 3546 3545
f 3545 3546 3547
f 3542 3548 3543
f 3548 3549 3543
f 3543 3549 3544
f 3544 3549 3545
f 3549 3550 3545
f 3550 3551 3545
f 3545 3551 3547
f 3547 3551 3552
f 3551 3553 3552
f 3552 3553 3554
f 3548 3555 3549
f 3549 3555 3550
f 3555 3556 3550
f 3550 3556 3551
f 3553 3557 3554
f 3554 3557 3558
f 3557 3537 3558
f 3558 3537 3536
f 3561 3559 3560
f 3560 3559 3562
f 3559 3563 3562
f 3562 3563 3564
f 3563 3565 3564
f 3564 3565 3566
f 3565 3567 3566
f 3566 3567 3568
f 3567 3569 3568
f 3568 3569 3570
f 3569 3571 3570
f 3570 3571 3572
f 3571 3573 3572
f 3572 3573 3574
f 3573 3561 3574
f 3574 3561 3560
f 3575 3576 3577
f 3577 3576 3578
f 3578 3576 3579
f 3576 3580 3579
f 3579 3580 3581
f 3581 3580 3582
f 3582 3580 3583
f 3580 3584 3583
f 3583 3584 3585
f 3585 3584 3586
f 3584 3575 3586
f 3586 3575 3577
f 3589 3587 3588
f 3587 3590 3588
f 3590 3591 3588
f 3591 3592 3588
f 3592 3593 3588
f 3588 3593 3594
f 3587 3589 3595
f 3589 3596 3595
f 3596 3597 3595
f 3595 3597 3598
f 3597 3599 3598
f 3599 3600 3598
f 3598 3600 3601
f 3600 3602 3601
f 3601 3602 3603
f 3602 3604 3603
f 3603 3604 3605
f 3597 3606 3599
f 3606 3607 3599
f 3607 3608 3599
f 3599 3608 3600
f 3600 3608 3609
f 3608 3610 3609
f 3610 3611 3609
f 3609 3611 3612
f 3597 3613 3606
f 3613 3614 3606
f 3614 3615 3606
f 3606 3615 3607
f 3607 3615 3616
f 3615 3617 3616
f 3616 3617 3618
f 3613 3619 3614
f 3619 3620 3614
f 3614 3620 3615
f 3615 3620 3617
f 3620 3621 3617
f 3621 3622 3617
f 3622 3623 3617
f 3617 3623 3618
f 3623 3592 3618
f 3618 3592 3624
f 3592 3591 3624
f 3619 3620 3625
f 3620 3621 3625
f 3625 3621 3626
f 3621 3622 3626
f 3626 3622 3594
f 3594 3622 3593
f 3622 3623 3593
f 3593 3623 3592
f 3607 3627 3608
f 3627 3628 3608
f 3608 3628 3610
f 3610 3628 3611
f 3628 3629 3611
f 3629 3630 3611
f 3611 3630 3612
f 3630 3631 3612
f 3627 3628 3632
f 3628 3629 3632
f 3632 3629 3633
f 3629 3630 3633
f 3633 3630 3634
f 3630 3631 3634
f 3631 3635 3634
f 3634 3635 3636
f 3635 3637 3636
f 3636 3637 3638
f 3632 3639 3633
f 3633 3639 3634
f 3634 3639 3636
f 3636 3639 3638
f 3639 3640 3638
f 3640 3605 3638
f 3638 3605 3604
f 3632 3641 3639
f 3641 3640 3639
f 3642 3644 3643
f 3644 3645 3643
f 3643 3645 3646
f 3645 3647 3646
f 3646 3647 3648
f 3647 3649 3648
f 3648 3649 3650
f 3649 3651 3650
f 3650 3651 3652
f 3651 3653 3652
f 3652 3653 3654
f 3653 3655 3654
f 3654 3655 3656
f 3655 3657 3656
f 3656 3657 3642
f 3657 3644 3642
f 3660 3659 3658
f 3658 3659 3661
f 3659 3662 3661
f 3661 3662 3663
f 3663 3662 3664
f 3664 3662 3665
f 3662 3666 3665
f 3665 3666 3667
f 3667 3666 3668
f 3666 3669 3668
f 3668 3669 3660
f 3669 3659 3660
f 3670 3672 3671
f 3672 3673 3671
f 3671 3673 3674
f 3673 3675 3674
f 3674 3675 3676
f 3675 3677 3676
f 3676 3677 3678
f 3677 3679 3678
f 3678 3679 3680
f 3679 3681 3680
f 3680 3681 3682
f 3681 3683 3682
f 3682 3683 3684
f 3683 3685 3684
f 3684 3685 3670
f 3685 3672 3670
f 3688 3687 3686
f 3687 3689 3686
f 3686 3689 3690
f 3689 3691 3690
f 3690 3691 3692
f 3691 3693 3692
f 3692 3693 3694
f 3693 3695 3694
f 3694 3695 3696
f 3695 3697 3696
f 3696 3697 3698
f 3697 3699 3698
f 3698 3699 3700
f 3699 3701 3700
f 3700 3701 3688
f 3701 3687 3688
f 3704 3703 3702
f 3702 3703 3705
f 3705 3703 3706
f 3706 3703 3707
f 3703 3704 3707
f 3704 3708 3707
f 3707 3708 3709
f 3708 3710 3709
f 3702 3705 3711
f 3711 3705 3712
f 3705 3706 3712
f 3711 3712 3713
f 3713 3712 3714
f 3712 3706 3714
f 3714 3706 3715
f 3715 3706 3716
f 3716 3706 3717
f 3717 3706 3718
f 3718 3706 3719
f 3706 3707 3719
f 3714 3715 3720
f 3720 3715 3721
f 3715 3716 3721
f 3721 3716 3722
f 3716 3717 3722
f 3717 3718 3722
f 3722 3718 3723
f 3723 3718 3724
f 3718 3719 3724
f 3723 3724 3725
f 3725 3724 3726
f 3724 3719 3726
f 3725 3726 3727
f 3727 3726 3728
f 3726 3719 3728
f 3727 3728 3729
f 3729 3728 3730
f 3728 3719 3730
f 3729 3730 3731
f 3731 3730 3732
f 3730 3719 3732
f 3732 3719 3733
f 3733 3719 3734
f 3734 3719 3735
f 3735 3719 3709
f 3719 3707 3709
f 3732 3733 3736
f 3736 3733 3737
f 3733 3734 3737
f 3737 3734 3710
f 3734 3735 3710
f 3710 3735 3709